#{"t_start": 1772539421.19792, "env_id": "highway-v0"}
r,l,t
32.885306,160,102.041932
2.177778,160,201.82795
8.799864,160,302.259259
9.507327,160,403.245967
8.404929,160,503.443227
4.355556,160,604.02082
0.989461,2,605.270964
1.466667,160,705.550597
3.511111,160,805.680517
0.0,160,905.992904
10.560555,160,1005.473999
2.955556,160,1105.134743
6.866667,160,1207.56443
8.531775,160,1316.830421
9.977778,160,1417.35098
5.333333,160,1517.06985
8.216309,160,1616.775701
13.361038,160,1717.718135
10.078081,160,1818.022689
21.335206,160,1918.80877
3.466667,160,2019.454467
0.0,160,2120.181096
11.856308,160,2219.097106
4.227117,160,2318.847438
19.949549,160,2420.187721
10.6,160,2522.028255
30.203839,160,2628.878573
3.511111,160,2728.880313
19.547359,160,2829.00067
0.0,160,2929.111485
16.679333,160,3029.106526
11.177778,160,3128.329189
7.04508,160,3228.146316
5.577778,160,3328.509969
8.844444,160,3428.404193
11.316914,160,3528.365477
25.682827,160,3626.469978
0.918432,2,3627.688119
11.955556,160,3725.062128
2.777778,160,3824.195691
0.0,160,3929.366832
0.0,160,4026.6666
11.466667,160,4124.03598
17.8,160,4221.313293
19.189707,160,4319.328832
7.997048,160,4416.554921
0.0,160,4514.790817
7.200148,160,4612.927206
4.303023,160,4710.34644
5.993983,160,4806.945135
26.201974,160,4903.783538
8.422222,160,4999.823112
13.537117,160,5095.506315
9.270175,160,5198.333353
16.511111,160,5294.050772
2.733333,160,5389.596686
12.289371,160,5484.820515
29.303478,160,5580.319434
0.711111,160,5675.602354
4.244444,160,5770.906571
15.6,160,5866.769063
13.531637,160,5962.015494
6.618463,160,6056.947464
11.355556,160,6152.31799
24.870642,160,6247.389172
31.200046,160,6349.688392
24.041565,160,6445.492856
9.04129,160,6541.292228
5.733333,160,6637.003753
10.248383,160,6732.820734
14.933333,160,6828.962361
12.760623,160,6924.832139
2.088889,160,7020.275831
3.073791,160,7116.537439
7.915568,160,7212.670367
3.84245,160,7307.5948
26.212841,160,7402.198801
9.307268,160,7497.368165
23.365421,160,7599.597066
14.133333,160,7694.580715
15.076458,160,7790.43649
15.355556,160,7886.454773
35.133333,160,7982.195483
16.781633,160,8077.722023
13.995042,160,8172.998881
13.8,160,8269.141205
16.880096,160,8363.987566
13.226076,160,8459.31663
5.669257,160,8554.615577
14.733333,160,8649.415041
32.0203,160,8745.571592
25.525993,160,8847.930236
4.933333,160,8943.881869
8.555556,160,9038.787556
4.983137,160,9134.229556
5.644444,160,9229.807126
34.569784,160,9325.521072
20.888889,160,9420.864007
5.733333,160,9516.082172
40.0,160,9610.866611
33.083457,160,9706.261945
18.627279,160,9801.728113
44.882803,160,9897.036151
26.636127,160,9993.11881
15.291102,160,10095.336494
24.057659,160,10190.769909
34.333333,160,10286.087437
9.735709,160,10381.192592
58.618312,160,10476.16955
4.230794,160,10571.592171
20.157831,160,10666.82944
26.847325,160,10762.238328
32.8,160,10857.226373
33.733333,160,10952.887769
25.695628,160,11047.830408
15.776376,160,11142.801999
40.211979,160,11237.742472
35.560303,160,11341.10271
44.844444,160,11436.734048
57.466667,160,11532.154489
40.98268,160,11626.752975
41.288889,160,11722.209076
40.374957,160,11816.719231
42.226047,160,11912.244691
27.932817,160,12007.464008
40.879108,160,12102.98443
40.066667,160,12198.255478
2.968334,160,12293.587188
53.577778,160,12389.348189
47.944546,160,12491.821747
39.844444,160,12586.686017
56.421804,160,12681.35577
39.842624,160,12776.793636
44.709441,160,12871.906152
52.997215,160,12967.088215
47.612601,160,13061.979084
43.21738,160,13157.019855
33.522732,160,13252.076851
54.644444,160,13348.296556
70.311111,160,13444.37573
61.844444,160,13540.800106
65.366082,160,13636.212103
36.434663,160,13738.961042
74.333333,160,13836.25627
54.777778,160,13931.479131
62.266667,160,14026.618115
56.333333,160,14122.195164
37.759312,160,14217.852681
65.982643,160,14313.271418
63.489857,160,14408.854596
54.977778,160,14504.676052
56.028924,160,14600.361874
54.721813,160,14695.347654
58.622222,160,14790.71722
62.355556,160,14885.934562
54.888889,160,14988.911038
51.275326,160,15084.588042
54.925126,160,15179.650936
72.993867,160,15274.903368
58.244444,160,15370.023015
0.887163,2,15371.220435
67.066667,160,15466.677172
64.511111,160,15562.46087
28.577778,160,15657.485929
61.377778,160,15752.12036
54.377778,160,15847.76932
63.933333,160,15943.209184
71.622222,160,16038.825792
80.444444,160,16134.331817
49.320159,160,16236.365969
74.622222,160,16331.823417
73.422222,160,16427.027271
70.927068,160,16522.994255
79.656845,160,16618.247875
68.822222,160,16714.603211
69.777778,160,16810.514316
63.288889,160,16906.248948
71.488889,160,17002.469468
67.777778,160,17097.840692
82.488889,160,17193.306973
77.666667,160,17288.47912
74.501927,160,17384.263101
77.8,160,17486.942463
65.777778,160,17582.682937
80.07113,160,17678.343161
76.222222,160,17773.39908
31.511111,160,17869.428134
71.511111,160,17964.859992
71.736169,160,18060.691537
80.377778,160,18156.158772
70.244444,160,18251.407131
79.577778,160,18346.443577
63.088889,160,18441.820118
62.888889,160,18536.949582
71.888889,160,18639.910881
100.065905,160,18735.277891
88.466667,160,18830.660642
74.6,160,18925.485848
83.288889,160,19020.870914
84.266667,160,19115.643914
82.481464,160,19210.749114
79.933333,160,19306.218623
76.111111,160,19401.538001
84.533333,160,19496.780738
70.933333,160,19592.146947
87.444444,160,19687.904144
74.355556,160,19783.716395
83.022222,160,19886.090343
86.577778,160,19982.019228
85.422222,160,20077.401592
83.888889,160,20173.219814
79.511111,160,20268.844716
35.888889,160,20364.290426
83.577778,160,20459.516807
98.088889,160,20554.710475
91.2,160,20651.157866
75.711111,160,20747.052836
87.511111,160,20842.519967
90.177778,160,20938.018139
44.4,160,21033.505821
72.755556,160,21135.536627
66.866667,160,21230.685143
45.533333,160,21325.916182
80.075259,160,21421.869509
77.8,160,21517.258356
77.533333,160,21612.056592
69.377778,160,21706.695836
87.615496,160,21802.011385
87.044444,160,21897.821859
91.391445,160,21993.190584
87.066667,160,22088.114485
90.444444,160,22183.800739
87.866667,160,22279.034513
90.444444,160,22381.550407
89.266667,160,22476.882466
81.133333,160,22572.976246
97.088889,160,22667.905371
94.688889,160,22763.520316
96.555556,160,22859.098943
90.422222,160,22954.631516
98.288889,160,23049.674403
107.222222,160,23145.260571
76.285925,160,23240.922579
90.111111,160,23336.10763
86.288889,160,23431.444081
91.855111,160,23526.252999
103.355556,160,23628.883559
105.311111,160,23724.682811
90.05838,160,23820.172642
88.288889,160,23915.94622
99.533333,160,24011.163702
106.511111,160,24106.727481
98.671779,160,24201.7916
92.088889,160,24296.956933
96.511111,160,24391.863336
96.666667,160,24487.367984
103.222222,160,24582.545059
97.288889,160,24677.340433
99.6,160,24781.148258
104.088889,160,24877.149764
95.777778,160,24972.573081
93.688889,160,25069.077294
100.844444,160,25164.437182
99.933333,160,25259.621269
31.866667,160,25355.348488
99.111111,160,25450.06535
94.4,160,25545.798041
101.496497,160,25639.840657
99.155556,160,25734.724517
101.888889,160,25829.51659
93.888889,160,25924.675551
91.888889,160,26026.84482
103.866667,160,26121.970372
100.266667,160,26217.16547
100.866667,160,26311.946541
97.755556,160,26407.312262
66.111111,160,26501.970206
93.6,160,26596.712088
107.933333,160,26692.02602
98.977778,160,26786.879398
103.4,160,26881.30487
101.177778,160,26976.339259
85.666667,160,27071.119162
97.911111,160,27165.803504
105.133333,160,27267.953683
103.622222,160,27362.712579
105.622222,160,27457.330217
99.244444,160,27552.145855
99.755556,160,27647.584171
96.177778,160,27742.292292
103.555556,160,27837.338217
105.288889,160,27931.940904
99.555556,160,28026.364625
103.044444,160,28121.240971
94.377778,160,28215.788207
106.288889,160,28310.364158
104.822222,160,28404.847495
104.977778,160,28507.127656
103.088889,160,28601.596945
102.511111,160,28696.586729
103.244444,160,28791.26025
100.866667,160,28885.596692
107.377778,160,28981.063608
40.177778,160,29076.101093
96.222222,160,29171.22108
102.177778,160,29266.240769
103.977778,160,29361.617977
103.444444,160,29456.568794
1.626924,3,29458.342049
107.822222,160,29553.689566
101.177778,160,29648.441858
105.644444,160,29750.886121
12.511111,160,29845.680611
105.8,160,29940.583676
106.18239,160,30036.081344
108.755556,160,30130.855105
0.733333,2,30132.043378
101.235291,160,30226.37048
110.360696,160,30321.146745
109.111111,160,30415.391635
101.511111,160,30510.35692
110.711111,160,30605.00528
103.244444,160,30699.452464
109.222222,160,30793.939065
107.511111,160,30896.14283
106.6,160,30991.127291
112.577778,160,31085.70098
104.022222,160,31180.367033
103.777778,160,31274.615535
106.977778,160,31369.188295
102.488889,160,31464.070825
108.8,160,31558.893086
108.511111,160,31653.349701
109.266667,160,31747.961724
111.030378,160,31843.387017
106.666667,160,31938.166034
106.777778,160,32032.993742
106.022222,160,32135.058517
111.222222,160,32229.484931
112.377778,160,32323.80307
106.022222,160,32418.25005
109.933333,160,32513.67041
113.133333,160,32608.629378
112.577778,160,32703.817077
110.933333,160,32798.294345
106.822222,160,32893.070684
110.711111,160,32988.309824
111.377778,160,33083.083065
110.888889,160,33178.305364
112.866667,160,33273.302879
110.911111,160,33375.457143
105.822222,160,33469.921731
105.844444,160,33564.396062
111.088889,160,33658.578024
111.6,160,33752.954242
109.721584,160,33847.85141
111.155556,160,33943.01217
112.288889,160,34037.900878
110.622222,160,34133.243964
111.355556,160,34228.727718
114.822222,160,34323.765049
108.911111,160,34418.307563
110.4,160,34512.816533
114.488889,160,34615.344079
110.511111,160,34709.682842
110.666667,160,34804.188495
110.288889,160,34899.215957
113.6,160,34993.866834
109.466667,160,35088.994499
109.511111,160,35184.20227
108.044444,160,35278.715225
105.511111,160,35373.405422
110.777778,160,35467.792579
107.244444,160,35562.594824
112.419928,160,35657.300692
108.066667,160,35751.905181
111.977778,160,35854.099439
112.088889,160,35949.721071
106.688889,160,36044.47885
108.088889,160,36139.106382
115.422222,160,36234.063559
113.0,160,36328.575782
110.044444,160,36423.306951
108.2,160,36517.570846
111.977778,160,36612.557393
108.533333,160,36707.358602
111.933333,160,36801.642335
105.716633,160,36896.076306
108.444444,160,36998.145976
107.933333,160,37092.834932
105.777778,160,37187.907903
111.955556,160,37281.999687
113.711111,160,37376.672659
113.426817,160,37471.295594
111.377778,160,37566.725492
110.468554,160,37661.121338
111.466667,160,37755.567479
114.733333,160,37850.360842
113.688889,160,37945.309807
113.888889,160,38040.111057
105.622222,160,38135.199455
