#{"t_start": 1773515781.6861866, "env_id": "continuous-highway-v0"}
r,l,t
-0.137266,14,10.445237
-0.726352,13,10.844092
-0.537443,12,11.203164
-1.291637,11,11.539449
-1.400178,11,11.866272
-0.891187,13,12.242927
-0.883478,11,12.570495
-0.340534,14,12.97993
-1.564815,11,13.314226
-1.744308,11,13.633481
-1.582598,10,13.933777
-1.432213,11,14.26204
-2.247008,10,14.568831
-0.938566,12,14.923933
0.525353,14,15.332035
-2.259785,9,15.607145
-0.483727,13,15.990314
0.735132,13,16.370347
0.35652,12,16.738032
-0.275052,13,17.132248
0.259502,15,17.58995
-2.218287,10,17.897357
-1.03327,11,18.211652
-1.459406,11,18.541354
-0.489972,12,18.900943
-1.006165,12,19.256377
-1.36425,11,19.588099
-1.274975,11,19.914289
-1.318988,11,20.244111
0.642743,14,20.649686
-1.227808,11,20.985593
0.142251,14,21.404485
-0.62506,13,21.794864
-1.566961,11,22.127153
-1.365001,10,22.439331
-2.275328,11,22.775435
-2.047577,10,23.081123
0.058504,14,23.504764
-1.01163,12,23.85945
-1.768929,10,24.170005
-0.848795,12,24.527241
-0.764832,12,24.892886
-0.314879,12,25.266866
-1.714098,10,25.578503
-0.628215,11,25.91739
-1.126009,11,26.252591
-1.632931,12,26.624134
-1.868988,10,26.930601
-0.629769,12,27.289495
-1.360937,12,27.637002
-1.053527,12,27.977232
-1.200459,11,28.30358
-0.341044,13,28.668889
-1.344244,11,28.968581
-1.18475,12,29.288954
-1.139166,11,29.602767
-1.988948,10,29.87997
-2.368343,10,30.170542
0.206854,13,30.541406
-0.755813,11,30.851412
-1.294521,12,31.172459
-1.159757,11,31.493391
-0.139039,13,31.876806
-0.987702,11,32.203898
-2.018561,11,32.531902
0.300639,13,32.918257
-1.875296,11,33.248888
-0.130599,13,33.624659
-1.034923,12,33.973414
-1.292609,12,34.322992
0.483391,15,34.767905
0.197639,13,35.142652
0.005546,14,35.569735
0.195122,13,35.942588
-1.327392,11,36.262773
-1.618454,11,36.566141
-1.744714,11,36.88419
-0.808707,13,37.269613
-0.013654,13,37.668324
0.643143,15,38.114947
-1.784919,10,38.427915
0.215864,14,38.856883
-1.823892,10,39.159234
-0.746121,12,39.512196
-1.520706,11,39.837528
-1.195482,11,40.169331
-2.355275,10,40.476457
0.178945,13,40.861437
-0.497924,12,41.222941
-1.18407,13,41.612461
-0.137816,12,41.978225
-1.395933,11,42.310553
0.59808,13,42.715297
-1.184099,12,43.078547
-0.883608,11,43.433184
0.191145,14,43.864802
-1.688025,11,44.21402
-0.395208,12,44.575687
-0.034856,14,44.992437
0.041414,13,45.382488
-1.399173,11,45.735938
0.298538,14,46.171448
-1.752944,10,46.477103
-0.008482,15,46.931156
-1.629101,12,47.278249
-1.516632,11,47.592991
-1.566329,11,47.916753
-0.465232,13,48.295793
0.146968,12,48.641488
-1.209442,11,48.977141
-0.817364,12,49.322927
0.160045,14,49.734501
-1.684978,11,50.070985
-2.025958,11,50.382863
0.051398,13,50.786372
-1.16101,12,51.149025
-0.25249,13,51.549637
-0.390344,13,51.941797
0.046897,12,52.311508
-1.823355,10,52.622307
-1.142483,11,52.963377
-0.301145,13,53.359004
-1.180664,11,53.679076
-1.880439,11,54.025288
-1.023705,11,54.358427
-0.06831,12,54.721209
-0.783166,12,55.111934
0.629663,14,55.542296
-0.392607,12,55.926246
-0.967785,12,56.284785
-0.235714,12,56.648635
-0.19361,13,57.050617
-1.045528,11,57.398821
-1.04125,11,57.716994
-0.576441,12,58.085879
-0.881047,12,58.460576
-1.762576,10,58.763402
0.314351,13,59.155936
-1.26197,12,59.524847
-0.383413,13,59.933665
-0.827628,11,60.265926
-1.660242,11,60.594738
-1.115136,11,60.938389
0.346466,13,61.352369
-0.18793,12,61.737962
-0.381715,12,62.101165
-0.279171,12,62.468309
-1.068439,11,62.803628
0.866106,13,63.210444
-1.975143,11,63.549479
0.823937,16,64.037879
0.056798,13,64.418108
0.462791,15,64.858615
-1.524824,11,65.212544
0.22512,13,65.619939
-0.666009,12,65.97811
-1.466107,11,66.30562
-0.919611,12,66.666448
-1.127528,12,67.021101
-0.599101,12,67.383121
-1.395482,11,67.722752
-1.252032,11,68.056732
0.305635,13,68.448092
-0.806074,12,68.817528
-0.541926,12,69.192678
-0.630566,12,69.556009
-0.378302,14,69.987389
-0.274226,13,70.376462
-1.610216,11,70.715382
-0.85364,13,71.101096
-2.032175,10,71.417686
-0.494073,12,79.964668
-1.132029,12,80.325387
0.066575,13,80.724624
-1.322533,11,81.05015
-0.771432,12,81.415922
-2.162288,10,81.725958
0.484722,14,82.149889
-0.17263,12,82.513528
-1.09592,12,82.866335
-1.37004,11,83.209453
-2.088566,10,83.517379
-1.076166,11,83.828218
-1.637637,11,84.142525
-1.256707,12,84.49655
-0.626136,12,84.857946
-0.321677,13,85.242851
-1.597973,10,85.528893
-0.411585,13,85.91763
-1.828015,11,86.245812
-1.309376,11,86.559242
-2.053125,11,86.865905
-0.991283,12,87.202811
0.26292,15,87.65358
-1.736453,11,87.958121
-0.134736,13,88.327155
0.412472,14,88.74398
-0.073378,13,89.112417
-0.236828,14,89.515217
-1.326472,11,89.834283
-0.121803,13,90.222371
-0.662686,12,90.57566
0.20505,15,91.018805
-2.103261,11,91.339729
0.481105,13,91.696271
-1.149935,11,92.000595
-0.98686,12,92.330921
-0.526782,12,92.660116
-0.221356,14,93.059766
-2.249304,10,93.323953
-0.576957,14,93.714383
-2.421964,10,93.979154
-0.714648,12,94.307391
-1.77226,10,94.580187
-1.255335,11,94.865275
-2.00108,11,95.160847
0.092401,13,95.50841
-0.807694,12,95.841458
-0.35638,13,96.191365
-1.636717,12,96.518952
-1.082517,12,96.847305
-1.326107,12,97.175555
-1.522053,13,97.533848
-1.915688,10,97.807263
-0.588241,12,98.136714
-0.742029,12,98.464846
-0.012905,13,98.824594
-0.739623,13,99.192928
-0.882641,12,99.529916
-1.628394,11,99.826718
-0.898887,13,100.213248
-0.298417,13,100.587959
0.010695,14,101.006087
-1.180432,12,101.349688
-1.444973,11,101.666936
0.346441,14,102.077888
-2.092302,10,102.380151
-2.172957,10,102.672409
-1.02914,13,103.049046
-0.233323,14,103.453555
-0.033408,14,103.857157
-0.423745,12,104.194365
-0.108299,13,104.576692
-1.130789,13,104.950682
-0.460035,14,105.347023
-2.179394,11,105.674062
-1.514575,13,106.049241
-0.529817,12,106.397349
-0.37532,13,106.770278
-1.883962,12,107.11659
-1.163493,11,107.423172
-1.723291,11,107.725225
-0.552331,12,108.041619
-1.610445,10,108.310411
-1.882454,10,108.586818
0.354397,14,108.953775
-1.445483,11,109.259326
-1.903415,11,109.557071
-0.134109,12,109.888521
-1.539378,10,110.1485
-0.123839,13,110.493195
-1.018351,12,110.812901
-0.862825,11,111.126577
-1.510712,11,111.415898
-1.519727,12,111.763465
0.109643,13,112.131867
-1.101948,12,112.478293
-1.813044,11,112.789118
-1.800521,10,113.073958
-1.488891,11,113.372529
-0.466531,14,113.754113
-1.085759,12,114.092018
-1.627137,11,114.39761
-1.459015,11,114.703723
-2.574388,10,114.973929
-1.246685,11,115.260739
-0.320824,12,115.584769
-0.933262,12,115.908124
-0.673108,12,116.229978
-0.108567,12,116.550997
-0.379592,14,116.926164
0.466598,15,117.316382
-1.583802,11,117.613755
-0.660714,14,117.988354
-1.848655,10,118.264345
-1.164311,12,118.586919
-0.206045,14,118.97988
-1.032649,11,119.280161
-1.646813,11,119.579255
-0.728283,12,119.893438
-0.399095,12,120.222816
-2.51929,10,120.499449
-1.435737,10,120.776374
-1.605403,10,121.037342
-1.44972,12,121.344048
-1.125932,11,121.644875
-1.532201,11,121.953781
-0.753276,13,122.315542
-2.022027,10,122.583834
-1.400667,12,122.906108
-0.650287,14,123.2744
-0.259347,12,123.605725
-1.779676,11,123.898579
0.112744,14,124.26643
-1.981337,10,124.535292
-1.859433,11,124.834139
-2.54757,10,125.10112
-0.418472,14,125.484934
-0.403667,13,125.836348
-1.659014,11,126.12438
-1.500684,11,126.412853
-1.481694,11,126.702223
-1.729356,11,126.982823
-1.870297,10,127.257701
0.011714,13,127.607692
-2.292769,10,127.874571
-1.215048,12,128.194291
-0.658398,12,128.504913
-0.979119,14,128.885616
-1.42077,12,129.204792
-2.06091,11,129.501944
-0.487988,13,129.851809
-2.326514,10,130.126187
0.063821,14,130.507487
-0.317336,15,130.922219
-0.658912,12,131.243098
-0.17128,13,131.586065
-0.814704,12,131.907233
-0.006705,14,132.290123
-0.220177,13,132.641522
-0.647863,12,132.971157
-0.135699,14,133.345401
-0.365913,13,133.696044
-1.256116,12,134.016422
-0.751267,12,134.329323
-1.150504,12,134.651772
0.172797,15,135.058192
-0.480435,13,135.403095
-1.013889,12,135.735297
0.525273,14,136.111951
-0.517003,12,136.441611
0.580796,14,145.002991
-1.152301,12,145.332835
0.074862,14,145.711197
-0.669995,11,146.002413
-1.630761,11,146.317386
0.337147,15,146.738796
-0.500194,12,147.057216
-2.162485,10,147.335078
-0.695961,13,147.681061
-0.97366,12,148.017971
-0.451598,13,148.393047
-1.793915,13,148.764757
-1.64272,11,149.084192
0.1655,14,149.463552
-0.85656,14,149.851839
0.785879,15,150.263579
0.330423,15,150.675547
-0.422792,12,150.997548
0.432372,15,151.392442
-1.302634,13,151.748565
-1.399842,11,152.061574
-2.281971,10,152.325638
-0.422206,13,152.674892
-1.032341,12,153.001126
-1.690352,10,153.265382
-1.036818,12,153.581042
-0.626621,13,153.927264
-0.461877,14,154.288522
-2.354031,10,154.546482
-1.146507,11,154.845776
-1.416156,12,155.176028
-0.54851,13,155.517897
-2.015989,11,155.821076
-0.034543,13,156.17309
-1.615568,11,156.487969
-0.682647,13,156.841078
-2.385479,10,157.115064
0.697845,16,157.536955
-1.407819,12,157.875221
-1.314298,11,158.190184
-1.908061,10,158.448228
0.38057,16,158.869879
-0.350497,13,159.223131
-0.756761,12,159.56031
-1.438803,11,159.863325
-1.160012,13,160.208576
-2.047327,10,160.477983
-1.608744,11,160.777865
-1.806887,12,161.099599
-0.963376,13,161.461054
-0.209793,15,161.87782
-0.532699,13,162.232577
0.299223,15,162.630444
-1.044128,12,162.961684
-1.052638,12,163.275454
-1.191338,13,163.611469
-0.216279,13,163.956256
-0.718099,13,164.302362
-0.925711,12,164.623971
-0.079176,14,164.999854
-1.245261,12,165.312058
-0.143265,13,165.656637
-1.313481,12,165.964114
-0.934368,12,166.284562
-0.016414,14,166.655788
-1.148215,12,166.967558
-0.206865,13,167.324922
-0.863596,12,167.644016
-0.276743,13,167.993877
-0.31785,14,168.358931
-1.501914,12,168.670906
-1.24635,12,168.974152
-1.301369,12,169.291992
-0.322795,16,169.735133
-1.100861,13,170.078892
0.05515,14,170.443248
-1.027188,11,170.756306
-0.13948,14,171.13112
-0.279111,14,171.496702
-1.547209,10,171.781461
0.537431,15,172.171257
-0.689173,16,172.615593
0.153241,13,172.967842
-1.390703,12,173.28815
-0.749267,12,173.617871
-0.523817,15,174.013696
-1.058522,11,174.304422
-0.355086,13,174.647639
-0.455436,14,175.024712
-2.048004,11,175.320644
0.401471,14,175.697169
-0.014036,14,176.079686
-0.296114,13,176.431176
-0.54599,14,176.821301
-1.67289,11,177.104312
-0.665604,13,177.464498
-0.59777,12,177.793753
-1.138819,12,178.116862
-0.456759,13,178.486426
-1.068271,12,178.800752
-1.390029,12,179.123035
-0.395445,12,179.452876
-0.805636,11,179.743121
-1.575004,11,180.035157
-2.121555,10,180.303094
-0.843026,13,180.632961
-1.038711,12,180.931492
-0.853898,13,181.283414
-0.58112,13,181.619105
-1.765728,10,181.886482
-1.693682,10,182.163134
-0.608503,13,182.496104
-0.562589,12,182.807398
-2.079286,10,183.082316
-0.558062,13,183.434375
-0.404594,13,183.785523
0.370529,16,184.220231
-0.710339,14,184.584563
-0.633185,12,184.919887
-0.672018,12,185.247877
-2.115517,12,185.567642
-0.392011,13,185.919783
-0.617224,13,186.255553
-2.178187,11,186.545115
0.968358,15,186.949384
0.997523,18,187.423044
-1.351293,11,187.713794
-0.273286,13,188.05991
0.023118,15,188.458513
-0.467267,13,188.80275
-0.77419,12,189.124702
-0.425053,12,189.453309
-0.524907,14,189.812064
-0.981906,11,190.119677
0.18708,13,190.465938
-0.078137,12,190.795149
0.374517,14,191.170962
0.192414,14,191.553414
-0.747598,12,191.877059
-0.518629,13,192.221626
-0.860267,12,192.55108
-2.097965,11,192.832561
-2.1302,10,193.092734
-0.002777,13,193.437712
-1.571601,11,193.721308
-1.850922,11,194.021453
-1.453485,12,194.342473
-1.038586,13,194.678864
-1.202458,13,195.024678
-1.028563,12,195.338374
-0.754797,12,195.668161
-1.22116,11,195.958882
-1.416074,12,196.263329
-1.222575,12,196.578322
-2.054807,10,196.870577
-1.784017,11,197.158678
-0.03331,13,197.500164
-0.64912,12,197.829845
-0.800355,12,198.157965
-0.743168,12,198.49279
-1.102983,12,198.807127
-0.790544,12,199.143706
-2.247149,10,199.425671
-0.851979,12,199.744961
-0.813804,12,208.213369
-0.888436,13,208.586694
-0.878497,11,208.916816
0.02234,15,209.332343
-0.307542,14,209.722598
-2.007275,10,209.995852
-0.799788,13,210.33906
-0.819198,13,210.700696
-2.183815,11,211.006526
0.483296,17,211.468457
-0.803785,14,211.861817
-0.811875,12,212.191854
1.67732,22,212.787457
0.790279,15,213.205877
-1.463596,11,213.514166
-1.216278,12,213.83701
-1.097387,13,214.183651
-1.487909,12,214.506633
-0.513297,14,214.893413
-0.310653,13,215.249788
-0.992686,12,215.589501
-1.110284,13,215.936489
-0.266272,13,216.291584
-0.092793,14,216.696389
-1.616739,12,217.01005
-0.15536,15,217.421536
-0.786789,12,217.744885
0.581303,15,218.172173
-0.799432,13,218.55551
0.801461,16,219.02916
-1.009378,13,219.406382
-0.398331,14,219.826691
-0.303832,15,220.255988
-0.308363,15,220.702734
0.160222,14,221.101068
-0.106169,13,221.445353
-0.730392,12,221.769371
0.259989,14,222.153571
-1.641472,11,222.436382
0.273634,15,222.826033
-0.495136,14,223.195014
-1.007526,12,223.51663
-0.749025,13,223.86856
-1.531548,12,224.196453
-0.520396,13,224.546607
0.003619,14,224.905037
-0.721562,14,225.278076
-0.398812,13,225.63679
-0.295806,14,226.019391
-0.919527,12,226.332095
-0.693875,13,226.685494
-1.827775,10,226.936304
-1.962318,11,227.225831
-0.949289,12,227.554177
-0.672072,13,227.907233
-1.185284,12,228.228022
-1.705344,11,228.517955
-1.618711,11,228.800274
-0.459397,15,229.18988
-0.220533,15,229.594697
-0.400277,13,229.923909
-0.505151,13,230.269564
-1.339329,12,230.599616
-0.501727,14,230.983623
-1.68178,12,231.314696
-0.14706,14,231.674489
-1.267729,12,231.997135
0.020497,14,232.357064
0.467761,15,232.755479
-0.417636,15,233.148569
0.207147,14,233.517924
-0.056964,17,233.954666
-1.532021,12,234.276785
-1.46142,12,234.582836
-0.359867,13,234.945595
-1.009875,12,235.278567
-0.058108,14,235.655124
0.009536,15,236.054719
0.216018,15,236.453651
-0.041738,14,236.820727
-0.388847,15,237.21974
-0.391445,14,237.588104
-1.193468,12,237.911159
-0.427191,13,238.249677
-0.853111,13,238.579392
0.295538,15,238.978609
-1.465477,11,239.271033
-0.44317,13,239.621459
-2.117131,10,239.889331
-0.551603,14,240.265509
-0.52116,13,240.6194
-0.143588,14,240.993783
-1.546768,11,241.29082
-1.23228,13,241.633
-0.779599,12,241.969605
-1.649829,11,242.250205
-1.282744,12,242.569487
0.008197,15,242.950583
-0.290305,13,243.277457
-0.916513,12,243.606693
-0.703205,12,243.943694
-0.324952,13,244.296275
0.1691,15,244.70159
0.297432,15,245.091041
0.066829,14,245.45001
-1.324717,12,245.7723
-1.487909,12,246.078096
-0.195835,16,246.508934
0.219869,14,246.893881
-1.209908,13,247.245939
-0.33848,13,247.582221
0.451506,14,247.958157
-1.806444,11,248.249066
0.374809,17,248.684422
-0.959865,13,249.037416
-0.045028,15,249.435514
-0.50609,14,249.794915
-0.387154,13,250.140028
-0.535272,13,250.492578
-0.582692,13,250.837435
-0.29947,14,251.214509
-0.909363,13,251.544543
0.367668,16,251.96844
-1.085553,11,252.269512
-0.40142,14,252.644146
-1.78494,11,252.944154
-0.551475,13,253.281214
-1.523959,11,253.573512
-0.645759,13,253.928824
-0.150158,15,254.328753
-0.876182,13,254.674034
-0.989749,13,255.010531
-0.02373,16,255.441967
-1.005769,14,255.812887
-0.393216,15,256.212748
-1.281649,12,256.545126
-0.563075,14,256.920513
-1.490498,12,257.23261
-1.284951,12,257.553779
-0.880626,13,257.913489
-2.187224,11,258.218995
-1.076008,12,258.546341
-0.86336,14,258.92053
-0.960675,12,259.240875
-1.153097,13,259.582858
-1.118289,13,259.933177
-0.542872,14,260.306523
0.283718,14,260.672157
0.022155,14,261.041517
-0.224385,14,261.41728
-1.113303,13,261.763942
-1.018247,13,262.109863
-1.512586,11,262.408823
-1.257741,13,262.759683
-1.513105,11,263.051798
-0.715887,13,271.765185
-0.114756,14,272.150567
0.77923,17,272.625677
-1.093017,12,272.950157
-1.309229,11,273.259367
-1.023645,13,273.631653
-1.036181,14,274.010314
0.319365,16,274.436468
0.808708,16,274.876276
-0.798707,13,275.233666
0.140181,14,275.607895
0.526913,18,276.102639
-0.559813,14,276.488442
0.489534,17,276.969551
-1.597627,12,277.315019
-1.962907,11,277.643827
-1.174347,14,278.056245
-1.16201,12,278.398869
-0.755675,13,278.773976
0.525183,15,279.193887
-1.202431,12,279.535998
-0.075582,14,279.930258
-0.779991,13,280.315627
-0.813184,15,280.731022
0.398675,17,281.185351
-2.159693,11,281.496015
1.091016,18,281.956054
-1.634825,12,282.278389
-1.235071,12,282.609905
-1.142772,13,282.937313
-1.201109,11,283.228599
-0.84556,12,283.542366
-0.11869,15,283.94705
-1.210646,12,284.268604
0.224402,16,284.686484
0.223512,15,285.082051
-0.672151,14,285.440022
-0.364166,16,285.860084
-0.549824,14,286.21643
-0.974072,13,286.544533
-0.190248,15,286.941801
-0.106753,18,287.407175
0.11544,15,287.811544
-0.503272,14,288.178496
-0.40517,14,288.545012
-0.217141,13,288.889781
0.655832,17,289.349236
-0.786868,13,289.694443
-0.871219,13,290.038294
0.071029,15,290.436922
-0.015513,13,290.764468
1.213868,21,291.314665
-0.959024,12,291.620404
-1.240067,15,292.010353
-0.436837,12,292.333452
-0.066501,15,292.737998
-0.333327,14,293.096942
0.145333,15,293.495302
0.149303,15,293.893961
0.252403,15,294.268049
-0.742048,14,294.62925
-0.536216,14,295.004728
-0.183431,15,295.408879
0.550382,17,295.836446
-0.602211,16,296.236737
-0.476716,15,296.636928
0.256934,15,297.029013
0.343851,15,297.429068
-2.10758,11,297.705645
-2.179787,11,297.981058
0.103479,15,298.380982
0.532745,15,298.772671
-0.162191,14,299.147696
-0.770892,13,299.492943
0.732739,15,299.884893
-1.962891,11,300.184662
-1.524188,12,300.506142
-0.201236,14,300.882565
0.000676,17,301.342442
-0.424653,14,301.702308
-1.047694,14,302.075185
-1.969697,12,302.394119
-0.459448,15,302.79003
0.917497,20,303.313569
-1.020369,12,303.634438
-1.524509,12,303.95661
-0.681045,14,304.330651
0.252549,16,304.750927
-1.090199,13,305.079843
-1.162471,14,305.447272
0.518977,18,305.921956
-0.016313,15,306.311566
-1.767313,12,306.62528
-0.223909,14,306.999812
-1.947312,11,307.27398
-0.012423,14,307.6401
-0.957879,12,307.936145
-1.845215,12,308.24956
-0.351848,14,308.622915
-1.526731,12,308.937084
0.432665,15,309.33578
-0.121852,16,309.7563
-0.933784,13,310.093189
0.119581,15,310.482945
-0.159718,13,310.819875
-0.705373,13,311.17409
-0.585213,16,311.58818
-0.1962,14,311.965625
0.131522,15,312.357669
-0.495603,15,312.747613
0.171403,15,313.155327
-1.507625,13,313.493001
0.066326,16,313.915003
-1.917451,11,314.2069
-1.531022,13,314.552043
-0.39671,15,314.951983
-0.208098,15,315.344844
-0.789876,14,315.720396
-0.66205,14,316.08894
-0.253864,16,316.502673
-1.377013,12,316.826847
-1.028412,12,317.149747
-1.662472,11,317.442313
1.125996,17,317.893792
0.227308,16,318.312351
-1.05092,14,318.669831
0.206241,17,319.121021
-0.794176,13,319.463979
-1.210278,13,319.814445
-0.518908,14,320.187289
-1.421465,13,320.537521
-0.038304,15,320.934132
-1.915914,11,321.233478
-0.706848,13,321.577438
-1.879688,11,321.852993
-2.247782,11,322.142999
-1.086597,13,322.494291
-0.301209,14,322.877776
0.256795,16,323.29086
-0.059451,15,323.689145
-0.245214,14,324.065261
-0.158361,13,324.410498
0.447686,16,324.832043
0.462435,15,325.225799
0.862997,17,325.670143
0.386163,18,334.542495
0.865198,17,335.01522
-1.484089,13,335.362646
0.015402,16,335.799821
0.245635,19,336.290607
-1.123251,14,336.65903
-0.86347,12,336.975134
-0.536392,14,337.343973
0.66123,17,337.798533
-0.980979,12,338.104369
-1.525254,13,338.450226
-0.755034,14,338.818848
-1.166806,13,339.16466
-0.105268,15,339.564807
-1.201329,13,339.904449
-1.659774,13,340.250954
0.237655,16,340.673701
-0.329568,14,341.042745
1.39786,19,341.544695
-1.246435,13,341.892145
-1.097793,13,342.23857
-0.484795,14,342.606239
-0.836955,15,342.997213
-0.567391,15,343.405176
-1.041538,14,343.779917
-0.197771,15,344.164532
0.664968,15,344.555939
-0.631423,15,344.955407
-0.475341,14,345.315103
-1.015632,13,345.649314
-0.241777,15,346.03993
-1.091556,13,346.375447
0.543389,16,346.794476
-1.858346,11,347.085827
-0.688369,13,347.429331
-0.478469,16,347.84959
0.654805,18,348.323648
-0.815932,13,348.667322
0.503558,19,349.181777
-0.709674,12,349.48673
-1.144105,13,349.831487
0.133794,17,350.291126
-0.184456,14,350.667046
-1.470766,12,350.989122
-0.900859,14,351.362265
0.042326,16,351.768076
-0.749264,15,352.166449
0.069159,15,352.556448
0.164113,18,353.025035
-0.884942,14,353.408648
0.510827,17,353.860521
-0.243412,17,354.313624
-1.6832,12,354.627508
-1.705779,12,354.951163
-0.193844,15,355.335761
-0.79934,14,355.710553
-0.427223,15,356.102515
-0.542592,14,356.478648
-0.707455,13,356.824373
-1.495704,12,357.131449
0.472938,18,357.624845
1.068987,18,358.09552
1.664484,20,358.649544
-0.842953,14,359.011695
-0.431171,14,359.364675
-0.202115,14,359.734013
-1.807667,12,360.063707
0.02962,15,360.446639
-1.182252,13,360.782603
1.216439,19,361.287899
-1.304188,13,361.648834
-1.910596,12,361.953337
-1.210117,13,362.290424
-0.753848,16,362.711695
-1.181312,13,363.049192
-1.897413,11,363.338389
0.066689,17,363.774928
0.410146,16,364.195134
1.540153,23,364.790613
-2.135479,11,365.08159
-0.203559,15,365.479976
-0.424706,15,365.869503
-0.937414,14,366.236652
-0.248493,15,366.626436
0.473247,17,367.076713
-1.058849,14,367.443657
-0.634246,16,367.871687
-0.829301,15,368.262017
-1.684765,12,368.566332
-1.243632,13,368.920093
0.325005,16,369.350697
-0.724503,13,369.704324
-2.227237,11,370.003688
-1.363268,13,370.348212
1.381957,20,370.868123
-0.905819,14,371.228581
-1.061692,13,371.580386
-1.180586,14,371.950093
-0.847564,14,372.329027
-0.307857,16,372.753666
-0.551398,15,373.153282
-0.533356,15,373.54423
-0.749342,15,373.952499
-1.506524,12,374.25087
-0.451156,14,374.627088
-1.017073,15,375.026938
-1.241358,11,375.311205
-1.669599,14,375.663616
-1.039429,13,376.018064
-0.724156,15,376.438603
-0.562168,15,376.847516
-0.146666,17,377.30189
-0.578451,14,377.679099
-0.133758,15,378.071554
-0.459083,14,378.44145
-1.328186,13,378.804538
-1.416099,13,379.168681
-0.325225,14,379.545419
0.435402,17,379.99017
-0.849095,15,380.392592
-0.590267,14,380.766927
-2.010476,12,381.077374
-1.455481,13,381.416114
-0.939227,15,381.798597
-1.001159,13,382.13485
-1.643374,12,382.442255
-1.066897,14,382.802888
0.401407,18,383.268078
-0.737159,14,383.634164
-0.727953,13,383.971774
0.249733,18,384.460473
-1.471305,12,384.766466
0.162657,18,385.227115
-1.274595,12,385.553941
1.054121,17,386.014653
-0.418631,14,386.382822
-1.115634,13,386.74442
-0.511559,13,387.099655
-1.199033,13,387.452972
-0.661115,14,387.839358
-0.373875,15,388.258796
0.511683,17,388.725791
0.316532,18,397.679885
-0.521481,16,398.139955
-0.151905,16,398.599557
-0.171782,16,399.060467
-0.4111,14,399.473782
-0.635836,15,399.879489
-0.406534,16,400.295865
-0.543065,14,400.657665
0.346245,15,401.059421
0.553875,17,401.503432
-0.304814,17,401.933899
-0.426603,15,402.326377
-0.113353,16,402.749339
0.220526,17,403.189968
-0.423921,16,403.603758
-0.226873,17,404.04897
0.650931,20,404.579281
0.843335,19,405.071061
0.363838,17,405.507009
-0.786334,15,405.889911
0.095283,15,406.275125
-1.577504,13,406.612845
-0.404081,17,407.074615
-0.397532,16,407.496442
0.664565,21,408.039418
-0.512627,15,408.440035
-1.435102,12,408.761972
-0.009939,16,409.231408
-0.25466,15,409.665997
-1.370545,13,410.039889
-1.112699,14,410.446428
-1.172927,14,410.84017
0.102877,16,411.287426
-1.312892,14,411.656234
-0.35863,15,412.037405
-0.189263,15,412.436547
-0.18049,16,412.858017
1.179614,18,413.323193
-0.749547,13,413.651359
0.106385,18,414.117531
0.435661,18,414.592822
0.387606,18,415.049215
0.852575,18,415.51497
0.743908,21,416.08501
-1.330053,14,416.445472
-0.093261,17,416.882967
1.078593,19,417.390465
-0.491818,15,417.792145
-0.277494,16,418.214817
0.833848,19,418.699019
1.513785,19,419.199193
-0.025876,15,419.589566
-0.646643,16,420.012529
1.321764,19,420.512511
-0.915203,15,420.913788
-1.127698,14,421.275006
-0.039579,18,421.736877
0.083402,16,422.160662
0.5423,18,422.619944
-0.527257,15,423.012415
-0.904603,15,423.404743
-1.287657,14,423.775857
-0.432266,15,424.160402
-1.734313,12,424.47636
-1.911291,12,424.800735
-0.997488,13,425.16178
-1.894313,13,425.508552
-1.292458,14,425.86882
-0.549874,15,426.276803
0.750415,18,426.754389
-0.43666,16,427.177805
0.16766,17,427.616416
-0.029968,17,428.080613
-0.374962,15,428.470164
-0.517423,16,428.900106
-0.66984,15,429.282158
0.216015,17,429.749722
-0.586886,15,430.132247
-0.112819,16,430.5367
0.452851,19,431.033391
-0.936449,15,431.431389
-0.312232,15,431.83703
0.753795,20,432.331896
-0.154632,20,432.868403
-0.748759,16,433.298479
-0.890415,14,433.666879
0.246761,16,434.098576
0.526716,19,434.587938
-1.333677,12,434.903549
-1.839511,12,435.209775
-1.025508,14,435.569097
-0.679743,14,435.938019
1.248418,22,436.513091
-0.619676,15,436.886733
-0.87533,14,437.264966
-0.37358,15,437.664658
-0.784902,13,438.004322
-1.563131,13,438.333987
1.08829,17,438.762624
-0.633759,16,439.18465
0.624582,18,439.653208
-0.557341,15,440.051792
0.484168,18,440.509718
-0.284581,17,440.948583
-0.487356,15,441.340515
0.170249,18,441.815661
-2.331395,12,442.132479
-0.115821,17,442.577979
0.300746,17,443.032594
0.345476,18,443.502087
0.74909,18,443.977197
-0.538332,16,444.376825
0.495804,18,444.859922
-1.880316,12,445.190305
-1.044658,15,445.581732
0.662433,18,446.067391
0.286829,18,446.555223
-0.957128,15,446.946446
0.740764,18,447.414701
-0.616604,15,447.806686
-0.298145,16,448.239235
0.612083,18,448.717473
-1.160594,14,449.102242
-1.263191,14,449.488093
-0.100218,17,449.932888
0.418529,17,450.377531
-2.129801,12,450.698474
-0.295349,18,451.184582
-0.679612,15,459.889719
-0.547915,15,460.287359
0.662258,20,460.808774
-0.900787,14,461.167219
0.055389,18,461.63394
-0.764106,13,461.970261
-0.198844,16,462.375704
0.360708,19,462.867601
-0.192199,16,463.289628
0.093558,17,463.741918
0.050542,19,464.239
-0.175959,17,464.681677
0.265442,17,465.109223
-0.46254,16,465.529413
-1.14652,14,465.881624
-0.365412,17,466.328197
-0.926693,16,466.735832
-1.96335,13,467.083411
0.023764,18,467.551576
0.509515,19,468.041882
0.391766,19,468.533472
-0.959012,15,468.935364
0.125638,17,469.373296
-1.22609,14,469.734653
1.184348,21,470.27294
0.663947,18,470.749721
0.155605,18,471.218049
-0.594866,16,471.641587
0.327332,19,472.140353
-0.946609,14,472.516847
-1.182192,15,472.900743
-0.120235,17,473.34807
-0.962024,15,473.747145
-0.892264,16,474.160663
2.018312,25,474.79116
-0.374188,16,475.21824
1.369939,25,475.865492
-0.179414,17,476.320627
0.526936,20,476.835059
-0.902467,16,477.247434
-1.112841,14,477.613458
-0.924868,15,478.005028
-0.306017,16,478.420051
0.150455,17,478.85759
-0.838864,16,479.27383
0.872363,21,479.825062
0.616247,22,480.383318
-1.712001,13,480.719211
-1.59336,13,481.063434
-0.042386,16,481.49011
-0.892251,16,481.900877
0.250157,18,482.357991
0.896907,20,482.877414
-0.684971,14,483.245663
-0.208932,17,483.691259
-0.311201,15,484.066071
-0.275611,18,484.523427
-0.874005,14,484.883845
0.066059,18,485.360384
-0.168855,18,485.827049
-1.684149,13,486.172792
-1.048542,15,486.557127
0.618786,18,487.017426
-0.302576,16,487.431885
-0.405516,18,487.908576
0.390439,18,488.378756
-0.658018,15,488.770276
0.842676,19,489.270558
0.747994,17,489.717797
-0.028019,16,490.142514
-2.269891,12,490.456943
1.068171,20,490.971565
-0.886661,15,491.355785
0.956172,23,491.955663
-0.841363,14,492.31697
-0.360967,16,492.746876
0.359289,21,493.276776
0.305092,19,493.778581
-0.769097,15,494.172404
-1.023157,15,494.557253
1.408039,23,495.134914
1.48874,20,495.664894
-0.257514,17,496.113875
-0.179589,17,496.552641
-1.108708,14,496.922936
-0.103979,18,497.398875
-0.068165,17,497.834158
0.409201,20,498.35062
-0.053784,18,498.807921
0.77354,22,499.392646
-0.644385,16,499.806836
-0.555212,16,500.237457
1.442917,21,500.760987
-0.931211,14,501.120407
-0.856801,16,501.542768
0.018983,18,502.026702
0.474238,19,502.505579
-0.339492,16,502.931899
0.87181,19,503.448975
0.858309,22,504.052094
-0.071999,17,504.499622
-1.135612,14,504.867108
-0.38945,15,505.277084
-0.213496,16,505.700183
0.447784,19,506.201311
0.05848,15,506.602041
0.254455,19,507.095808
0.820833,18,507.591571
-0.951457,15,507.983267
-0.520221,16,508.424858
0.900881,21,508.982333
-0.503901,16,509.415675
0.388451,17,509.865136
-0.633079,14,510.243771
-0.654369,16,510.66939
-0.657693,16,511.117067
0.854052,20,511.69958
-0.047441,15,512.120967
0.714003,20,512.696067
-1.054686,15,513.122076
0.434032,19,521.904027
-0.359045,17,522.401857
-1.81728,13,522.779859
0.504708,19,523.322778
-2.066323,13,523.689777
0.091972,18,524.201084
-0.122371,17,524.685042
-1.286732,15,525.108685
0.038066,17,525.573641
-1.914075,13,525.947915
-0.55795,15,526.361711
-1.362052,14,526.732056
0.448266,18,527.195445
0.299468,20,527.707933
0.216587,18,528.177335
0.160447,19,528.670989
-2.160125,12,528.980315
-0.63411,16,529.394516
0.056701,15,529.769376
-0.217691,18,530.21995
-0.035271,19,530.684382
1.062275,20,531.182739
-0.108168,17,531.610266
0.123339,18,532.052088
-1.434625,14,532.402217
0.480958,18,532.852401
-0.490116,18,533.311855
-0.756656,16,533.733444
-0.695312,14,534.10262
-1.467438,14,534.469957
-0.819698,16,534.876399
-0.0538,18,535.332852
-0.105287,17,535.775942
1.278354,22,536.347
-0.903736,15,536.747533
-1.008938,15,537.132167
0.292445,20,537.656554
-0.790684,16,538.079616
-1.266143,14,538.448888
-0.946789,15,538.856472
-0.29631,17,539.296331
-0.830449,16,539.704488
0.197362,19,540.213771
-0.588697,15,540.593154
-1.175553,14,540.956854
-0.507774,16,541.381927
-0.682405,15,541.766084
-1.058473,15,542.142841
-0.065688,17,542.598287
-0.186532,17,543.044525
0.697891,23,543.643695
-1.245544,15,544.027344
-1.773264,14,544.391514
-0.629824,15,544.788373
0.458296,19,545.286803
0.13525,20,545.790484
-0.723352,16,546.212682
0.318857,18,546.684588
0.173787,19,547.17108
1.242726,24,547.781687
-0.212529,19,548.286548
-0.731392,16,548.714237
-0.731197,15,549.106249
0.326387,21,549.649112
-0.512991,16,550.06723
-1.153462,15,550.462075
-0.108541,19,550.953099
-0.379082,18,551.409226
-1.30198,15,551.802322
-0.450531,17,552.242284
-1.361,13,552.574714
-1.020614,15,552.969015
-0.791535,15,553.356251
-0.596126,16,553.772725
0.903687,20,554.306912
-0.25726,17,554.755252
1.30638,24,555.377603
-1.559433,13,555.715567
0.384481,16,556.136967
-0.487438,15,556.505685
-1.02361,16,556.912217
-0.663192,16,557.326791
-0.955639,16,557.745618
-0.307027,18,558.192794
-0.457063,16,558.611017
1.034977,23,559.22192
-1.170754,15,559.615577
-1.72323,13,559.955374
0.225838,17,560.400448
0.559529,19,560.88483
0.115488,19,561.396193
0.104303,18,561.86164
-1.55139,13,562.208235
-0.440409,16,562.614844
-1.338541,14,562.97227
0.149691,20,563.504756
0.216686,21,564.055223
-0.548892,16,564.479665
0.542373,21,565.039129
0.959124,21,565.598634
-0.369258,15,565.999951
-0.849722,16,566.426137
-52.782317,176,571.072007
-0.297728,18,571.565894
-0.59243,16,572.0085
0.298673,18,572.494001
0.19428,19,572.991944
-1.510713,14,573.344158
1.799453,25,574.005055
-0.287145,16,574.425352
-0.785007,16,574.844705
-0.590101,16,575.266969
-0.655078,16,584.094311
0.375642,19,584.610849
0.051388,18,585.109379
-0.676949,15,585.535471
0.013569,19,586.075056
-1.520213,14,586.477576
0.167704,17,586.975248
0.113681,18,587.478675
0.376094,19,588.008084
-0.382164,16,588.443299
-0.034078,18,588.948581
-0.844535,16,589.388008
-0.294619,16,589.790049
-2.147753,12,590.098013
-1.660661,14,590.458825
-1.73325,14,590.817934
-0.338367,17,591.230394
-0.115821,17,591.644866
-0.926038,16,592.036173
0.978347,25,592.656935
-0.570759,16,593.043674
0.883843,22,593.586769
0.285691,19,594.069601
-0.34708,18,594.521417
0.448618,20,595.022354
-0.757056,16,595.429043
0.896543,21,595.960094
-0.403829,17,596.395783
-0.304496,16,596.812482
-0.636108,16,597.235845
0.140795,19,597.725063
-0.762599,17,598.158558
-0.376461,16,598.578609
-2.040152,13,598.899622
-0.222136,18,599.359349
0.909413,20,599.876181
0.773404,20,600.399468
-1.527819,14,600.771587
0.758519,20,601.285389
0.300872,20,601.80956
0.614029,20,602.319063
-0.231508,18,602.787713
0.348336,18,603.25598
-1.612232,14,603.634254
-0.148542,18,604.096987
0.94967,23,604.680763
-1.966118,13,605.034156
-0.597791,16,605.441433
1.935317,26,606.078305
-0.091956,16,606.500609
0.040965,18,606.960113
-0.873484,15,607.361083
0.392271,20,607.875156
-1.578758,14,608.244331
1.348835,22,608.801737
-0.287511,18,609.269963
0.421183,18,609.727884
0.540998,22,610.286689
-0.515807,17,610.722458
-0.131891,18,611.19058
0.924565,21,611.719176
0.404704,19,612.209997
-0.868189,16,612.622998
-0.523133,16,613.028368
1.313954,21,613.547729
-0.269656,17,613.97595
0.807259,23,614.540423
0.103829,18,614.992156
-1.07833,15,615.370119
-0.238472,18,615.819334
-0.670993,16,616.22599
-0.956156,16,616.62391
-0.405288,16,617.020647
1.269974,21,617.554133
0.320397,19,618.043277
0.106594,16,618.46608
-0.169073,18,618.919867
-1.056059,14,619.280719
0.983271,23,619.864507
-0.683509,14,620.225453
-1.55387,13,620.578115
-0.950216,15,620.952604
-0.282078,16,621.366463
-1.276423,15,621.749372
-0.747825,17,622.183553
0.634686,19,622.662067
-2.015888,13,623.011656
0.273895,19,623.486091
-0.833978,16,623.909298
0.407571,20,624.444492
-1.698902,14,624.822076
0.269822,18,625.322099
-0.330479,17,625.784897
0.637296,19,626.288216
0.851411,19,626.797734
0.813152,22,627.363448
1.166848,24,627.99639
-0.817253,16,628.414008
-1.23862,15,628.814477
0.489298,18,629.286127
-0.140451,18,629.757296
-0.158478,19,630.26807
0.053936,18,630.747425
0.831095,20,631.309883
0.722897,20,631.865911
-2.221522,12,632.203096
-0.095181,18,632.695564
0.360562,20,633.247118
-0.774379,16,633.684484
-0.830553,16,634.122381
0.58767,19,634.640557
0.605131,19,635.147188
-0.03152,18,635.632712
0.381555,19,636.133795
-1.197689,15,636.523375
-0.089993,17,636.96104
-0.304189,18,645.878266
-1.297469,15,646.262767
-0.883625,14,646.61498
-0.815086,16,647.0307
0.054351,18,647.490613
0.115965,19,647.983425
-0.482009,17,648.411125
0.360814,18,648.862659
-1.937708,13,649.207166
-0.091038,18,649.66569
0.185525,18,650.124976
-0.962131,15,650.489878
0.991171,22,651.065617
0.165595,18,651.517644
-0.697014,17,651.953827
1.02852,20,652.47614
1.028215,22,653.036703
0.073571,18,653.504478
0.57535,21,654.026929
-0.12891,17,654.456097
1.085837,21,655.007091
0.409018,20,655.520253
0.212145,20,656.029037
-1.168906,16,656.451821
-0.66717,15,656.859932
1.33876,21,657.391729
-55.119316,176,661.907946
-0.932643,15,662.29488
-54.243571,176,666.746532
0.052018,19,667.221221
0.551723,19,667.694618
0.460354,20,668.190421
0.253616,17,668.617122
-0.734061,16,669.037049
-0.256928,17,669.4551
0.212476,19,669.926073
0.134577,19,670.405598
-1.021173,15,670.778254
-0.964659,15,671.159361
-0.156568,17,671.59603
-0.267019,17,672.024911
-0.277007,18,672.466399
-0.491616,16,672.880497
0.066986,18,673.334573
-0.723691,16,673.740723
-0.100796,18,674.200246
-0.196145,17,674.637982
-0.204148,17,675.075615
0.437798,19,675.566773
-1.694434,14,675.929703
-0.702892,17,676.370117
-1.156061,15,676.761866
-0.972122,16,677.176727
0.7758,20,677.681111
-0.882677,15,678.071254
0.266236,18,678.521751
-54.849507,176,683.013133
-0.908214,17,683.476829
-0.049443,18,683.957559
0.228897,20,684.47734
-0.155416,17,684.936647
-0.672515,15,685.331268
0.118212,20,685.842654
-0.354372,17,686.28108
0.238026,17,686.720873
-0.616557,15,687.113559
0.025852,17,687.552792
0.362187,20,688.071352
-1.03332,14,688.4494
-0.604165,17,688.895807
-0.793807,15,689.287854
-0.623348,16,689.710669
-0.48844,18,690.18221
-0.962042,16,690.60646
-0.297262,18,691.092377
-0.100061,17,691.589483
1.553274,27,692.359837
-0.996946,16,692.816075
-0.70427,17,693.3103
-0.970183,16,693.765286
-0.376927,16,694.211691
1.751545,23,694.857512
-0.250186,18,695.369299
-0.323444,18,695.882583
-0.092144,17,696.359679
-0.549653,16,696.803443
1.054196,22,697.413225
-0.099258,18,697.919303
-0.866858,16,698.375504
-0.232558,18,707.336686
-2.204801,12,707.665037
-0.973725,15,708.069072
0.278787,21,708.66447
-0.971049,16,709.097008
-1.208437,15,709.495526
0.075471,19,709.970976
0.155109,19,710.447811
-0.115116,19,710.924085
0.150313,19,711.418119
-1.114495,16,711.852416
-0.18404,18,712.326756
-0.26712,18,712.804266
-0.057157,19,713.301458
-0.222382,18,713.753706
-1.181903,15,714.139697
0.100551,19,714.632778
0.818618,24,715.243837
-0.670918,17,715.667413
-0.30431,17,716.082701
-1.888485,13,716.413267
0.726958,21,716.908859
-0.136256,17,717.315041
-1.97529,13,717.629287
-0.289038,18,718.055189
-1.017887,16,718.451917
1.70286,29,719.16419
-0.605558,17,719.599928
0.137743,19,720.088935
-1.216331,15,720.47265
-1.172331,15,720.85593
0.108111,18,721.333858
-0.021369,18,721.802177
0.129178,18,722.263062
0.112391,18,722.733096
-1.21547,15,723.11841
1.335114,26,723.790152
-0.27471,18,724.243854
0.785044,19,724.72702
1.009098,23,725.310142
0.689196,22,725.875233
-0.164704,19,726.351694
-0.437859,17,726.79823
-0.165231,19,727.291092
-0.620311,16,727.707384
0.35548,20,728.204985
-1.420315,15,728.596952
1.427416,24,729.202137
-0.880647,15,729.585218
-0.443598,16,729.998822
-0.625117,15,730.375137
-0.467981,17,730.813278
-0.83409,16,731.221747
-1.202261,15,731.613855
0.136082,20,732.12229
-58.055189,176,736.518281
-0.163976,17,736.947673
-1.125741,15,737.35032
-0.080666,17,737.796165
-0.441562,17,738.225492
-0.38194,17,738.646828
0.292562,19,739.123774
-0.605206,17,739.547036
-1.215527,15,739.930513
-0.076062,17,740.353945
-0.429671,17,740.783422
-0.000213,19,741.254242
0.535391,21,741.760942
-0.974322,16,742.18006
-0.357746,17,742.614754
0.529444,19,743.12009
-0.567741,16,743.541016
1.545666,30,744.333444
0.23525,20,744.856603
0.412609,21,745.41265
0.032745,20,745.943352
-0.68402,17,746.389584
-1.05416,16,746.820122
-0.095429,18,747.302055
-0.086359,18,747.794979
0.033022,19,748.300591
-57.598668,176,752.995827
1.346968,23,753.579212
-0.72314,16,753.962528
-0.288494,18,754.398189
-54.862964,176,758.764985
-0.682513,17,759.194482
-0.515791,17,759.622175
0.65459,21,768.675141
0.934813,23,769.299947
-0.549919,17,769.761858
-1.389588,14,770.113891
0.501459,22,770.681679
-0.723827,15,771.065133
1.462895,26,771.729968
-0.595017,15,772.106094
-1.187965,16,772.510382
-1.366602,14,772.876015
0.338379,19,773.35626
-0.400642,17,773.784281
0.659874,22,774.325325
-0.218406,18,774.776849
0.174818,20,775.293813
0.635193,20,775.794389
0.273055,20,776.300582
-0.347088,18,776.744102
0.879691,22,777.301544
1.044447,20,777.806745
-0.967088,15,778.190667
1.925563,29,778.921741
-57.102365,176,783.322783
0.437945,18,783.775902
-1.174316,15,784.152296
0.171749,19,784.627653
-1.387973,15,785.012253
-0.959928,16,785.410929
0.248195,21,785.965385
0.544511,20,786.474598
1.336507,21,787.015364
1.337494,23,787.616841
-0.097855,19,788.102623
0.703997,22,788.673356
0.726136,22,789.227427
-1.022813,15,789.610526
-0.899309,16,790.018628
-0.28836,18,790.489164
-1.059421,15,790.87473
-0.976095,15,791.26098
-0.351844,17,791.690415
-0.789313,16,792.096966
-0.017832,18,792.590396
-1.450046,14,792.950827
0.436068,20,793.463805
0.299344,20,793.983482
-0.956023,16,794.388468
0.882487,21,794.929176
-0.12713,18,795.38156
0.128422,18,795.847675
0.551491,21,796.390955
-0.061208,19,796.880875
-0.574519,17,797.301476
-0.427626,18,797.761951
-0.685395,15,798.137206
-0.021397,20,798.649563
0.757798,23,799.214859
-0.387099,17,799.643206
-0.054861,17,800.070483
1.163451,25,800.69319
-1.338756,15,801.059101
0.640541,20,801.559626
-1.382365,14,801.912291
-0.133295,17,802.348075
-1.85746,13,802.684615
-1.711574,14,803.05353
0.332538,19,803.548143
1.287475,24,804.168816
-0.222638,18,804.632703
0.239238,19,805.119895
-1.116011,15,805.505246
0.188567,19,806.008996
-0.127529,18,806.462953
-0.195689,17,806.902856
-0.138679,19,807.408001
-0.046042,19,807.89626
-51.760601,176,812.495944
-0.664213,17,812.926186
-0.457014,17,813.366307
0.11019,18,813.826092
-0.797188,17,814.265326
-1.381005,15,814.659872
1.047831,21,815.19887
-1.060765,15,815.583756
-0.104913,18,816.037501
1.275332,23,816.631072
-0.658369,17,817.077083
-0.608064,17,817.525837
-0.045126,19,818.013098
0.409005,20,818.529447
0.259663,18,818.991175
0.32894,20,819.506828
0.148924,19,819.985771
0.116563,19,820.477719
0.185606,20,829.451699
-0.659697,17,829.918655
-0.11473,19,830.410232
-0.636453,16,830.822544
1.186475,25,831.472768
0.12776,19,831.956033
-0.796912,17,832.401831
1.054857,21,832.978995
0.359683,20,833.494433
0.781769,21,834.041464
1.119403,24,834.648348
0.386162,20,835.185424
-0.236947,18,835.656386
0.832285,22,836.235795
-0.626763,16,836.6435
-0.71408,17,837.090601
-0.854575,16,837.508786
-0.477814,17,837.948152
-0.611068,17,838.40403
-0.665563,16,838.82851
0.676,20,839.360804
0.095507,18,839.829102
-1.272354,15,840.211321
0.075167,18,840.688648
0.316003,20,841.196698
-0.995936,16,841.602719
0.223775,19,842.103378
-0.71879,17,842.5496
1.399323,24,843.173657
0.254835,20,843.6816
1.600317,27,844.357089
0.274895,20,844.877856
-0.667139,16,845.291679
1.241012,27,845.999551
0.723621,21,846.538672
-1.18602,15,846.922556
0.363824,21,847.468103
0.600906,20,847.977341
-0.239348,19,848.469767
-1.164797,15,848.856141
0.510529,21,849.386395
0.671448,22,849.955362
0.080189,19,850.455981
-0.614972,17,850.891699
-1.107451,15,851.274275
0.294849,18,851.73584
-0.209281,18,852.204963
-0.260178,18,852.664582
-0.838159,16,853.072315
0.186877,18,853.548895
-0.469222,18,854.017645
-0.057891,19,854.506518
0.452909,21,855.059681
0.228803,20,855.558123
-0.734109,16,855.971998
-0.463061,18,856.432399
-1.071864,16,856.837331
0.272746,20,857.34191
0.144734,20,857.831483
0.028112,18,858.282017
1.632925,24,858.888512
-0.124193,18,859.349023
0.382857,20,859.86029
-0.584658,17,860.302944
0.355392,19,860.789499
0.31605,20,861.299086
-0.992794,16,861.714838
-1.27263,15,862.107312
-0.629265,16,862.531878
0.54631,19,863.01643
-0.600456,17,863.465895
1.331935,26,864.116174
-0.157174,17,864.573236
-1.056379,16,864.998348
-2.00463,13,865.33573
0.131504,20,865.864015
-0.810804,16,866.297985
0.573193,19,866.811601
-1.017288,16,867.23738
-0.709316,16,867.66207
1.302424,24,868.283282
-0.829997,16,868.736572
0.109814,18,869.232925
0.304265,18,869.734725
1.437156,27,870.465155
-2.035968,13,870.82656
0.506328,18,871.318786
-0.689878,15,871.712754
-0.013905,17,872.136363
-0.254145,17,872.55899
-0.360228,18,873.021394
-0.493691,17,873.454723
-0.164501,19,873.939875
1.372304,25,874.589346
0.37582,19,875.065576
-1.290828,15,875.448635
-1.155876,15,875.823454
-0.382398,18,876.282347
0.147312,19,876.767032
0.210919,19,877.240008
-0.298016,17,877.68482
0.717641,21,878.217308
0.8848,21,878.739982
-0.72328,16,879.157426
-1.035753,15,879.542174
-0.709853,15,879.926435
0.754454,22,880.49589
0.101174,20,881.001602
-1.51514,14,881.363607
0.708113,19,881.853305
-0.277215,18,890.754599
-0.10971,17,891.243076
0.723667,21,891.853103
-1.161559,16,892.299156
-0.026633,19,892.855416
-0.109749,18,893.364798
-54.217266,176,898.057361
0.383653,21,898.628458
0.518602,19,899.104366
0.097142,19,899.581334
0.346785,19,900.067078
-0.185274,19,900.542534
0.36568,21,901.080209
0.324832,20,901.595801
1.044288,23,902.195657
-0.327129,17,902.633626
-1.234771,15,903.017752
-1.269697,15,903.384863
-0.063681,19,903.879846
-0.47772,16,904.312612
2.52836,30,905.066652
1.392384,24,905.68128
-0.140988,18,906.16033
1.157354,22,906.722153
-0.601148,17,907.176301
-0.804797,16,907.591501
0.173058,19,908.092052
2.003861,32,908.915723
-1.071706,16,909.33136
-0.721557,16,909.746114
-0.998263,16,910.163857
-0.427303,17,910.601971
-0.687819,16,911.01655
-0.293889,17,911.454167
0.269258,20,911.978437
-0.886523,16,912.402994
-0.630385,17,912.847984
-0.459969,16,913.264433
0.01593,17,913.711629
-1.13267,16,914.127824
-1.256704,15,914.519233
-1.158764,15,914.91976
-1.703716,14,915.272926
-1.308165,15,915.662923
0.86312,23,916.255996
-0.152627,17,916.685432
-0.210248,17,917.123574
1.720216,26,917.785763
0.898814,22,918.331924
-0.452614,17,918.787534
0.147639,20,919.316824
-0.568572,16,919.742229
-0.113576,19,920.253533
-0.531179,16,920.669512
-0.169964,18,921.12259
0.54721,20,921.657506
-0.527823,18,922.13907
-51.578351,176,926.691927
0.028163,20,927.237136
0.691692,20,927.801282
0.049845,19,928.357216
-0.611372,17,928.845487
-0.528431,17,929.314034
0.473013,20,929.884125
0.204303,19,930.397932
2.384265,30,931.14117
-0.34297,18,931.588267
-0.726228,16,931.977511
-0.446217,17,932.400192
0.248601,20,932.889296
-1.10587,15,933.256943
0.350278,18,933.710351
-0.22775,18,934.154475
-1.11928,16,934.566964
-1.156358,16,934.975117
-0.995938,16,935.391875
0.090306,19,935.874532
0.510278,21,936.403591
-0.478985,17,936.850173
0.14766,19,937.343673
1.188308,23,937.935955
-0.216052,18,938.397401
1.616686,26,939.042679
0.206731,18,939.502828
1.199872,25,940.132367
-0.204532,18,940.594642
-0.723914,17,941.017116
1.159029,23,941.599359
-1.811975,14,941.951515
0.502076,21,942.491279
0.201156,18,942.971162
-0.081342,18,943.433561
0.310197,21,943.963105
0.801446,23,952.97418
1.405883,26,953.697682
-54.363557,176,958.204175
-0.727023,16,958.619388
-0.6615,16,959.044617
-1.282109,15,959.423286
-0.457305,18,959.894459
-0.378212,18,960.364959
-0.165023,19,960.834429
1.702204,26,961.496177
-0.601716,18,961.959473
-1.516172,15,962.354116
-0.575105,18,962.815338
-0.34143,18,963.285511
1.209881,25,963.916151
0.828817,23,964.491957
-0.367186,18,964.944723
0.466435,20,965.452209
0.533344,20,965.974105
0.526311,21,966.522032
-0.136407,19,967.022625
-1.099786,16,967.455217
0.188652,19,967.94801
0.830111,22,968.507559
-0.628449,17,968.963244
0.779547,23,969.569311
0.389639,20,970.084912
0.230747,19,970.570281
-0.866814,16,970.980884
0.968902,23,971.585086
0.09979,17,972.024528
-0.707574,16,972.440415
-0.106614,19,972.918017
-0.375422,18,973.372133
-1.05521,16,973.782461
-0.716347,16,974.183017
0.93162,22,974.726419
0.866196,23,975.293503
0.605463,21,975.813061
1.649542,26,976.474015
-0.08341,20,976.980497
-1.162206,15,977.374715
-0.651167,18,977.835016
-0.966976,17,978.267008
-0.839355,16,978.683551
-0.819067,17,979.132717
0.308578,21,979.692964
0.032361,18,980.173531
-0.530245,18,980.655643
-0.37265,16,981.0815
-0.820253,16,981.516379
-0.593234,17,981.972361
0.20202,19,982.470224
0.878223,21,983.028718
-0.242181,19,983.533752
-0.344718,18,984.012398
-0.890089,16,984.43018
-1.449104,15,984.841596
0.557215,22,985.400788
0.129309,19,985.90541
-0.230058,18,986.419365
-1.524903,15,986.845737
0.094384,18,987.342212
-0.131751,18,987.847194
0.257742,20,988.396932
-0.12845,18,988.889669
2.115989,27,989.634513
-0.36613,17,990.074369
0.257421,19,990.54937
-0.658978,17,990.972541
-0.353945,18,991.442622
0.236491,20,991.957485
-1.092516,15,992.34258
0.247725,21,992.872616
0.155557,20,993.379365
1.145363,24,993.995216
0.832132,22,994.525081
-0.564878,18,994.979505
-0.124755,19,995.464112
-0.042571,18,995.926032
-0.790105,16,996.335493
0.758262,22,996.889786
1.187811,25,997.544805
0.034249,20,998.052225
-1.417622,14,998.396371
0.482759,22,998.957553
1.138318,23,999.55828
0.728522,22,1000.120347
-0.245294,18,1000.578963
-0.382821,17,1000.992103
-0.508268,18,1001.44838
-0.941332,16,1001.847874
-0.582436,17,1002.294913
0.724451,20,1002.812157
0.514543,21,1003.335404
-0.159031,19,1003.810424
-1.169726,15,1004.185116
-0.520861,18,1004.652344
-0.803169,16,1005.067067
0.351862,20,1013.980649
-0.754908,17,1014.476113
-0.074916,19,1015.020553
0.803567,23,1015.652074
0.218592,19,1016.197152
-0.014608,19,1016.730989
0.387644,18,1017.240995
0.47021,19,1017.773917
1.437872,26,1018.460492
-1.151727,15,1018.854647
0.737808,21,1019.387473
-1.847856,14,1019.749683
-0.489508,18,1020.211684
0.606568,21,1020.757086
0.230754,20,1021.259196
0.336994,21,1021.793423
0.96182,23,1022.38865
0.222557,20,1022.92071
0.767536,21,1023.467715
0.523545,21,1024.015132
-0.949307,16,1024.422623
-0.243934,18,1024.894424
0.152452,20,1025.419345
0.049234,19,1025.928514
0.185873,21,1026.474647
-1.29049,15,1026.858959
0.606857,22,1027.428954
-0.269852,18,1027.898732
0.871497,25,1028.533072
-1.344052,15,1028.922532
0.015821,18,1029.374903
-1.018625,16,1029.773292
0.74516,22,1030.326572
-1.280956,15,1030.711197
0.295712,20,1031.218533
-0.085206,18,1031.678673
1.094301,23,1032.271407
-2.212151,13,1032.584492
-0.675651,17,1033.015641
-0.649898,16,1033.433235
0.039761,20,1033.9491
0.643768,21,1034.504625
-0.596181,17,1034.944107
0.310437,20,1035.450674
-0.482241,18,1035.910561
-0.474549,18,1036.36596
0.538429,19,1036.860984
1.190637,23,1037.458054
-1.138303,15,1037.852553
1.053871,24,1038.499107
0.216456,19,1039.001526
0.548907,20,1039.529009
-0.499235,18,1040.001227
-0.27952,18,1040.483966
-0.330951,18,1040.958997
0.325611,21,1041.51995
-0.472577,17,1041.976541
-1.581869,15,1042.378452
-1.926202,14,1042.740535
0.392596,21,1043.301192
-2.16784,13,1043.639211
-0.37112,18,1044.113891
-1.348037,15,1044.526175
0.503193,20,1045.056217
-0.904726,16,1045.497033
-1.988684,13,1045.856487
-0.548567,17,1046.300757
0.641942,21,1046.834404
-0.375784,19,1047.304079
1.177287,26,1047.956657
-1.113474,15,1048.325438
0.078667,18,1048.786509
-0.917667,16,1049.200372
-0.766072,17,1049.630088
-0.261988,17,1050.061898
-1.188455,15,1050.454969
-0.844632,17,1050.935894
-0.27884,18,1051.431955
-1.070041,16,1051.841895
0.26499,21,1052.372258
-0.965036,15,1052.774
-0.746704,16,1053.189133
-0.455842,18,1053.657262
-0.379932,18,1054.118577
-0.747527,16,1054.534498
0.859746,21,1055.089536
0.894035,22,1055.658014
1.308958,22,1056.218544
-2.194888,13,1056.548818
-0.790605,17,1056.978288
2.193974,28,1057.702767
-0.031266,18,1058.163289
0.244913,19,1058.663329
0.321799,20,1059.195618
-0.680729,17,1059.641458
-0.471113,18,1060.101477
0.233572,20,1060.623329
-0.063056,19,1061.106304
-0.3355,18,1061.566834
0.039947,19,1062.058768
-0.289981,18,1062.521545
0.49157,19,1062.998526
-0.43885,18,1063.461726
-0.636429,17,1063.893147
-0.421443,18,1064.341601
-0.140699,18,1064.797736
-0.761746,17,1065.230437
0.104186,19,1065.714892
-0.075941,19,1066.210663
-1.002265,15,1066.586163
0.360945,22,1067.166378
-0.276218,18,1076.091367
1.198566,23,1076.740415
0.197731,20,1077.292938
0.792265,22,1077.912282
0.714589,21,1078.487575
-0.475556,18,1078.990588
-0.116709,19,1079.515183
0.585836,21,1080.091408
0.281905,20,1080.65148
0.008077,20,1081.219925
0.204138,20,1081.779838
0.709764,22,1082.372228
0.088119,19,1082.908073
0.087799,19,1083.44421
2.215057,32,1084.315852
0.567401,22,1084.900484
1.017741,23,1085.530102
1.837823,29,1086.32789
-0.800216,17,1086.793239
-0.536064,17,1087.282855
2.302531,31,1088.13837
-0.569426,17,1088.604301
0.087704,19,1089.122186
0.135932,20,1089.652462
1.791633,35,1090.608675
-1.109427,16,1091.053554
-0.012899,20,1091.614302
0.496852,20,1092.174163
0.357161,20,1092.741275
0.286663,20,1093.308068
-0.168672,19,1093.833297
1.179414,24,1094.49456
0.689189,22,1095.111657
-0.002698,20,1095.681669
-1.480353,15,1096.105987
1.109114,26,1096.787333
-0.095855,20,1097.307572
1.203831,25,1097.952113
0.565023,22,1098.524513
0.089411,19,1099.0277
0.547456,21,1099.57866
-1.25576,15,1099.989453
-0.188354,19,1100.485283
-2.324919,13,1100.82162
-1.655904,14,1101.17441
0.527122,21,1101.733457
-0.393047,18,1102.190487
-0.307104,19,1102.672722
0.20248,21,1103.204905
0.520841,21,1103.73487
-0.861923,17,1104.153919
-1.036016,16,1104.56585
-0.544917,18,1105.045163
-1.140585,16,1105.481535
-0.641237,18,1105.945041
-0.067672,19,1106.49268
-0.257522,18,1106.999751
-0.640827,17,1107.487392
0.156877,21,1108.083702
-1.034591,16,1108.544339
-1.585954,14,1108.927362
-1.553369,14,1109.31697
-0.030975,20,1109.853451
1.211729,25,1110.563846
0.101794,19,1111.098704
1.566548,30,1111.933259
-1.35085,15,1112.353336
2.047297,29,1113.117746
-1.431906,15,1113.5103
0.320309,19,1113.988943
-0.765113,17,1114.437393
0.730087,23,1115.031096
-0.269235,19,1115.532251
0.84342,22,1116.0931
0.110026,21,1116.630807
-0.292055,19,1117.117534
-0.17831,18,1117.579453
1.150731,24,1118.213044
-1.554808,15,1118.605079
1.851171,26,1119.265717
1.825146,30,1120.048452
0.983752,23,1120.640583
-1.271729,16,1121.065108
1.669049,29,1121.822943
-0.344651,17,1122.255215
0.840681,23,1122.865595
-0.718836,17,1123.297111
-1.007892,16,1123.713288
1.268737,24,1124.332361
-0.746968,17,1124.771004
-0.961789,16,1125.179924
1.39919,22,1125.758423
-0.962801,16,1126.169174
-0.848009,16,1126.578048
0.768819,22,1127.136502
0.011515,19,1127.622329
-2.235758,13,1127.961578
-1.272756,15,1128.33713
-0.54013,18,1128.814736
-0.704925,16,1129.230742
-0.900092,17,1129.652694
0.746262,21,1130.198586
-0.39202,18,1139.196192
-0.652211,17,1139.694833
-0.786645,17,1140.166921
-1.815894,14,1140.571948
1.194365,25,1141.25388
0.230724,20,1141.8075
0.967283,25,1142.43166
-1.341164,15,1142.833684
0.281312,21,1143.372442
0.846538,23,1143.951135
0.605378,22,1144.520879
-0.691346,17,1144.961368
-1.483031,15,1145.337261
0.769949,22,1145.895577
0.949011,25,1146.53642
2.257145,36,1147.454845
0.997082,23,1148.047797
-0.107153,18,1148.509325
-1.435542,15,1148.885188
-0.012913,19,1149.368899
-1.090279,16,1149.783992
0.351835,21,1150.322298
-0.618001,18,1150.78265
-0.413866,17,1151.22238
-0.554066,18,1151.685845
-0.505701,18,1152.140699
-0.731044,16,1152.546917
0.283301,19,1153.03323
-0.479812,18,1153.503747
-0.407135,18,1153.966066
0.428194,21,1154.510331
-0.996362,16,1154.909928
1.165886,24,1155.525606
2.666241,33,1156.342464
0.621148,21,1156.867455
0.103858,19,1157.347691
0.35092,21,1157.884126
-1.290813,15,1158.280987
-0.2368,19,1158.773161
0.493817,22,1159.345758
-0.063287,20,1159.873917
-1.062182,16,1160.309629
0.997411,24,1160.956684
0.526789,22,1161.522412
1.014784,26,1162.202744
-1.826777,14,1162.583739
1.037505,26,1163.270105
-0.243076,19,1163.766218
-1.235713,16,1164.182706
-0.253472,18,1164.655619
-1.299081,15,1165.059622
-0.43273,18,1165.540487
-1.089171,16,1165.996416
0.906954,21,1166.587458
-0.024119,19,1167.124291
0.417323,21,1167.709091
-0.709106,16,1168.125622
-0.684311,17,1168.556285
-0.685357,16,1168.956133
-0.949458,17,1169.405111
-1.745022,14,1169.783302
1.505272,27,1170.466365
-0.345955,17,1170.90203
0.403585,21,1171.440687
-0.120835,18,1171.90249
0.041634,19,1172.404843
-1.176554,16,1172.811974
-0.431083,18,1173.274042
-0.46046,18,1173.750316
0.439248,20,1174.267829
-0.747763,17,1174.689775
-0.579912,18,1175.160755
0.014618,19,1175.6521
0.273922,20,1176.177838
1.223995,26,1176.82668
-1.909825,14,1177.188837
0.297199,21,1177.720487
-0.367759,18,1178.190726
1.213755,26,1178.835959
1.563271,31,1179.622777
0.390155,19,1180.100473
0.161978,21,1180.632659
-0.885098,17,1181.089196
-1.79687,14,1181.444544
-0.758287,17,1181.867351
-0.132859,19,1182.361755
-0.009916,20,1182.870141
-0.628154,18,1183.327803
0.291336,20,1183.843983
1.132946,25,1184.472766
1.199617,24,1185.097762
-0.15134,19,1185.600915
0.366758,21,1186.141243
0.643519,22,1186.701751
0.665067,22,1187.27186
-1.213952,16,1187.688946
1.109114,25,1188.316606
-0.31731,19,1188.808147
-1.046783,16,1189.215935
-0.23853,19,1189.701665
-0.8262,17,1190.139891
0.077349,19,1190.625375
1.591725,28,1191.348032
0.62346,22,1191.912227
-1.190597,16,1200.861572
0.239632,21,1201.452891
-0.333893,19,1201.965331
-1.353496,15,1202.390375
-0.141914,19,1202.929663
-1.2972,16,1203.371726
0.929665,25,1204.038772
-0.341147,18,1204.49835
-0.619123,17,1204.952308
0.093991,19,1205.420616
-0.100807,20,1205.945886
1.134203,26,1206.625158
0.854843,24,1207.24698
0.797633,23,1207.830369
-0.467409,17,1208.278079
-0.365764,18,1208.745718
-0.885902,17,1209.192231
0.117291,21,1209.730139
0.580276,22,1210.306551
0.245806,20,1210.805006
1.242223,23,1211.406704
-0.975506,17,1211.839667
0.130766,19,1212.336384
1.001177,25,1212.975849
-0.131414,19,1213.469799
0.60779,21,1214.002253
0.40599,22,1214.557803
-0.74222,17,1214.990487
0.498568,23,1215.562034
0.577985,23,1216.153506
0.337897,22,1216.728663
-0.534571,18,1217.198842
0.659087,23,1217.800911
2.143697,34,1218.710744
-0.817318,17,1219.16052
-0.921298,16,1219.569811
-0.516372,18,1220.035195
-0.798352,17,1220.494062
-1.512261,15,1220.880006
2.327874,36,1221.821533
-0.308877,19,1222.317735
-0.282915,18,1222.800533
-0.281079,19,1223.307074
-0.658619,17,1223.758431
-0.675185,17,1224.205727
-0.313906,19,1224.703618
-0.996941,17,1225.180748
-0.505412,18,1225.698941
-0.349088,19,1226.221085
0.241437,21,1226.803001
2.58767,35,1227.772598
2.017546,30,1228.558722
2.867024,34,1229.416913
-0.774012,17,1229.862824
2.009604,31,1230.651437
0.70045,23,1231.226654
-0.113389,19,1231.716355
-1.923385,14,1232.101555
-0.825694,17,1232.531575
-0.513379,18,1232.989995
0.262232,21,1233.5193
-0.116406,19,1233.995932
0.190937,21,1234.543901
-0.381809,19,1235.029626
-0.170686,19,1235.513592
0.633049,22,1236.067274
-0.441965,19,1236.559738
0.309583,21,1237.108363
-0.044643,20,1237.634684
0.196246,21,1238.16647
-1.683683,14,1238.536586
-0.006189,19,1239.029266
-0.657402,18,1239.477734
-0.461833,18,1239.948536
2.595684,44,1241.074694
0.931227,23,1241.663005
-0.998308,16,1242.072246
-0.322806,19,1242.551349
1.29814,28,1243.269156
0.683518,21,1243.810013
0.262108,21,1244.334968
-1.152586,16,1244.743228
0.847709,23,1245.338813
1.643384,32,1246.157167
0.210848,21,1246.686361
0.203145,21,1247.230107
1.243284,26,1247.901284
-1.240845,16,1248.294354
-0.145423,20,1248.81141
0.427111,22,1249.383406
-0.050062,19,1249.86818
-1.080293,16,1250.277398
0.427828,22,1250.831765
0.66258,23,1251.425751
0.455887,22,1251.997238
1.484025,27,1252.689132
-0.134587,19,1253.174096
0.601726,23,1253.749662
-0.420524,19,1262.776448
0.397807,21,1263.386638
0.211053,20,1263.929839
0.570238,25,1264.571934
-1.962516,14,1264.933462
-1.057259,16,1265.363811
-0.661851,18,1265.869621
1.297669,27,1266.617176
-1.574182,14,1267.036892
-1.066621,16,1267.486605
0.112073,20,1268.070081
2.463521,44,1269.344306
-0.467798,18,1269.872766
3.181316,44,1271.115753
-0.032181,19,1271.670301
-1.624091,15,1272.106807
-0.466764,18,1272.639084
0.24625,21,1273.252568
-0.769859,17,1273.737577
0.889247,25,1274.464607
-1.49638,15,1274.877522
1.296924,28,1275.617096
0.183736,21,1276.152834
-0.286466,19,1276.686241
-0.596401,18,1277.163347
-0.882335,17,1277.620574
-1.199167,16,1278.043584
-0.994585,17,1278.49769
1.65281,31,1279.307469
-0.246646,19,1279.832831
-0.299458,18,1280.320311
-0.297069,19,1280.82061
-0.191067,19,1281.312222
0.583818,22,1281.882871
-0.18738,18,1282.331555
0.783043,22,1282.910162
0.68501,24,1283.559136
1.227072,27,1284.249912
-0.702017,17,1284.691622
-1.043048,16,1285.141841
-0.303541,18,1285.640203
0.260907,22,1286.254768
-0.138301,19,1286.772878
0.019296,19,1287.29262
-1.306235,16,1287.757009
-0.886916,17,1288.235417
-1.606339,14,1288.620673
2.510808,38,1289.688264
-0.348456,19,1290.224516
-0.094,20,1290.768903
1.014346,23,1291.419801
-1.623944,15,1291.84446
1.180338,27,1292.628382
0.317273,19,1293.169578
0.741738,23,1293.83855
-0.606723,17,1294.338562
-0.368939,19,1294.877259
-0.874055,17,1295.375314
-0.10448,20,1295.956773
1.478021,30,1296.818419
-1.026131,16,1297.27641
0.11676,20,1297.836506
1.573935,31,1298.727578
0.504671,22,1299.339979
-0.574025,17,1299.827358
-1.479519,15,1300.25114
0.155707,20,1300.815654
0.219888,21,1301.422019
-0.839414,16,1301.884156
0.126279,20,1302.456808
-1.431327,15,1302.892079
1.236413,26,1303.64432
0.090828,20,1304.230392
1.004479,23,1304.88202
-0.395187,18,1305.38799
-1.465254,15,1305.822379
0.527796,22,1306.461621
1.181736,28,1307.276448
-0.416056,18,1307.779619
-0.477241,19,1308.329424
-0.837062,17,1308.826044
3.77129,66,1310.732628
-0.500985,18,1311.241505
0.626309,24,1311.904887
-0.845419,16,1312.360317
1.029283,26,1313.096845
6.555086,134,1316.871186
0.073986,20,1317.420961
-1.158786,16,1317.867285
0.190116,21,1318.453673
-0.193301,19,1318.980734
-0.892763,17,1319.46242
-1.900741,14,1319.835567
0.16968,20,1328.930274
0.822568,26,1329.684991
1.561537,30,1330.540616
-0.430213,19,1331.084728
0.524645,23,1331.743006
0.036266,21,1332.340057
0.187821,20,1332.893549
-1.247384,16,1333.337173
-0.412184,19,1333.818295
0.079765,21,1334.350945
-0.327857,19,1334.82901
-0.615045,18,1335.309214
0.207156,21,1335.833443
3.09766,47,1336.983088
0.478525,21,1337.510143
-0.222851,19,1337.979928
0.943298,25,1338.603158
-1.173746,16,1339.020943
-0.104732,19,1339.507653
0.653897,25,1340.170607
1.374388,35,1341.087296
1.925934,31,1341.874012
0.350829,22,1342.442018
-1.013221,16,1342.844625
-1.141387,16,1343.26345
-0.437207,19,1343.761611
5.396205,83,1345.859983
-0.152561,19,1346.357593
0.767074,23,1346.977195
0.480592,23,1347.615841
-0.711036,17,1348.088769
0.692191,23,1348.732849
7.988033,175,1353.565686
0.387674,22,1354.187615
0.412246,21,1354.775763
1.316179,26,1355.480797
0.559078,22,1356.041982
0.164563,21,1356.574817
0.279264,19,1357.060868
0.209033,20,1357.579473
0.050392,21,1358.11425
5.049012,89,1360.382648
0.667426,25,1361.039668
-0.634671,17,1361.463751
0.007178,20,1361.964665
1.212131,25,1362.587742
-0.354683,19,1363.075491
-1.691018,15,1363.478262
0.723703,25,1364.085484
2.106733,35,1364.970526
-0.59219,18,1365.425464
0.705615,24,1366.028858
-1.03922,16,1366.432668
-0.571789,18,1366.887404
0.953376,24,1367.496796
2.539978,50,1368.747472
-1.61522,15,1369.116512
-0.250726,19,1369.580046
-0.17618,19,1370.051924
0.874412,26,1370.699891
-0.557403,18,1371.151145
0.480189,21,1371.69694
-1.301577,16,1372.106785
0.46504,22,1372.669866
0.431138,23,1373.266024
-0.547237,18,1373.721572
-0.158797,19,1374.194381
2.916484,56,1375.584002
-1.168359,16,1375.980026
1.484234,29,1376.712468
-0.873407,17,1377.129802
4.231379,76,1379.069207
-0.228976,19,1379.558338
-0.883799,17,1379.998805
-1.18317,16,1380.392569
-1.638446,15,1380.777886
1.982443,34,1381.640597
-1.31468,16,1390.728947
-0.539031,18,1391.230014
-1.219071,16,1391.659542
-2.304109,13,1392.018519
0.21576,21,1392.570266
1.701393,35,1393.50586
-0.806821,17,1393.960483
0.016774,21,1394.520141
0.210092,22,1395.109432
-1.05029,16,1395.550629
-1.355913,16,1395.98609
-0.025361,21,1396.560143
0.002283,20,1397.10202
1.920018,54,1398.528863
-0.421462,19,1399.023791
-0.672902,18,1399.490384
0.362975,23,1400.064687
-0.624557,18,1400.531173
0.593233,25,1401.168612
-0.17394,19,1401.640622
5.92654,164,1405.73298
0.662174,22,1406.274818
-0.597787,18,1406.722541
0.807635,25,1407.34381
0.631531,25,1407.968943
0.285791,20,1408.509253
-0.211293,20,1409.041519
-1.609249,15,1409.445783
-0.497058,19,1409.941957
-1.580112,15,1410.355275
-0.644609,18,1410.833132
0.134927,21,1411.333422
-1.586717,15,1411.684743
0.493354,23,1412.228247
-0.878893,17,1412.643641
-0.008141,20,1413.125838
15.983799,176,1417.396256
-0.192337,20,1417.887513
-0.027662,21,1418.39518
-0.538133,18,1418.825433
16.113395,176,1423.117193
4.767433,82,1425.185637
0.407444,24,1425.798395
-0.498412,18,1426.243841
16.620281,176,1430.579208
-0.48691,19,1431.068262
1.292107,33,1431.88951
-1.612056,15,1432.267514
18.244171,176,1436.541449
-0.386372,18,1436.983014
17.797126,176,1441.298699
15.400797,176,1454.390453
15.938688,176,1458.670212
-0.706957,18,1459.116746
-1.204232,16,1459.508815
-1.636292,15,1459.877246
0.100547,21,1460.421273
-1.617439,14,1460.776167
0.098451,22,1461.345421
-0.646581,18,1461.802537
0.982467,29,1462.543697
-1.980769,14,1462.915031
-0.849747,17,1463.357816
-0.201053,20,1463.852023
-1.187499,16,1464.244881
-1.176096,16,1464.638179
14.480294,176,1469.113096
15.177998,176,1473.388181
17.071652,176,1477.65128
-0.286333,19,1478.102822
-0.096559,20,1478.571585
15.045792,176,1482.842711
0.735277,25,1483.468722
-1.239347,16,1483.863515
-1.676833,15,1484.235723
17.038687,176,1488.479279
0.530168,23,1489.03213
-0.048454,20,1489.515584
0.053467,21,1490.011803
15.139146,176,1494.247972
-0.137131,20,1494.729094
-0.152134,19,1495.183569
-0.827203,17,1495.590328
-0.919848,17,1496.006316
-0.409634,19,1496.459087
0.428698,24,1497.044061
-0.730743,18,1497.490577
13.248605,176,1510.551168
-0.006626,21,1511.106247
-0.066081,21,1511.665385
-0.670218,18,1512.140448
16.493786,176,1516.35956
15.574484,176,1520.652033
16.81947,176,1524.981854
-0.469901,18,1525.439984
-0.633102,18,1525.881039
15.226621,176,1530.339732
0.688449,24,1530.93477
-0.281262,19,1531.404074
0.685365,26,1532.03997
-1.347124,16,1532.422012
1.060831,28,1533.107484
-0.422052,19,1533.558451
0.333739,23,1534.111223
-0.202542,20,1534.588484
-0.446295,19,1535.06169
-1.538828,15,1535.441271
-1.24244,16,1535.831521
0.387895,24,1536.42748
-0.377977,19,1536.908348
-0.936479,17,1537.338158
15.644634,176,1541.914561
-0.056477,21,1542.452151
-0.405715,19,1542.951392
0.014237,21,1543.484535
16.401501,176,1548.128586
13.051685,176,1552.620142
16.330091,176,1557.117436
0.167507,21,1557.660146
-1.610295,15,1558.055809
0.041316,21,1558.606049
0.274557,23,1559.222283
-0.988534,17,1559.671145
-0.702402,18,1560.147788
-0.4581,19,1560.619135
-0.349134,19,1569.818486
0.176093,21,1570.393148
16.01257,176,1574.913643
0.947986,29,1575.673903
16.75574,176,1580.277609
0.420458,23,1580.869546
15.067153,176,1585.102999
-0.636478,18,1585.559757
-1.879698,14,1585.914204
-1.299984,16,1586.309365
-0.159475,19,1586.773934
0.330014,22,1587.326916
18.509103,176,1591.531813
0.328092,22,1592.058372
-0.354263,19,1592.532445
-0.141121,20,1593.028476
0.328182,22,1593.590751
-0.081097,20,1594.079576
-0.172838,20,1594.574561
18.926853,176,1598.852626
16.23882,176,1603.033949
-0.363095,19,1603.496157
-1.525269,15,1603.874496
16.781911,176,1608.055115
-0.373618,19,1608.509247
0.204083,21,1609.00787
-0.076342,20,1609.491207
-1.55007,15,1609.867967
-0.256756,19,1610.34416
13.125297,176,1614.6479
0.933291,29,1615.378705
14.771737,176,1619.571244
16.45912,176,1632.954507
0.046156,21,1633.509966
0.548914,25,1634.137951
16.117581,176,1638.316315
-0.529873,18,1638.746353
16.374612,176,1642.970015
18.472888,176,1647.075348
18.116244,176,1651.368158
-1.207495,16,1651.801375
-0.930495,17,1652.260656
0.385657,24,1652.906539
0.035188,21,1653.461094
-0.331646,18,1653.950188
0.612034,27,1654.667081
-1.685486,15,1655.067735
-1.901484,14,1655.432831
19.813857,176,1659.813086
-1.551162,15,1660.182669
-0.569207,18,1660.61097
1.431658,33,1661.394149
17.110458,176,1665.566648
0.556263,23,1666.145291
-0.125277,20,1666.62706
-1.13616,16,1667.013694
0.389331,23,1667.560551
18.179242,176,1671.791857
0.173602,21,1672.300841
-0.103667,20,1672.780452
-1.150192,16,1673.172783
0.375005,23,1673.715668
-0.103929,20,1674.190553
-0.17414,19,1674.652192
0.625167,26,1675.304681
-1.010763,16,1675.696776
17.480023,176,1688.809243
0.101762,21,1689.338358
15.905576,176,1693.548547
0.392874,23,1694.092474
-0.978382,17,1694.509519
0.654,24,1695.10403
-0.695612,18,1695.550443
15.800434,176,1699.760581
19.634032,176,1704.146207
0.114441,22,1704.688225
-0.538122,18,1705.137123
-2.235832,13,1705.460981
-0.590969,18,1705.901747
-0.123173,20,1706.396522
-0.633729,18,1706.853858
-0.502814,18,1707.303445
16.476278,176,1711.584987
0.468757,24,1712.227304
0.239035,22,1712.793013
15.328175,176,1717.047611
-1.524951,15,1717.426318
-1.120569,16,1717.825842
0.129589,21,1718.341019
-0.193647,19,1718.793527
-0.346065,19,1719.262317
0.277154,22,1719.801207
-0.0844,20,1720.300265
15.69185,176,1724.458421
16.76685,176,1728.629929
0.113268,22,1729.157251
-0.366304,19,1729.627891
16.956885,176,1733.890671
-0.601295,18,1734.314209
-0.684959,18,1734.773594
16.447187,176,1748.084939
0.415085,22,1748.64171
18.09651,176,1752.774876
17.481478,176,1756.982318
-0.133582,20,1757.466193
16.988875,176,1761.658944
17.119717,176,1765.891288
16.022283,176,1770.234154
-1.136396,16,1770.62938
0.240933,22,1771.177594
15.738857,176,1775.600143
-0.240772,20,1776.078207
-1.182792,16,1776.471345
0.201887,22,1776.993487
-0.780081,17,1777.402042
15.532483,176,1781.638131
0.689082,27,1782.277515
15.035092,176,1786.433271
18.528688,176,1790.663994
18.765645,176,1794.810322
18.549753,176,1807.994949
-0.572645,18,1808.433872
16.515922,176,1812.641228
16.749372,176,1816.80266
-0.013365,20,1817.275872
-0.069517,21,1817.785181
-1.231014,16,1818.18685
-0.278386,20,1818.697583
-1.909857,14,1819.041674
16.185181,176,1823.273427
-1.067545,16,1823.692825
19.07968,176,1827.953698
-1.095603,16,1828.364978
-0.416152,19,1828.847704
18.441848,176,1833.147652
-0.08261,21,1833.671685
-1.238641,16,1834.065608
-0.357352,18,1834.504405
16.419694,176,1838.667367
17.096396,176,1842.904819
16.456006,176,1847.121769
15.360388,176,1851.279168
-1.33771,15,1851.648484
-1.165405,16,1852.03258
-1.579001,15,1852.393101
-0.743287,17,1852.796355
15.810812,176,1865.913387
16.610904,176,1870.098
-0.285927,19,1870.559056
-1.259098,16,1870.950357
-0.953663,17,1871.355049
-1.530639,15,1871.713248
-0.15524,20,1872.207076
-0.704392,18,1872.651628
-1.225516,16,1873.038723
-0.596369,18,1873.469878
17.18331,176,1877.705078
-1.227705,16,1878.096641
0.317374,24,1878.667809
15.268192,176,1882.97448
-1.002786,17,1883.362768
-0.891521,17,1883.751866
0.317374,24,1884.313195
-0.160608,20,1884.784748
14.653386,176,1888.862067
14.065361,176,1893.042181
16.436174,176,1897.362071
14.93518,176,1901.613772
0.201898,23,1902.214072
-1.220592,16,1902.663679
-1.190153,16,1903.088899
16.891517,176,1907.562179
-1.051234,17,1908.002168
0.571302,26,1908.641423
17.607748,176,1922.018738
0.460846,25,1922.65214
-1.543299,15,1923.050256
-0.902749,17,1923.47701
15.65235,176,1927.681826
-0.266734,20,1928.172857
-1.195988,16,1928.561782
-0.009719,21,1929.093499
-1.474873,15,1929.501256
0.034389,21,1930.058185
16.809193,176,1934.298143
-0.981261,17,1934.714214
-0.303168,19,1935.186619
0.006509,21,1935.698648
14.983608,176,1939.976346
16.271232,176,1944.206513
0.656338,27,1944.859177
0.385255,23,1945.39901
0.605034,26,1946.026001
-1.188173,16,1946.407053
-1.124063,16,1946.772733
0.22,23,1947.328368
-0.122972,20,1947.819363
0.068864,22,1948.354975
-0.106704,20,1948.849185
-0.48985,19,1949.319423
15.473532,176,1953.646
0.045097,21,1954.172945
-0.20196,20,1954.695995
-0.399267,19,1955.208527
16.128743,176,1959.540997
-2.22077,13,1959.858104
-0.302509,20,1960.334203
15.394491,176,1964.55518
-1.5594,15,1964.92672
-0.195555,20,1965.412472
-1.281577,16,1965.805541
15.707245,176,1970.022067
-0.488607,19,1970.465163
0.605856,27,1971.096029
17.569778,176,1984.656893
16.104496,176,1989.365437
-1.603008,15,1989.767411
-1.246479,16,1990.211621
-0.168617,20,1990.751425
-0.929902,17,1991.210835
-0.39987,19,1991.700789
-0.887209,17,1992.145856
-0.678936,18,1992.64537
15.492964,176,1997.338376
-0.936941,16,1997.758672
-0.619207,18,1998.2258
-0.263782,20,1998.729473
18.132878,176,2002.966686
14.904699,176,2007.126518
-0.699653,18,2007.57174
-0.686156,18,2008.019497
0.438295,24,2008.616102
-0.664249,18,2009.069675
0.248204,23,2009.630172
17.954983,176,2013.87735
16.326182,176,2018.40286
16.560695,176,2022.574123
-0.217618,20,2023.053849
0.160393,22,2023.583931
16.491278,176,2027.799672
16.304009,176,2041.126935
17.541558,176,2045.349601
-0.313495,19,2045.819918
-1.511839,15,2046.205729
17.577174,176,2050.444684
-0.415846,19,2050.909137
17.649124,176,2055.136471
-0.685457,18,2055.559386
14.504573,176,2059.782516
-0.587171,18,2060.20504
0.344946,24,2060.772077
-1.021867,17,2061.170158
14.71122,176,2065.346331
-0.590663,18,2065.771539
0.611855,25,2066.366233
18.513864,176,2070.618024
-0.745959,18,2071.056534
19.887845,176,2075.46219
-1.325435,16,2075.885596
-1.261459,16,2076.293269
0.328796,23,2076.854014
-0.622528,18,2077.307602
0.607757,26,2077.928277
-1.180931,16,2078.318303
15.413572,176,2082.521546
-0.013725,21,2083.018215
-1.185442,16,2083.399951
-0.187028,20,2083.887493
0.015988,21,2084.381649
17.833652,176,2088.627923
15.670322,176,2102.167162
0.22,23,2102.720131
0.454545,25,2103.329253
0.078043,22,2103.844143
18.646926,176,2107.996269
-0.956159,17,2108.418974
18.168561,176,2112.72638
-1.224756,16,2113.114236
-0.287202,19,2113.588991
16.429211,176,2117.808825
-0.507632,19,2118.264246
-0.66853,18,2118.696664
-0.072727,21,2119.198913
0.063278,22,2119.724588
15.321739,176,2123.892937
18.633584,176,2128.170208
-1.267826,16,2128.556561
16.233609,176,2132.852693
-0.707154,18,2133.323128
-0.954758,17,2133.773589
0.423153,25,2134.426677
-2.21277,13,2134.772533
15.599903,176,2139.09171
-0.166056,19,2139.560799
-1.974846,14,2139.914089
17.297398,176,2144.07339
17.471826,176,2148.312641
0.322524,24,2148.887085
-0.121181,20,2158.717478
0.1,22,2159.290718
17.451566,176,2163.587417
15.887893,176,2167.774528
17.39543,176,2171.948971
-0.649583,18,2172.380135
-0.628828,18,2172.809068
-2.165897,13,2173.131177
0.020602,21,2173.645007
-0.073987,20,2174.128499
-0.723988,18,2174.572749
0.109941,22,2175.112025
15.579991,176,2179.287751
16.131665,176,2183.473099
-0.863788,17,2183.870345
-1.866066,14,2184.208045
0.274519,23,2184.746911
-0.903295,17,2185.158823
-0.097369,21,2185.653067
15.357949,176,2189.777818
-0.62791,18,2190.235001
17.736564,176,2194.598434
-0.443834,19,2195.100757
15.348427,176,2199.467288
-1.165511,16,2199.850523
-0.884413,17,2200.257537
-0.501013,19,2200.709294
15.070207,176,2204.881377
-1.787162,14,2205.213296
0.191871,22,2205.742801
17.28787,176,2219.453473
16.098244,176,2223.623792
0.137222,22,2224.171386
-0.376164,19,2224.633678
18.353198,176,2228.80459
0.142289,22,2229.324992
-0.897177,17,2229.722364
-1.516316,15,2230.10012
-0.214013,20,2230.5861
-1.241656,16,2230.979629
-0.083201,20,2231.481333
-0.102594,20,2231.973966
17.870796,176,2236.170915
16.020172,176,2240.340786
18.444079,176,2244.481864
0.277767,23,2245.021684
-1.183208,16,2245.395531
-1.480998,15,2245.754894
-0.83256,17,2246.141339
-0.322486,19,2246.572858
-0.969809,17,2246.961402
-0.245629,20,2247.432346
-0.02828,21,2247.910809
-0.927029,17,2248.32847
18.057614,176,2252.646599
-1.381911,15,2253.046972
-0.880826,17,2253.511379
15.371113,176,2257.707442
17.591877,176,2261.941715
-0.828408,17,2262.350397
16.179255,176,2275.819934
15.129737,176,2280.109231
16.770714,176,2284.341148
17.280675,176,2288.56048
-1.474795,15,2288.91224
15.356049,176,2293.057567
15.221386,176,2297.28193
-0.603575,18,2297.711565
17.687852,176,2301.837356
-0.072727,21,2302.332706
-0.277109,20,2302.824639
-0.322363,19,2303.295049
16.334376,176,2307.467717
-1.486535,15,2307.811425
-1.463128,15,2308.18074
15.528666,176,2312.353287
-0.349881,19,2312.809461
15.081973,176,2317.021991
14.826217,176,2321.214323
-0.208353,20,2321.692817
-0.301096,20,2322.172543
15.551488,176,2335.875133
-0.054743,21,2336.384575
-0.655048,18,2336.82437
19.188291,176,2340.985925
-0.225375,20,2341.462307
0.077958,21,2341.961002
17.3653,176,2346.092902
18.534977,176,2350.305076
-0.013241,21,2350.80166
0.109805,22,2351.319139
17.390458,176,2355.477447
0.107143,22,2355.991083
-0.427359,19,2356.451606
14.821814,176,2360.596997
-0.395242,19,2361.05447
15.255177,176,2365.295615
17.224741,176,2369.533483
-0.152844,20,2370.010781
-0.605705,18,2370.453876
-0.47859,19,2370.914153
-1.836839,14,2371.253095
-0.925798,17,2371.659402
-0.628208,18,2372.087904
15.483387,176,2376.275667
-1.558785,15,2376.644313
-0.077768,21,2377.167671
-1.247302,16,2377.551893
16.76289,176,2381.743482
16.214431,176,2395.741049
16.694051,176,2399.962006
-0.984261,17,2400.369317
-1.597502,15,2400.737834
-1.206301,16,2401.112962
15.872012,176,2405.314003
-0.196109,20,2405.807669
0.195677,23,2406.366571
-0.924495,17,2406.775716
16.17625,176,2410.946956
17.05388,176,2415.104218
0.186775,22,2415.628876
0.062265,22,2416.154627
17.978735,176,2420.30036
0.317374,24,2420.86496
17.290849,176,2425.13606
-0.254414,20,2425.628072
-0.78771,17,2426.036109
14.259459,176,2430.303088
-0.260754,20,2430.778291
-0.151005,20,2431.260891
16.047147,176,2435.581278
15.369758,176,2440.139445
15.373019,176,2454.441266
-0.281947,19,2454.936037
17.156544,176,2459.533095
17.366299,176,2463.995603
0.096504,22,2464.550143
0.079121,22,2465.097858
17.185207,176,2469.497006
-0.411373,19,2469.988747
14.334102,176,2474.386328
-0.028112,21,2474.923388
15.895378,176,2479.271388
16.505651,176,2483.574537
-1.499793,15,2483.958006
-0.3527,19,2484.434488
-0.329164,19,2484.912948
-0.908692,17,2485.355528
-0.857337,17,2485.777918
16.855647,176,2490.055405
14.934633,176,2494.398421
0.34,24,2494.999154
-0.30271,19,2495.472626
-0.297717,19,2495.950683
15.995122,176,2500.24949
16.15913,176,2514.463097
0.1,22,2515.034415
-0.263493,20,2515.537174
14.57291,176,2520.043885
-1.527259,15,2520.443223
-0.450344,19,2520.938331
-0.019692,21,2521.483118
15.964319,176,2526.056916
0.22,23,2526.654967
-0.077842,21,2527.186918
-1.220277,16,2527.605895
0.245455,23,2528.212777
-0.272727,20,2528.724126
16.293077,176,2533.142702
16.423715,176,2537.650583
-0.443423,19,2538.142373
16.833775,176,2542.664483
-1.892371,14,2543.031276
-0.977724,17,2543.493165
17.140795,176,2548.037891
15.39323,176,2552.559544
0.033406,21,2553.096078
-0.97329,17,2553.529654
16.426804,176,2558.071005
16.215561,176,2562.657862
0.245159,23,2563.271235
-0.92144,17,2563.720574
-0.055891,21,2564.292858
15.471825,176,2578.742822
-0.728134,18,2579.221248
-0.813704,18,2579.687146
-0.424836,19,2580.179305
-0.546965,18,2580.652392
-0.930112,17,2581.100013
-1.272393,16,2581.51676
0.338496,23,2582.110013
-0.631728,18,2582.562565
-0.945324,17,2582.992671
0.046707,22,2583.542208
-0.991805,17,2583.980465
16.452665,176,2588.465569
-0.960301,17,2588.901195
-1.208047,16,2589.310336
-1.924271,14,2589.668789
17.129143,176,2594.097301
-0.844215,17,2594.533864
0.262546,23,2595.133065
20.114355,176,2599.649908
15.295893,176,2604.268762
-1.21694,16,2604.714016
19.247129,176,2609.295633
-0.197663,20,2609.824957
-0.693297,18,2610.293315
16.869371,176,2614.882678
-0.272727,20,2615.401854
-0.398223,19,2615.888911
17.94925,176,2620.42817
0.116185,22,2620.995718
15.524469,176,2625.624414
-1.008971,17,2626.075827
-1.564549,15,2626.498481
16.806216,176,2641.067507
0.1,22,2641.631372
0.454545,25,2642.29263
15.633037,176,2646.75529
-0.413332,19,2647.259007
-0.611531,18,2647.714862
-0.180223,20,2648.241568
17.543641,176,2652.787505
0.105697,21,2653.342847
-0.181561,20,2653.870526
-1.218456,16,2654.29137
-2.310198,13,2654.631653
-0.412753,19,2655.123646
0.232271,23,2655.715318
-0.754113,18,2656.181664
-1.222505,16,2656.621526
-0.630867,18,2657.106333
15.987675,176,2661.641582
16.249217,176,2666.202641
-0.368751,19,2666.704841
-1.575588,15,2667.08384
-0.68965,18,2667.559891
-0.579928,18,2668.02852
16.237955,176,2672.607271
16.316248,176,2677.136245
16.196347,176,2681.676486
0.197574,22,2682.236279
18.136724,176,2686.857626
-0.461198,19,2687.360368
13.64519,176,2702.160916
16.476749,176,2706.703393
-1.596659,15,2707.104018
-0.440679,19,2707.610482
-1.911215,14,2708.003461
16.510698,176,2712.579538
17.085128,176,2717.156877
19.479298,176,2721.694787
19.963371,176,2726.191383
16.2488,176,2730.670707
-0.037811,21,2731.237792
16.248819,176,2735.711671
-0.847671,17,2736.137609
-1.143238,16,2736.542308
15.787056,176,2741.107898
-1.253729,16,2741.527459
-0.665979,18,2741.996566
17.070729,176,2746.533586
-1.984578,14,2746.919416
0.000137,21,2747.464042
-0.493158,19,2747.936147
-0.086588,20,2748.482728
-0.224049,19,2748.977211
-0.411419,18,2749.43956
-0.340613,19,2749.940414
-0.081618,21,2750.476602
-0.618609,18,2750.922097
16.388189,176,2765.512776
-1.211013,16,2765.921685
16.968249,176,2770.38746
17.988457,176,2774.893315
-0.472632,19,2775.378008
18.279864,176,2779.898919
15.692479,176,2784.422436
-0.290651,20,2784.933853
16.887764,176,2789.368457
16.358141,176,2793.852401
16.790722,176,2798.397005
-0.933613,17,2798.828962
15.768743,176,2803.330286
-0.394405,19,2803.824295
0.538471,27,2804.545621
-0.093125,21,2805.08647
-0.578259,18,2805.573636
16.158404,176,2810.056478
-0.36352,19,2810.546959
14.389684,176,2815.060654
-0.178231,20,2815.564383
-1.190832,16,2815.974876
-0.955423,17,2816.40363
-0.359772,19,2816.903224
-0.266636,19,2827.472613
-0.446826,19,2827.964878
0.129147,22,2828.519799
-2.221464,13,2828.865607
-0.27268,20,2829.370754
16.937149,176,2833.871003
-1.284326,16,2834.304408
16.330413,176,2838.908362
18.207343,176,2843.421427
18.607818,176,2847.955295
17.891744,176,2852.592118
-1.710526,14,2852.956031
-1.108586,16,2853.372445
-0.139261,20,2853.891933
17.419939,176,2858.413746
-0.442466,19,2858.894952
-0.551091,18,2859.356879
0.04829,21,2859.890868
0.138569,21,2860.418324
0.00013,21,2860.967869
-0.270537,19,2861.460472
14.791508,176,2865.967444
-0.315773,19,2866.449873
-1.492219,15,2866.851217
-0.078429,21,2867.417088
-0.993896,17,2867.882957
-0.304233,19,2868.397471
16.6346,176,2873.06037
-0.97305,17,2873.509058
19.605357,176,2878.063005
-0.947616,17,2878.498345
18.115076,176,2892.979661
-0.374872,18,2893.452865
-0.315977,19,2893.939799
-0.356941,19,2894.424284
-1.282025,15,2894.802403
16.209375,176,2899.274285
-1.161633,16,2899.691601
0.421689,24,2900.303911
-0.604941,18,2900.764193
-0.874683,17,2901.219836
-0.778316,17,2901.65384
16.818889,176,2906.211282
-0.651312,17,2906.682726
0.238865,23,2907.275674
0.216274,23,2907.888669
-0.478668,18,2908.354988
-0.77429,17,2908.822675
-1.271292,16,2909.234557
16.598928,176,2913.682407
17.396585,176,2918.120663
0.048432,22,2918.682752
-1.480785,15,2919.071579
18.443648,176,2923.522076
-0.159893,19,2923.994382
-0.796373,17,2924.424318
-0.38622,19,2924.916299
-1.092677,16,2925.332772
-0.825881,17,2925.761243
-1.764151,14,2926.117497
0.120795,21,2926.649501
0.26975,23,2927.236681
18.306034,176,2931.652778
15.01962,176,2935.998688
0.277045,23,2936.575135
19.364322,176,2940.944756
-1.04039,16,2941.344499
0.006735,21,2941.863115
-1.444168,15,2952.132405
0.255682,23,2952.707061
-0.058059,21,2953.252145
-0.794299,17,2953.690334
0.213397,22,2954.255327
-0.757493,17,2954.700072
-1.171703,16,2955.105358
0.318845,24,2955.709116
-1.499748,15,2956.088219
0.344932,24,2956.690405
-0.854842,17,2957.12012
16.369448,176,2961.466698
-0.510623,18,2961.915075
-1.516671,15,2962.290121
16.601089,176,2966.618207
15.110546,176,2970.944867
18.373818,176,2975.210627
17.153171,176,2979.526747
-0.100775,20,2980.02009
15.107749,176,2984.421012
17.152334,176,2988.747735
0.391793,23,2989.318338
-0.967666,16,2989.712396
-1.144094,16,2990.098807
-0.279542,19,2990.576576
0.389783,24,2991.156563
-1.48304,15,2991.530953
-0.263823,20,2992.026423
15.75707,176,2996.362891
19.576738,176,3000.67795
-0.160101,19,3001.151642
-0.699637,17,3001.574839
-0.330646,19,3002.044663
-1.820312,14,3002.395238
0.343252,24,3012.928579
-0.599679,18,3013.392891
0.074553,22,3013.943666
-0.27038,19,3014.423053
-0.868743,17,3014.862965
-1.121851,16,3015.269898
18.143877,176,3019.656998
17.105589,176,3024.022343
16.44843,176,3028.300968
0.140022,22,3028.865661
17.732097,176,3033.18066
0.254611,23,3033.751043
-0.477876,18,3034.204204
17.806814,176,3038.579006
17.643606,176,3042.887036
17.05543,176,3047.19238
18.139295,176,3051.519507
-1.079082,16,3051.923687
16.383508,176,3056.276433
18.201519,176,3060.545026
17.613105,176,3074.42234
18.20387,176,3078.670572
18.513008,176,3083.00458
18.301083,176,3087.291833
-0.61839,18,3087.737736
0.035137,20,3088.246113
-1.488674,15,3088.60978
18.921297,176,3092.939496
-0.715459,17,3093.359771
-0.880112,17,3093.778893
-0.311476,19,3094.27114
0.375966,24,3094.872775
-0.661269,18,3095.334956
18.964644,176,3099.613724
-0.098915,20,3100.123395
-0.729468,17,3100.552033
19.35749,176,3104.834349
-0.479516,18,3105.296175
16.149472,176,3109.516662
-0.524267,18,3109.957142
17.767659,176,3114.166369
19.247643,176,3118.456989
-1.062511,16,3118.863014
-0.02986,20,3119.372918
-0.577911,18,3119.835823
18.163451,176,3133.870134
-1.047868,16,3134.269906
18.842465,176,3138.62831
-1.344366,15,3139.010693
0.482065,22,3139.559557
0.003932,20,3140.059515
-1.344089,15,3140.449803
-1.386611,15,3140.840965
-0.910061,16,3141.237657
-0.802567,17,3141.657379
20.623064,176,3145.979178
-0.188798,20,3146.468655
-0.691635,17,3146.887696
0.119206,22,3147.43128
-1.474196,15,3147.827674
21.855139,176,3152.133892
-0.547696,18,3152.59241
18.279746,176,3156.935008
-0.351337,19,3157.411621
-0.690115,17,3157.833194
18.538677,176,3162.145066
0.138539,22,3162.703633
-1.069062,16,3163.096147
-1.745319,14,3163.451057
20.276952,176,3167.719237
0.245587,22,3168.294082
18.393716,176,3172.540224
19.32836,176,3176.753049
-2.095316,13,3177.07656
-0.763644,17,3177.48382
0.02056,20,3177.966875
0.280753,23,3178.531351
18.763255,176,3192.348699
0.242233,23,3192.929459
0.448417,25,3193.553384
0.294887,22,3194.106983
0.040226,21,3194.621217
-0.1956,19,3195.119476
19.40123,176,3199.414561
-0.539247,18,3199.875545
-0.768065,17,3200.294073
19.388448,176,3204.676431
-0.138949,20,3205.169846
-0.442054,19,3205.635087
0.123486,22,3206.175843
21.804316,176,3210.582665
-0.267849,19,3211.058462
16.597923,176,3215.319882
18.628532,176,3219.588502
-1.734084,14,3219.938589
-0.753877,17,3220.36777
-0.581538,18,3220.820782
17.145468,176,3225.195851
-0.126296,19,3225.67313
-0.514358,18,3226.124893
18.839415,176,3230.423802
19.519938,176,3234.690501
17.657798,176,3238.87264
-0.259929,19,3239.354104
18.005811,176,3253.154889
21.840237,176,3257.442478
21.677925,176,3261.785344
22.476037,176,3266.134907
0.245455,23,3266.706917
22.465392,176,3271.058013
-0.129535,21,3271.593055
21.805027,176,3275.90974
-1.129957,16,3276.306873
-0.666955,18,3276.750753
-0.883789,17,3277.186268
-0.668702,18,3277.628682
-0.505081,19,3278.103567
-0.531492,19,3278.575871
-0.248594,19,3279.053318
0.003216,21,3279.590998
21.344781,176,3283.879123
0.033115,21,3284.427196
0.363636,24,3285.028403
-1.104887,16,3285.443506
0.220008,23,3286.016042
22.878839,176,3290.333013
-0.342167,19,3290.818808
0.196208,23,3291.398333
0.283377,23,3291.973272
-0.245153,20,3292.463356
-0.919347,17,3292.883457
18.937199,176,3297.247405
-0.101408,21,3297.751478
0.160343,22,3298.268651
-0.63632,18,3298.699944
-0.888691,17,3299.114909
-0.484348,19,3299.567994
-0.167134,20,3300.052919
20.632467,176,3313.701843
-0.629162,18,3314.153695
4.574342,89,3316.292438
23.128239,176,3320.614454
-0.035819,21,3321.130471
21.283894,176,3325.496415
18.880474,176,3329.795945
-0.445155,19,3330.264124
0.637788,26,3330.901003
1.570856,29,3331.596883
17.126488,176,3335.949268
18.690849,176,3340.279043
18.628869,176,3344.608884
0.16108,21,3345.149977
0.296805,23,3345.730936
0.101439,22,3346.294071
-1.548419,15,3346.67563
1.032364,28,3347.374862
-0.596898,18,3347.81868
-0.618172,18,3348.253825
-0.630765,18,3348.70557
-0.839098,17,3349.140028
-0.609918,18,3349.594054
19.639589,176,3353.952235
-1.017103,16,3354.349854
-0.187159,20,3354.872181
-0.007672,21,3355.398555
-1.824749,14,3355.758727
-0.604318,18,3356.202271
-0.512043,18,3356.653964
0.220726,23,3357.224624
19.671784,176,3361.474471
-0.604233,18,3361.900036
22.525978,176,3375.550029
-0.113302,20,3376.033497
-1.18343,16,3376.423845
-0.228451,20,3376.919503
-1.170483,16,3377.325934
-0.512847,18,3377.770677
-0.061569,20,3378.264422
-0.357469,19,3378.732271
22.196877,176,3383.044152
-0.819156,17,3383.470183
-1.844135,14,3383.817625
24.462854,176,3388.145276
22.76065,176,3392.435343
23.807402,176,3396.730743
23.292761,176,3401.04028
-0.957523,17,3401.469664
-0.363626,19,3401.930619
-1.016138,17,3402.341282
-0.537137,18,3402.786301
-0.280145,19,3403.24527
21.906555,176,3407.613553
20.64752,176,3411.85216
23.540282,176,3416.2097
22.003505,176,3420.571119
21.260345,176,3434.192232
-0.584198,18,3434.644525
-1.871596,14,3435.001498
20.470199,176,3439.279401
-0.639982,18,3439.730762
22.110312,176,3443.998334
21.496542,176,3448.342549
-0.129535,21,3448.862716
24.663114,176,3453.149063
-0.884773,17,3453.561258
23.208186,176,3457.909583
-0.888214,17,3458.330424
-0.568838,18,3458.766289
27.728623,176,3463.001762
-0.904034,17,3463.430114
19.401273,176,3467.7349
24.428027,176,3472.083364
21.40779,176,3476.394886
-1.082199,16,3476.807609
0.108862,22,3477.361637
-1.41736,15,3477.734514
-1.40818,15,3478.12396
-0.914034,17,3478.542746
-0.325048,19,3479.011043
25.43982,176,3492.574885
23.150899,176,3496.861853
22.368754,176,3501.222619
-0.479283,19,3501.697933
22.359881,176,3505.96372
0.095736,22,3506.50282
-0.896993,17,3506.913188
24.494674,176,3511.238638
-0.218761,20,3511.735804
23.244824,176,3516.017218
21.538974,176,3520.29967
-0.022598,21,3520.813734
0.432727,25,3521.429035
24.988994,176,3525.742692
22.35121,176,3530.044397
0.367466,24,3530.672647
-0.046537,21,3531.209225
-0.795361,17,3531.636553
-1.818502,14,3531.992913
-0.460054,19,3532.476842
0.082857,21,3532.989184
-0.695292,18,3533.432838
-1.507298,15,3533.804831
-0.563838,19,3534.274848
22.936594,176,3538.600941
-1.447853,15,3538.973326
26.415425,176,3552.559219
26.932526,176,3556.911622
28.052681,176,3561.168436
0.317374,24,3561.773116
-0.596214,18,3562.225907
27.971727,176,3566.588476
-0.647245,18,3567.028792
0.454545,25,3567.665949
27.881707,176,3571.977268
27.519401,176,3576.265025
26.968425,176,3580.484211
-0.753095,17,3580.919641
-0.24739,20,3581.427342
-0.494819,19,3581.905695
25.00141,176,3586.190966
0.22,23,3586.761782
26.672163,176,3591.076192
25.804263,176,3595.365387
25.548768,176,3599.698389
-0.179181,20,3600.207466
28.767941,176,3613.823637
25.986297,176,3618.134697
27.021897,176,3622.390041
-0.072727,21,3622.914047
26.431021,176,3627.331747
27.754744,176,3631.588146
0.065978,21,3632.135601
-0.074819,21,3632.666914
28.209817,176,3636.957363
28.404353,176,3641.234467
-0.741541,17,3641.652732
-0.265767,20,3642.158579
-0.747276,18,3642.615885
28.25273,176,3646.889446
27.087344,176,3651.169972
27.917444,176,3655.472641
0.472316,25,3656.087815
-0.221764,20,3656.592476
27.257192,176,3670.292524
-1.767188,14,3670.638605
26.151913,176,3674.918714
27.914986,176,3679.209181
0.20683,23,3679.763118
23.767689,176,3684.029423
17.428325,176,3688.388386
-0.468584,19,3688.863214
-0.618733,18,3689.29623
-1.429736,15,3689.668071
-0.088355,20,3690.156856
-0.783633,17,3690.566426
22.758984,176,3694.844423
-0.776346,18,3695.287012
0.387348,23,3695.855722
27.331068,176,3700.096785
-0.955744,17,3700.517046
0.046707,22,3701.061624
24.81823,176,3705.39589
-0.652071,18,3705.838376
0.286006,23,3706.420558
-0.272727,20,3706.909917
-1.716777,14,3707.252107
-0.851644,17,3707.668796
28.188778,176,3711.962413
28.036012,176,3716.263263
27.948109,176,3729.871241
-0.800217,17,3730.277651
-0.297031,19,3730.73143
-0.360929,19,3731.193297
-0.081065,21,3731.71931
-0.92596,17,3732.154222
-1.096146,16,3732.548428
-1.119648,16,3732.953791
-0.316737,19,3733.43603
0.518182,26,3734.099588
-1.065709,16,3734.509969
-0.312556,19,3734.984645
-1.566664,15,3735.346632
27.026048,176,3739.614111
-0.644213,18,3740.055495
-0.198263,20,3740.537642
24.192222,176,3744.844796
27.4741,176,3749.141744
0.417635,25,3749.779383
27.038348,176,3754.100438
-0.570733,18,3754.536334
0.123575,22,3755.078278
-1.096354,16,3755.478588
0.121907,21,3756.005991
-1.00431,17,3756.431143
-0.862009,17,3756.859537
-1.097033,16,3757.245731
-0.286769,20,3757.735832
-0.079446,21,3758.250486
-0.095835,21,3758.764233
0.334866,24,3759.361131
23.961798,176,3763.650457
-0.923518,17,3764.061628
-1.76942,14,3764.400337
-0.30089,20,3764.880885
-0.702768,18,3765.331075
26.908566,176,3769.666759
-1.195217,16,3770.078859
28.200642,176,3774.352499
-0.273728,20,3774.843466
