#{"t_start": 1773414659.9251842, "env_id": "continuous-highway-v0"}
r,l,t
-1.686502,11,5.292282
-0.835874,12,5.633746
0.171083,15,6.070373
0.791727,14,6.455298
-1.408997,12,6.803435
0.256962,13,7.16532
-0.752711,11,7.487666
-1.245655,11,7.791129
-0.485657,11,8.098205
-0.536308,12,8.435611
0.164059,13,8.786828
-0.966384,12,9.122638
-1.325124,12,9.470603
-0.828925,14,9.863799
-1.106435,11,10.177193
0.226137,14,10.562941
-2.340323,10,10.854838
-1.687811,10,11.240392
-1.43539,11,11.57108
-0.645305,14,11.97263
-1.255387,12,12.334635
-0.590255,14,12.80284
-1.614161,10,13.098006
-2.60985,9,13.357689
0.343522,14,13.745638
-0.528659,14,14.1642
-1.781004,10,14.438857
-0.123301,12,14.761918
-1.768367,10,15.039011
-0.455984,13,15.410162
-1.711618,10,15.719046
-1.95428,10,16.00614
-0.434559,12,16.340973
-1.560078,11,16.647643
-1.233815,11,16.961584
-0.903847,12,17.30673
-1.545773,11,17.620006
0.195908,15,18.048223
-0.04242,13,18.404793
-1.47882,11,18.710118
-1.448963,11,19.006683
-0.200056,13,19.37944
-0.026468,13,19.741856
-2.253538,9,20.010149
-1.529795,11,20.308082
-1.351296,11,20.603183
-0.943061,12,20.94119
0.455925,14,21.434225
-0.114969,14,21.921074
-1.352592,11,22.245385
-1.360778,12,22.599766
-0.828383,11,22.930647
0.038561,13,23.306604
-0.218427,12,23.662536
-2.033645,10,23.952201
-0.337853,13,24.322711
-2.161552,10,24.593155
-2.211394,10,24.881702
-0.708619,12,25.227569
-1.064852,12,25.580149
-0.73562,11,25.900206
-1.609443,11,26.222104
-1.184816,12,26.581217
-1.029337,12,26.924528
-1.720237,10,27.226361
-0.796181,12,27.582475
-1.604424,11,27.89592
-0.341559,13,28.286418
-1.59891,11,28.608021
0.06185,12,28.953743
-1.110244,13,29.326871
-1.409305,11,29.637853
-1.914001,11,29.966032
-0.892393,12,30.308508
-0.63674,12,30.724798
0.044956,13,31.13228
-0.912413,12,31.578547
-0.811162,12,31.952626
0.433405,14,32.356601
-0.882228,12,32.72347
-0.228567,12,33.064966
-0.355067,12,33.435176
-0.43588,12,33.780672
-1.777593,10,34.068863
-0.857677,12,34.432561
-0.932918,13,34.810873
0.313494,13,35.179433
-0.840255,12,35.523043
-0.320247,13,35.907102
-1.135437,12,36.243433
-0.776547,12,36.598251
-0.446804,12,36.94707
-1.212274,11,37.26579
-0.716736,12,37.609184
0.161579,13,37.976001
-1.993176,11,38.304041
-0.908452,12,38.658272
-0.820019,12,39.026213
-0.454192,12,39.446009
-0.194708,13,39.889939
-0.60784,13,40.285709
-1.093936,12,40.648713
-1.299359,11,40.972181
-0.800617,12,41.345206
-0.087501,13,41.79382
-0.306276,12,42.153086
-1.080695,11,42.490161
-1.973593,10,42.787689
-1.220393,12,43.133402
-0.809741,11,43.44296
-0.479643,12,43.80034
-1.079703,12,44.169469
-0.575842,12,44.526343
0.343766,13,44.927739
0.209737,13,45.304267
-0.93452,13,45.669519
-2.021327,11,45.987374
-0.878582,12,46.331261
0.078123,13,46.718904
-0.715461,12,47.050507
-1.757923,12,47.402195
-0.412795,13,47.786477
0.266773,15,48.225125
-1.906159,11,48.626003
-0.164763,12,48.999925
-1.616447,11,49.315776
-0.092594,13,49.684729
-1.701079,10,49.967482
-1.619249,11,50.270334
-0.331133,13,50.623597
-0.139759,12,50.974414
-0.952365,12,51.31787
0.181392,14,51.829498
-0.064959,12,52.163208
0.710028,15,52.563386
-1.057466,12,52.880363
-0.319314,12,53.197349
-0.346204,12,53.521478
-2.282485,10,53.791096
-1.31103,10,54.050893
-0.538583,13,54.405064
-1.694871,11,54.7052
0.063489,12,55.02555
-1.821991,10,55.291164
-0.318835,14,55.670877
-1.778481,10,55.937907
-2.056837,10,56.199803
-2.652707,9,56.445755
-0.658263,12,56.756751
-0.998428,12,57.086924
-1.537108,11,57.488183
-2.334597,10,57.794092
-0.713733,12,58.131064
-0.751066,12,58.460712
-0.376119,13,58.83293
-0.256331,14,59.218514
-0.609814,13,59.58825
-1.913084,10,59.851549
-0.706796,12,60.177022
-0.782637,13,60.526876
-0.550624,12,60.853706
-1.588601,11,61.207271
-0.874479,11,61.553397
-0.708023,12,61.919563
-1.505582,11,62.231363
0.45132,13,62.617625
-0.025414,15,63.047136
-1.110003,13,63.422418
-1.01233,12,63.772966
-0.988509,11,64.086508
-1.470969,13,64.45086
-0.102106,14,69.284785
-0.923864,12,69.628775
-0.720781,12,69.97545
-0.617888,12,70.32149
-0.61908,13,70.692656
-0.472078,12,71.106689
0.268107,14,71.53776
-2.103791,10,71.833768
-1.085565,11,72.136903
-0.958286,13,72.501659
0.139089,14,72.897594
-0.611818,12,73.233725
-0.075723,13,73.612405
-1.022842,12,73.950486
-1.1795,12,74.293991
-1.65545,11,74.608813
-0.866065,13,75.015751
-0.312183,13,75.433699
-0.620576,12,75.778112
-1.596651,11,76.091346
-1.817397,11,76.398269
-0.09511,14,76.79179
-0.559119,12,77.135832
1.472695,16,77.575687
-0.096857,13,77.937245
-1.554686,11,78.24223
-0.869986,12,78.579188
-1.01337,12,78.908287
0.279412,16,79.34797
-0.94648,12,79.694186
-0.727573,12,80.037138
0.233892,14,80.399982
-1.289509,11,80.691717
-0.54226,13,81.052943
0.169392,13,81.525734
-0.87886,12,81.879862
-0.481088,13,82.226427
0.012902,13,82.589887
-0.870385,12,82.911093
-1.317005,11,83.213806
-2.197242,10,83.493917
-1.438238,11,83.792243
-0.829627,13,84.249058
-1.492272,11,84.57619
0.217063,14,84.958253
-1.287812,11,85.269865
-1.633411,10,85.549119
-1.402347,12,85.881779
-0.762817,12,86.222693
-1.382253,11,86.534869
-1.485092,11,86.848886
-1.404272,12,87.191691
-0.571231,14,87.582293
-1.746394,11,87.884501
-0.418019,13,88.243318
0.253685,13,88.6081
-0.770697,13,88.958771
-1.013222,12,89.288554
-1.088366,11,89.593864
-1.21946,12,89.930009
-1.874485,10,90.218147
-0.783451,12,90.562626
0.755331,15,90.996328
-0.3955,15,91.487079
-1.045105,12,91.855231
0.379927,14,92.255883
-0.568148,13,92.668048
-1.146837,12,93.03937
-0.68148,12,93.376519
-0.769833,12,93.716243
-0.414626,14,94.101982
-1.05179,11,94.416765
-0.641729,12,94.761199
-1.509271,12,95.098235
-1.339215,11,95.410958
-1.546973,11,95.717707
-0.868953,12,96.0893
-0.293919,14,96.471973
-1.035364,12,96.824745
-1.557114,11,97.160646
-2.30806,10,97.461753
-0.954419,12,97.809247
-1.742671,11,98.123391
-0.651827,13,98.466906
-0.025844,13,98.822849
-0.925271,11,99.13284
-1.368139,12,99.48357
-0.599692,14,99.866279
-0.014096,13,100.225592
-0.493137,12,100.553729
-1.338353,12,100.897394
-1.016691,11,101.248636
-0.390396,12,101.631112
-0.620006,13,102.072258
-1.619532,11,102.412312
-0.846927,11,102.723699
-1.470149,12,103.063435
0.36288,13,103.422436
-0.115204,14,103.814871
0.060397,13,104.183611
-0.855872,13,104.563444
-0.740585,12,104.908233
-1.558633,12,105.252196
-0.715706,13,105.604129
-0.38223,15,106.036427
-0.730906,12,106.355829
-0.810519,12,106.676338
-1.091572,11,106.978328
-1.584306,11,107.299019
0.030408,13,107.675708
-1.113745,12,108.009487
-1.626598,12,108.357577
-0.783015,12,108.703683
-0.490916,13,109.056612
-0.52478,13,109.401608
0.474035,15,109.86494
-2.408271,9,110.17674
-1.401179,11,110.490637
0.05176,14,110.899373
-0.374039,12,111.235251
-1.191305,11,111.531741
-1.396032,12,111.889487
0.35048,14,112.36659
-0.256104,14,112.772239
-1.188832,12,113.105144
-1.234408,12,113.427021
-0.865276,12,113.754876
-0.403677,13,114.116302
-2.208024,10,114.396218
-0.854244,12,114.732475
-0.701145,14,115.124434
-0.711842,13,115.501781
-0.061408,14,115.855479
-0.335767,12,116.166338
-1.287135,11,116.438908
-0.870983,11,116.725443
-0.758233,13,117.063504
-0.926851,12,117.363571
-1.183021,12,117.664543
0.358654,14,118.028237
-0.666703,13,118.401019
-0.329478,13,118.810408
-0.918768,12,119.125742
0.407498,15,119.518974
-1.374889,11,119.80841
-1.4034,11,120.096226
-1.582136,11,120.376868
-0.499341,13,120.726212
-0.584722,12,121.046987
-1.225503,14,121.429055
-0.618316,13,121.817738
-0.871449,12,122.217597
-1.675797,11,122.533387
-1.076512,12,122.854337
0.407009,15,123.238967
-2.669841,9,123.465989
-0.469203,12,123.767059
-1.947282,10,124.042495
-1.626924,11,124.325885
-1.822016,11,124.608701
-2.290808,10,124.887499
0.659741,15,125.273743
-0.686015,13,125.61506
-0.336754,13,125.949309
0.283762,14,126.313365
-1.000323,13,126.656403
-1.215262,11,126.962191
-1.299097,11,131.742343
-2.234189,10,132.046474
-0.86563,12,132.399441
-1.012941,12,132.728728
-1.712555,11,133.042079
0.020852,13,133.421146
-0.631367,12,133.774266
-0.611359,14,134.171903
-1.49797,11,134.493531
-0.765283,13,134.867619
-0.9279,12,135.197387
-0.020494,14,135.606359
-0.63778,12,136.027399
-0.101508,14,136.432163
-1.754858,11,136.758345
-0.84369,13,137.127246
-0.116109,15,137.560351
-0.354177,12,137.898534
-1.214299,12,138.243736
-0.155676,14,138.626339
-1.137773,13,139.003951
-1.588583,11,139.316868
0.725064,15,139.742649
-1.232221,12,140.078777
-0.214068,13,140.4429
0.141884,14,140.837773
-1.268634,12,141.175159
-2.294234,10,141.441182
0.061491,14,141.915627
-0.575222,13,142.313712
-0.338893,13,142.675594
-0.72952,12,142.996409
-1.184083,12,143.336026
-1.037183,13,143.698369
-0.167852,13,144.060489
-0.48957,14,144.527019
0.579443,14,144.935402
0.668775,14,145.326411
-1.577239,11,145.647955
-0.196713,14,146.024636
0.271843,14,146.433005
0.312325,13,146.810122
-1.121074,12,147.147597
-1.537511,11,147.460859
0.009612,13,147.824047
0.9445,14,148.227697
-1.082129,11,148.540255
-1.568206,11,148.845652
-1.931274,11,149.159401
-0.509308,12,149.489776
-0.434268,13,149.862485
-0.86801,13,150.22402
-1.289215,13,150.599952
-1.84378,11,150.920992
0.050348,14,151.307938
-0.646333,12,151.648323
-0.70481,13,152.047707
-0.918783,13,152.484323
0.631792,16,152.979305
-0.920267,12,153.423204
-1.317331,12,153.77976
-0.98143,12,154.12339
-0.060527,14,154.528493
-0.065154,14,154.927389
-0.874049,13,155.297094
-1.385808,12,155.64788
-1.784787,11,155.951766
-0.816682,13,156.321359
-0.150769,13,156.706281
-1.403747,11,157.02025
-0.094308,15,157.450372
-1.216759,12,157.790943
-1.201476,11,158.107006
-1.262445,12,158.43964
0.108189,13,158.829465
-1.483172,12,159.161591
-0.313327,13,159.541533
-0.748004,14,159.94916
-1.158125,11,160.268099
-1.648633,12,160.610412
-0.103892,13,160.982748
-0.494064,13,161.356023
-1.179092,13,161.740847
0.645728,15,162.293366
-0.03549,13,162.738617
-0.337305,13,163.128043
-2.04553,10,163.408669
-2.032875,11,163.712775
-1.700135,12,164.066948
-0.876803,12,164.412031
0.149285,16,164.877839
-0.517932,13,165.239802
0.208468,13,165.606071
-0.342217,12,165.947251
-0.463962,12,166.299663
-0.773391,12,166.650392
-0.438126,12,166.98562
-0.044116,14,167.379996
-0.05936,14,167.779987
-1.610938,11,168.105296
-0.097571,12,168.436503
-0.614338,12,168.778458
-2.026708,11,169.090923
-1.077458,13,169.472046
-1.413426,13,169.837683
-0.563532,14,170.215281
-1.326939,13,170.597319
-1.398618,12,171.027183
-0.354375,14,171.448203
0.36238,15,171.875159
-0.538953,14,172.263458
-1.329589,12,172.700577
-0.660661,12,173.066278
-1.004166,11,173.395102
-1.023183,12,173.739161
-1.374926,12,174.085936
-1.998886,11,174.399113
-1.393942,12,174.752772
0.328129,14,175.145487
-0.035442,14,175.540208
-0.772293,13,175.914337
-2.041958,12,176.255359
0.026893,13,176.625244
-0.101653,14,177.028535
-1.092878,12,177.361933
-0.739786,13,177.736804
-0.763968,13,178.106932
-0.183711,13,178.479579
-1.01684,12,178.809254
-1.001094,12,179.138106
-0.400373,14,179.587347
0.641453,14,180.021545
-1.201554,11,180.334465
-0.388911,13,180.69911
-1.669419,11,181.013286
-0.051703,13,181.374948
-1.824516,11,181.67842
0.119121,13,182.028439
0.028527,13,182.37344
-1.390863,11,182.704691
-0.73029,13,183.129196
-0.119569,15,183.541894
-1.207235,12,183.846925
-0.66247,14,184.212187
-0.748202,13,184.547431
-1.755704,12,184.860794
-0.758731,12,185.157496
-0.403056,13,185.508365
-2.249093,10,185.777804
-1.206495,12,186.090475
-1.440651,11,186.383056
-0.750226,13,186.732996
-1.374617,11,187.016375
-0.761239,12,187.332077
-0.837908,13,187.676683
-1.646585,11,187.970104
-1.833408,11,188.377704
-1.06884,12,188.697778
-1.601043,11,188.995851
-1.267952,11,189.284003
-0.648332,14,189.643991
-1.093663,12,189.961046
-0.293861,13,190.286372
-0.635483,14,194.988945
-0.177455,13,195.333281
0.96889,17,195.779663
-0.330349,14,196.155762
-1.39834,11,196.443564
-0.440465,14,196.892555
-0.303514,15,197.355701
-0.717061,14,197.750623
-1.170662,13,198.109145
-0.16503,15,198.524999
-0.571256,14,198.917179
0.778832,18,199.404302
-2.204441,11,199.716014
-0.390059,12,200.050057
-1.623123,10,200.329115
-0.036916,13,200.672965
0.329974,15,201.086745
-0.827823,13,201.44465
-0.802252,14,201.844915
-0.717013,14,202.267576
-0.949206,12,202.673635
-0.144839,13,203.043602
-0.081807,14,203.437562
-1.039126,11,203.75177
-1.109658,12,204.078674
-1.834732,13,204.439252
-0.837984,13,204.800487
-2.453866,10,205.063436
-1.447111,13,205.442274
-0.193027,15,205.926235
0.246501,13,206.285858
-1.56149,12,206.62503
-0.155974,15,207.044091
-1.569757,11,207.350198
-1.617005,12,207.679138
0.410967,13,208.039594
-0.406578,16,208.477781
-1.155927,13,208.839902
0.251746,15,209.248806
0.177244,15,209.664307
-1.643547,12,209.993573
-0.827776,12,210.336241
-1.695842,12,210.676874
-1.008781,12,210.995028
0.760725,17,211.459738
-0.677885,13,211.828468
-0.885336,12,212.215252
0.782057,15,212.747465
-0.899154,12,213.078813
0.128649,15,213.488113
1.056411,19,214.011974
0.04506,16,214.539647
-0.286484,14,214.940934
-1.597186,12,215.271104
-1.196041,13,215.619638
0.138087,13,215.983548
-0.736665,13,216.345118
-1.64866,11,216.652632
-0.411531,13,217.015129
-1.713169,12,217.353618
-1.439018,12,217.706533
0.197205,14,218.101334
-0.956897,12,218.44062
-0.952674,11,218.749119
-1.955082,11,219.064047
-2.327417,10,219.339645
-0.666662,13,219.704071
-0.770443,12,220.034647
-1.590074,12,220.375667
0.011078,16,220.820224
-0.620583,13,221.181855
-1.601145,12,221.513981
-0.38408,14,221.908068
-1.899479,11,222.224645
-1.556075,12,222.637888
-1.268376,12,223.075863
-0.518025,14,223.498886
-0.779729,14,223.906918
0.032833,14,224.301589
-1.212916,12,224.641214
0.354938,14,225.036202
-0.009532,14,225.430658
-0.157196,15,225.84939
-0.947468,12,226.179302
0.123657,14,226.570449
-1.124782,12,226.906673
-0.885758,12,227.236554
-1.832571,12,227.573811
-1.215899,12,227.923625
-1.614707,12,228.260296
-1.114944,12,228.59774
-0.380483,13,228.966403
-0.202469,14,229.356578
-1.124324,12,229.677794
-0.135999,13,230.039294
-1.522621,11,230.352108
-1.048618,14,230.751379
-0.23364,13,231.121593
0.163082,15,231.611485
-1.443079,12,231.981604
0.905401,17,232.439875
-1.181296,12,232.81226
0.246969,16,233.372839
-0.99027,13,233.749684
-0.289999,13,234.119215
-0.757823,14,234.504121
-0.413234,13,234.873013
-0.567256,12,235.195094
-1.363972,12,235.541949
-1.759099,11,235.848396
0.153122,13,236.212577
-0.622816,13,236.58283
-2.144955,10,236.872412
-0.133341,13,237.250813
-1.794877,11,237.55713
0.710694,15,237.955643
-0.536278,13,238.325562
0.084093,14,238.714406
-0.781489,12,239.045658
-1.316626,12,239.376922
-0.23924,14,239.781233
-0.022786,15,240.213863
-0.008838,14,240.668021
-1.804638,10,240.958567
-0.984071,12,241.306135
-0.512619,13,241.663314
-0.699746,14,242.068754
-0.240893,15,242.470532
0.383996,15,242.881875
-1.159759,12,243.282967
-1.220198,12,243.668657
0.268175,14,244.075178
-0.398742,13,244.438209
0.715906,16,244.888809
-1.551681,12,245.211043
-1.566323,11,245.508762
-0.137314,14,245.898274
-0.123728,13,246.249459
-1.19396,13,246.611845
-0.240213,15,247.019809
-0.332613,12,247.338212
-0.449019,14,247.71127
-0.337755,13,248.0789
-1.959044,10,248.362312
-0.311488,13,248.73515
-1.442566,12,249.174782
-2.450105,10,249.436801
-0.620023,14,249.795429
-2.178397,11,250.087371
-2.414001,10,250.357173
-0.652799,12,250.670691
-0.037303,15,251.060667
-0.709919,12,251.373372
-1.322034,11,251.665435
-0.976377,12,251.978375
-0.091011,15,252.366237
-0.296911,13,252.701653
-1.058933,12,257.446406
-0.809577,13,257.870548
-2.629609,10,258.128533
-0.186625,12,258.461763
0.847422,19,258.988243
0.328145,16,259.446795
-0.905179,13,259.81704
-1.116294,12,260.147574
0.040546,15,260.570738
-1.067988,13,260.927155
-0.224248,15,261.331121
0.932772,14,261.717335
-1.20138,12,262.058191
-1.254511,11,262.364799
-1.867633,12,262.688879
-1.464951,11,263.005707
-1.089578,12,263.418605
0.297702,14,263.829066
-1.649746,12,264.167104
-0.445256,13,264.533015
0.38498,14,264.915283
0.025069,14,265.311931
-0.542775,13,265.66885
0.098486,15,266.135328
-0.616931,14,266.589635
-1.505599,13,266.954363
0.139327,14,267.342784
-1.028894,13,267.731512
-1.104819,12,268.059173
0.72001,17,268.529879
-0.942692,14,268.909074
-0.679899,14,269.289851
-1.042569,12,269.626974
-1.301893,12,269.954763
-0.541634,14,270.344411
-0.722604,14,270.742375
-0.155111,13,271.101402
-1.428086,12,271.432241
-1.021673,13,271.789627
0.174135,15,272.206533
-0.801964,13,272.578429
-1.01933,12,272.918128
-1.987028,11,273.238271
-0.933034,14,273.680135
-0.589504,13,274.125444
-1.195151,12,274.474679
-0.800655,13,274.85111
-0.550554,14,275.324869
-1.75649,12,275.664958
-0.82138,11,275.990762
-0.803508,15,276.396669
0.292991,16,276.858493
-0.237572,14,277.254508
-0.633029,14,277.650604
-1.403841,11,277.967198
-0.601114,14,278.347605
-2.261721,10,278.648849
-0.287064,13,279.013688
-0.507479,14,279.413463
-0.489687,13,279.778149
-0.989077,12,280.123785
-1.067631,13,280.496369
-1.273325,13,280.868526
-0.128246,13,281.229586
0.197023,15,281.649637
-2.192821,11,281.965714
-0.32925,12,282.305852
0.020713,17,282.791721
0.121204,14,283.181877
-0.277931,15,283.645014
-1.380627,12,284.03186
-0.759899,12,284.461609
-0.490981,13,284.83659
-0.184363,14,285.224794
-1.356544,13,285.596214
-1.850761,11,285.901508
-0.095456,15,286.311651
-1.455972,12,286.646543
-0.225059,14,287.021334
-0.719741,13,287.361873
-1.231661,12,287.665402
-1.519441,12,288.01109
0.593954,15,288.430894
-1.653192,13,288.810684
-0.569392,15,289.236552
-1.021074,12,289.567459
-0.317876,14,289.95385
0.114071,15,290.380096
-0.901619,13,290.750575
-1.151054,12,291.090197
0.110267,14,291.481832
-1.444712,13,291.84207
-1.753127,12,292.205231
-1.203768,13,292.642097
-1.152271,13,293.048496
-0.74898,14,293.425928
-0.197934,13,293.792419
-0.919036,14,294.208299
-0.679557,14,294.700958
-1.531362,11,295.039403
-1.912421,11,295.380594
-0.693832,14,295.794214
-0.345236,14,296.191017
-0.589632,13,296.567564
-1.710351,11,296.870959
-0.602319,14,297.273418
-0.77461,12,297.612924
-0.725427,14,297.987505
-0.369648,12,298.342685
-1.370561,13,298.72718
-1.018217,12,299.083247
-1.830376,11,299.407923
-0.547546,14,299.827335
-1.448916,12,300.172538
0.363363,17,300.667013
-1.107122,11,300.999187
-0.864656,14,301.502817
-0.893571,13,301.911589
-0.595233,12,302.264251
-0.051503,14,302.668407
1.432129,20,303.265916
-1.183303,12,303.604516
-0.33831,14,304.021075
-0.359418,13,304.466117
-0.615957,14,304.911545
0.376285,15,305.348629
-1.062572,13,305.7384
-1.582443,11,306.055604
-0.257085,14,306.462606
-0.87052,11,306.771559
-1.968584,11,307.102008
-1.047333,12,307.463751
-1.267424,13,307.850077
-0.955946,14,308.257475
-1.186769,15,308.695953
-0.548631,14,309.109302
-0.203092,17,309.602009
-0.15104,16,310.055518
-2.741336,10,310.399648
-1.255238,11,310.7846
-1.093271,13,311.178447
-0.481262,14,311.591555
-0.24038,14,312.006161
-0.376937,13,312.378991
-1.051412,13,312.758808
-0.447105,16,313.210344
-0.352774,14,313.575167
-0.040507,16,313.984892
-1.801844,11,314.315678
-0.42321,15,314.79291
-1.071848,12,315.116425
-0.597196,13,315.466525
-1.077054,12,315.780319
1.060078,18,316.256355
0.33651,15,316.651885
-0.158637,13,321.423809
-0.392342,15,321.81532
-1.197106,12,322.129349
-0.190157,16,322.595319
-1.113364,13,322.977158
-1.310138,13,323.34127
0.225947,14,323.723986
-1.357553,12,324.118982
-0.390725,14,324.562952
-1.287279,13,324.949653
-1.231712,12,325.267069
-1.480133,13,325.64734
-0.770478,14,326.036808
-1.088581,13,326.401698
-0.883671,13,326.762874
-1.642171,12,327.111811
-0.563352,14,327.508567
-0.586898,15,327.996462
0.261564,16,328.461004
0.116585,16,328.917503
-1.010704,14,329.315633
-0.319205,16,329.765081
-0.508601,14,330.13489
-1.305918,12,330.480747
-1.812841,12,330.83476
0.042871,16,331.272592
-0.214344,15,331.697833
-1.403705,12,332.029151
-0.667779,12,332.361013
-0.25565,16,332.817747
-0.642126,13,333.182294
-1.497473,12,333.51401
-0.225373,14,333.908498
-0.65029,14,334.314096
-0.311001,15,334.837313
-1.177922,14,335.241739
0.696606,17,335.703676
-0.323233,14,336.109068
-1.15994,12,336.476504
-0.996965,14,336.958012
-0.572674,15,337.384452
-1.475231,12,337.716178
-1.81588,11,338.02092
0.240236,14,338.406954
-1.751449,12,338.746729
-1.384029,12,339.075991
-1.641681,12,339.4031
-0.934632,13,339.766272
-0.476312,13,340.129128
-0.972807,13,340.499173
-1.485448,12,340.831756
0.588454,16,341.273831
-0.714127,15,341.677401
-0.630217,15,342.105442
-0.333487,13,342.467596
-1.584977,12,342.806661
-0.332544,16,343.231903
0.049036,15,343.648824
-1.429958,12,343.989264
-1.075595,13,344.344136
-0.617164,13,344.76929
0.682042,15,345.275401
-0.122631,15,345.770428
-0.10869,14,346.158843
-0.030075,15,346.58508
-0.247189,15,347.001562
-0.584366,13,347.363014
-0.880693,13,347.732912
-1.239077,13,348.094113
0.219299,16,348.518986
-0.859428,12,348.848158
-0.581602,14,349.225256
-0.18972,15,349.627814
-0.430323,15,350.036901
-0.075154,15,350.445303
0.057973,15,350.893973
-1.071405,12,351.250542
0.294389,15,351.661521
-0.554556,14,352.05111
-1.864389,11,352.366192
-0.179045,14,352.737921
-0.579106,13,353.076636
0.225603,14,353.47123
-1.922677,11,353.813161
-1.199292,12,354.229319
-1.004074,13,354.59367
-1.230514,13,354.954443
-1.308901,13,355.388467
-0.243477,15,355.831898
-0.910488,13,356.195923
-1.211616,12,356.529321
-0.198931,15,356.942603
-0.687865,13,357.307467
-0.989169,14,357.69534
-0.736767,14,358.082552
-0.703069,12,358.421998
-0.317196,15,358.84267
-0.597615,15,359.261687
-0.809652,14,359.657228
-0.225041,15,360.069118
-0.254603,14,360.45062
-0.767276,13,360.806443
0.384613,17,361.294163
-0.579871,13,361.657089
-1.285075,14,362.045568
-0.81237,14,362.457448
-0.370793,14,362.916743
-1.172299,13,363.295494
0.655531,17,363.762395
0.27642,15,364.187121
-1.397011,11,364.50554
-0.994628,12,364.851228
-0.451327,15,365.319213
-0.131657,14,365.783461
0.718405,15,366.205029
-1.288321,13,366.57388
-1.352826,11,366.886192
-0.04657,14,367.285066
-0.761038,13,367.639458
-0.994754,13,368.002763
-2.066187,11,368.307957
-1.653193,12,368.646381
-0.690801,14,369.039681
-0.29506,14,369.433574
0.021928,16,369.891874
-0.841363,14,370.272875
-1.279652,13,370.637607
0.15335,16,371.085982
0.738601,16,371.616665
-0.702928,14,371.997648
-2.075376,11,372.296776
-1.073275,13,372.660403
-2.230529,11,372.967287
-0.463936,15,373.373922
-0.963115,14,373.744891
1.204436,18,374.244845
-1.619104,12,374.583743
0.124323,16,375.014443
-1.060889,13,375.384971
-1.428181,12,375.813106
-0.009916,15,376.263206
0.01432,16,376.70194
0.455055,15,377.11354
0.095262,15,377.510049
0.200736,17,377.976202
-0.866928,13,378.330385
-1.451248,12,378.670069
-1.093689,12,378.993727
-0.917385,12,379.299672
-0.682458,15,384.030645
-0.745813,13,384.373905
-0.227985,15,384.778588
-0.446865,14,385.13482
-1.324988,12,385.516664
-0.328103,15,385.991616
-0.572843,13,386.338896
-1.053919,13,386.656982
-1.162084,13,386.976059
0.270815,16,387.385665
-0.041726,15,387.764382
0.457018,15,388.147444
0.211186,18,388.776041
-0.632815,14,389.168748
-0.649158,14,389.563571
-1.807509,11,389.867715
-1.234292,13,390.235609
-0.589865,15,390.646408
-1.270825,13,391.00737
-1.186326,12,391.344495
-0.774836,13,391.71477
-1.047562,13,392.076992
-0.30542,16,392.529383
1.607194,19,393.043076
-0.749632,14,393.436104
-0.679462,14,393.813817
-1.110753,13,394.159826
-0.499199,14,394.545308
0.955914,18,395.044516
0.997873,14,395.427614
-0.710342,15,395.919418
-1.01543,13,396.284781
-1.422182,12,396.609809
0.661188,18,397.141459
0.314381,15,397.602714
0.088841,15,398.021585
0.10282,16,398.465993
-0.24535,15,398.869562
-1.092924,12,399.194105
-0.753225,15,399.612745
-2.07858,11,399.934173
0.003912,16,400.38425
-1.107096,13,400.737838
-0.315847,15,401.1631
-0.348992,15,401.55663
0.423657,17,402.030501
-0.207928,15,402.45081
0.238564,15,402.871075
-0.842944,14,403.258685
-0.746887,14,403.675051
-1.422401,11,403.989028
-0.867143,14,404.395093
-0.68809,14,404.785923
-1.133637,13,405.147791
-0.171481,16,405.597683
1.32776,18,406.24353
0.264963,14,406.648448
-0.105959,16,407.090778
-0.358758,14,407.499654
-1.73732,12,407.843718
-0.582709,15,408.26639
-1.53225,12,408.600949
-0.351224,13,408.966114
-2.02836,11,409.280892
-0.063628,15,409.700986
0.152814,16,410.143045
0.129747,17,410.622319
-1.516696,12,410.951611
-0.818486,15,411.370613
-1.349491,13,411.748567
-0.330794,15,412.160325
-0.20809,16,412.589546
-0.608043,13,412.96135
-1.203004,13,413.331047
-0.848674,14,413.715391
-1.435916,13,414.068309
-0.430786,15,414.584539
0.29695,18,415.106455
-1.492198,12,415.435292
-2.107365,11,415.743183
0.517815,17,416.304302
-0.829829,13,416.680022
0.137194,15,417.117069
-0.530616,14,417.50469
-0.972831,13,417.869566
-1.182432,12,418.200248
-1.894459,12,418.523221
-1.746375,13,418.871015
-0.835021,14,419.266785
0.078304,15,419.676967
-0.348742,16,420.115009
-0.436558,14,420.482754
-1.509003,13,420.852952
-0.464883,15,421.288688
0.727896,19,421.822163
-0.918246,14,422.224719
0.079805,16,422.676346
-0.60884,14,423.124447
-1.272542,14,423.590539
-0.148726,16,424.037988
-2.030953,12,424.386266
-1.336719,12,424.745264
1.972978,23,425.355838
0.585322,16,425.796494
-0.225108,14,426.176079
-1.676948,13,426.622733
0.389446,15,427.052432
-0.457943,15,427.479713
-0.816093,15,427.901526
-1.40304,12,428.236787
0.003225,16,428.683734
-0.043062,16,429.140127
-1.369014,12,429.485429
-1.531627,12,429.813302
-0.041334,17,430.292726
0.283732,15,430.726747
-0.239049,16,431.173274
0.036656,15,431.601588
-0.704373,14,432.08682
0.650902,17,432.588752
0.451932,17,433.05173
0.219958,18,433.544568
-0.394048,14,433.937327
0.285828,16,434.383142
-1.543464,12,434.714592
0.058818,16,435.139283
-0.202751,15,435.569346
-0.855393,13,435.931852
0.642598,18,436.449179
-1.152881,14,436.938651
-1.207579,14,437.357567
-0.24003,15,437.779669
0.758572,16,438.224013
-1.206203,12,438.564893
-1.556369,13,438.919093
-1.76015,12,439.249911
-0.330737,15,439.66993
-1.052928,12,440.001625
-0.328532,13,440.359014
-0.125116,15,440.865915
-1.104392,13,441.2406
0.010362,17,441.719159
0.301086,18,446.444139
-1.385312,12,446.864099
-0.452825,14,447.240445
-0.010131,16,447.654313
-1.116947,14,448.005003
-2.278517,11,448.288173
-0.455638,13,448.620287
0.762588,18,449.076381
-0.937567,14,449.553009
0.178977,15,449.941358
-1.748721,13,450.268818
-0.822775,15,450.654067
-1.713897,12,450.950146
-0.988848,13,451.275335
1.324824,19,451.743062
-1.091468,15,452.129006
-0.19133,16,452.551899
-0.757501,16,452.945187
0.133331,15,453.328698
-0.341082,14,453.691211
-1.843922,13,454.05487
-0.838205,16,454.491203
-2.547512,11,454.807256
0.071472,16,455.266653
-0.270583,15,455.688229
-0.960357,13,456.059676
0.187221,16,456.567987
-0.198374,15,457.068878
-2.320035,12,457.420939
-0.715702,13,457.808722
-0.870734,15,458.295942
-1.06454,15,458.72203
-1.553199,13,459.089288
-2.039783,12,459.420318
-0.491573,13,459.807776
-0.413731,16,460.246159
-0.037619,17,460.719962
-1.715303,12,461.056931
-1.531746,13,461.427044
0.403396,16,461.879703
0.121472,15,462.300804
-0.887407,14,462.694702
-1.078538,14,463.09015
0.611052,17,463.561547
-0.182976,16,464.007877
0.774945,17,464.493547
-0.783751,14,464.889886
-0.532444,13,465.254849
-0.753994,15,465.683896
-0.052427,16,466.135017
-2.734906,10,466.435206
-0.769238,15,466.972825
-0.785912,15,467.456468
0.603251,16,467.912064
0.680637,18,468.404438
-2.003908,12,468.736788
-0.272923,15,469.158891
-0.837919,13,469.519702
-1.075586,14,469.924682
0.100158,16,470.383305
0.064464,16,470.837001
0.196194,16,471.274828
-0.824425,14,471.679821
-0.924558,14,472.0756
-0.961839,13,472.449784
-0.483285,15,472.874383
-0.895147,14,473.259673
-0.601924,14,473.646613
-0.712236,13,474.017262
-0.315582,14,474.401305
-1.13677,13,474.7647
0.27345,18,475.296863
-1.116483,14,475.783079
-1.179558,14,476.193002
-1.07372,14,476.581898
-0.470878,15,477.035449
0.141201,17,477.597288
0.069962,15,478.025502
-0.107209,13,478.400974
0.454247,17,478.869913
0.45013,17,479.327031
-1.544667,13,479.681382
1.020304,19,480.212798
-1.320352,13,480.571751
-0.26075,14,480.960838
-1.899425,12,481.290426
-0.12582,15,481.686407
0.480421,15,482.097427
-1.332213,13,482.444917
-0.669697,13,482.80546
-0.95762,13,483.168257
-0.948932,14,483.560189
-0.213042,15,483.984497
0.427933,17,484.56129
0.668126,19,485.094281
-1.430949,14,485.5036
-1.260067,13,485.860387
-0.480367,14,486.247537
-1.439439,14,486.636477
0.505611,17,487.104475
-1.34748,14,487.580991
-1.636839,12,487.947192
0.329884,19,488.480968
-1.642622,13,488.836303
-0.756803,14,489.237495
-0.411883,14,489.62462
-0.00844,16,490.06189
-0.188924,15,490.486305
-0.407055,14,490.878949
-1.83853,11,491.178719
0.228877,16,491.619617
-0.801466,15,492.035239
-1.073,13,492.39829
0.743059,17,492.910336
-0.392551,15,493.396422
-0.132073,18,493.887653
-0.773494,12,494.221114
-0.484685,16,494.670064
-1.717469,13,495.023403
-0.908409,14,495.381647
-2.264019,11,495.667527
-1.367565,13,496.038039
-1.271973,14,496.42274
-1.138582,13,496.777151
-1.519874,13,497.139315
-2.085682,11,497.451114
-0.520064,15,497.962744
0.040364,18,498.519866
-0.004095,15,498.923988
1.216507,21,499.497706
-0.139063,15,499.91103
-0.157661,17,500.381074
-1.248704,13,500.746553
0.824811,17,501.214037
-0.810429,15,501.728315
-0.72499,13,502.098161
-0.972678,15,502.524283
-0.419504,14,502.910733
-0.04638,14,503.306854
-0.215971,14,503.681132
-1.431635,12,504.007331
-0.208929,13,508.793061
-1.238127,13,509.155707
-1.20417,12,509.479712
-1.102418,13,509.822306
-0.497535,18,510.367457
-1.654332,12,510.734493
-0.692175,17,511.205667
-1.456565,14,511.571221
0.488582,16,511.97908
0.841879,23,512.565914
0.250713,16,512.9773
-1.498758,14,513.331784
-0.498478,16,513.732567
-0.899745,13,514.067317
-0.919719,13,514.406044
0.722911,17,514.855763
-1.445776,13,515.185541
-1.3124,13,515.518749
-0.430936,14,515.882732
0.108107,18,516.351833
-1.047011,13,516.700866
-0.364927,15,517.078909
-0.78154,13,517.406101
-1.152872,15,517.853016
-0.041307,17,518.350962
-1.373319,15,518.759035
-0.620541,14,519.218775
-0.34258,17,519.675394
-0.199302,16,520.106809
0.476573,21,520.668053
0.505399,16,521.091709
-1.213673,14,521.47281
0.115549,16,521.914141
0.308899,16,522.35589
-1.313021,12,522.691879
-0.045692,15,523.101764
-1.04263,15,523.512498
-2.318285,11,523.81265
0.553519,14,524.192676
1.069286,20,524.743791
-1.197023,13,525.098484
-0.206041,16,525.535208
-0.611376,14,525.912989
-0.912717,14,526.28556
-0.525397,15,526.706172
-0.659385,13,527.074194
-0.116914,15,527.561051
-1.027572,14,528.010844
-0.665265,15,528.480173
-1.169578,14,528.868627
-0.912315,15,529.28529
-1.459167,12,529.624907
-1.252803,12,529.962816
-0.042077,17,530.432828
-1.931321,12,530.755596
-1.06173,14,531.159379
-1.851202,12,531.505962
-1.119704,14,531.89096
-0.564616,15,532.277881
-0.24661,15,532.673594
-0.615707,15,533.077686
-0.254902,15,533.489342
0.548347,18,533.984863
1.588746,23,534.623063
-0.943381,14,535.002625
-0.953065,14,535.395619
1.394851,19,535.905748
-0.217443,16,536.43672
0.235619,17,536.910296
-1.025672,15,537.340598
-0.997268,12,537.678342
0.769967,16,538.102369
-0.317032,14,538.589365
-0.503403,16,539.057947
-1.054342,15,539.484062
-0.086286,17,539.950476
-1.171599,13,540.312891
-0.611036,14,540.699071
-0.103764,16,541.127619
0.581494,18,541.616675
-1.225733,14,541.99883
-0.415471,16,542.434629
-0.225912,15,542.854589
0.095082,16,543.292339
0.206011,18,543.795984
-0.707736,13,544.161591
-1.877302,13,544.517967
-0.701329,15,545.033138
-0.805471,13,545.399385
-0.299763,16,545.845262
-1.909171,13,546.218761
-0.475962,16,546.656946
-1.448902,13,547.037109
-0.104364,16,547.46409
-0.658166,14,547.853863
-0.667221,14,548.227515
-0.818576,16,548.675206
0.511697,17,549.25193
-0.114579,17,549.731279
-2.455227,11,550.031931
0.258866,16,550.470577
-0.852137,13,550.835178
-0.845135,14,551.213768
-1.463465,13,551.578294
-0.399271,15,551.989425
0.55542,19,552.523178
0.333111,16,552.96083
-1.788645,14,553.338471
0.117175,16,553.878675
-0.840253,14,554.264845
-1.780505,14,554.668993
-1.459878,15,555.081083
-0.077975,16,555.516139
-0.466348,15,555.913058
-0.48644,16,556.363142
-0.353052,15,556.796795
-0.264216,16,557.239236
-0.596271,15,557.666115
-1.243158,14,558.055062
-0.520499,15,558.482872
-0.246774,16,558.921538
0.646454,17,559.507687
-0.534915,16,560.006017
-0.396231,16,560.446352
-1.626688,13,560.826481
-0.63327,15,561.241048
-0.976336,13,561.597447
-0.36727,15,562.02516
0.465448,17,562.596938
-0.364885,17,563.095152
0.303159,16,563.525176
-0.523494,15,563.940848
-1.619666,12,564.263098
-0.062765,18,564.775014
-0.277152,15,565.194552
-0.134921,17,565.662948
0.865127,18,570.553868
0.08273,17,571.143777
-0.873327,15,571.588508
-0.353965,17,572.052911
-0.562108,16,572.488444
-0.802858,14,572.8748
-0.29382,15,573.298121
-0.265639,17,573.758927
-1.354794,13,574.126149
-0.461904,15,574.542729
-2.298931,11,574.849436
-0.069444,17,575.288319
-1.470095,13,575.623291
-0.74226,15,576.011956
0.081956,16,576.41431
0.41934,17,576.829003
-0.976835,13,577.158762
-0.313209,16,577.563216
-0.839087,13,577.901381
0.890346,18,578.348199
-0.004437,17,578.773445
-0.174338,17,579.253966
-1.131301,15,579.794775
-1.243041,13,580.163074
-0.424263,15,580.529879
-0.730992,15,580.910964
-1.278623,15,581.30021
-1.221323,13,581.620868
-0.982436,16,582.037462
-0.005129,17,582.457313
0.82761,19,582.925031
-1.474429,13,583.234845
-0.388529,16,583.634955
-0.914547,14,583.98722
-0.64256,15,584.393906
-0.591443,15,584.814098
-1.017705,15,585.225256
-0.801388,14,585.59673
-0.074011,16,586.040738
0.227336,15,586.452735
-0.421526,15,586.864147
-0.691125,16,587.308618
-0.378246,16,587.758588
-0.256009,16,588.278751
0.243613,16,588.738698
-0.378929,15,589.133288
-1.434644,13,589.595541
0.103137,16,590.043392
-1.328424,14,590.435237
-0.392222,16,590.881728
1.671585,20,591.44459
-0.407897,14,591.831974
-1.889515,13,592.19534
-0.658086,16,592.623477
0.237258,17,593.093943
0.932935,15,593.539496
0.461174,22,594.14357
-0.132314,14,594.524312
0.107068,16,594.970115
-0.202353,16,595.430876
0.268239,15,595.844995
-0.724093,14,596.244093
-1.61335,13,596.601022
0.228053,18,597.204122
-0.654768,15,597.634082
0.129648,16,598.080438
-0.788831,15,598.489297
-0.149101,18,598.988446
-1.412986,13,599.35103
-0.384894,15,599.869999
0.162056,18,600.39485
-0.775837,16,600.856514
-0.42783,16,601.316089
-0.388067,15,601.741557
-1.644288,13,602.088612
0.380812,18,602.603793
0.164175,19,603.131439
-0.114211,16,603.596634
-0.736023,16,604.053296
-0.33085,15,604.484688
-1.246488,15,604.91188
-0.77951,14,605.297104
-1.028953,13,605.727015
0.298736,17,606.237242
-0.383442,14,606.637319
-0.06464,15,607.054782
-0.222141,16,607.504483
0.003148,16,607.956581
-0.287268,15,608.377765
0.121041,19,608.910948
-0.070616,16,609.345492
-0.991589,15,609.795788
-0.207783,14,610.259762
-0.194071,15,610.695685
-0.885593,13,611.070481
0.229222,17,611.536833
1.832299,26,612.271363
0.923001,19,612.804547
-0.741536,15,613.227056
-0.798249,16,613.671899
-1.288248,14,614.068417
0.082713,16,614.609357
-1.778089,13,614.996251
-0.229754,16,615.43645
-1.86156,12,615.780796
-0.325863,14,616.171173
-0.992491,12,616.517336
0.088117,16,616.985813
0.000262,16,617.454679
0.341361,18,617.952043
-2.188596,13,618.327646
0.614197,19,618.853316
-0.904784,15,619.25683
0.085617,17,619.740933
0.54682,17,620.302562
-1.54481,12,620.661412
-0.94404,14,621.046815
1.338893,17,621.515236
-0.947531,15,621.925635
-0.712933,17,622.394322
0.889803,20,622.961999
0.010566,15,623.46367
-0.946904,15,623.847728
0.069398,18,624.346175
-1.187911,14,624.705803
0.23176,16,625.147329
-1.281668,13,625.498708
-0.073634,16,625.933876
-0.066228,18,626.442911
0.67304,19,626.965819
-0.141851,14,627.350799
-0.572982,15,632.253911
-0.0132,18,632.760004
-0.263114,15,633.152292
-1.176536,14,633.539214
0.017129,17,634.006293
-1.190384,14,634.386607
-1.207227,15,634.804448
-1.159716,15,635.206825
-0.298913,15,635.616967
-1.142873,15,636.011195
-0.440185,14,636.390743
-0.884907,14,636.77833
-0.161567,16,637.220379
-1.508734,13,637.586748
0.362331,15,637.997693
-0.536421,17,638.450052
0.444241,19,638.975043
0.227239,17,639.450269
-0.358876,15,639.864003
-0.572093,15,640.277357
0.428834,20,640.955634
0.636933,19,641.444202
-0.736877,15,641.833548
-0.186325,17,642.259378
-2.008087,12,642.567233
-2.370714,11,642.843565
-1.110631,14,643.201924
-0.550007,16,643.606327
-1.300586,14,643.968148
0.083637,16,644.371943
0.879516,21,644.896092
0.504902,18,645.367627
-0.367972,15,645.74895
-0.314905,17,646.174288
-0.066643,16,646.585973
-0.052713,16,647.006662
-0.726975,16,647.408778
-0.365124,15,647.798115
-0.300158,15,648.194236
-0.024359,16,648.609531
-1.796453,12,648.995974
0.133156,17,649.473761
-1.306661,14,649.858771
-1.43664,15,650.317193
-1.149809,14,650.721012
0.87307,18,651.18175
-0.969786,14,651.566966
0.026337,16,651.964157
-0.942037,15,652.357639
-1.134863,14,652.726094
-0.615598,15,653.123102
1.066822,22,653.673288
-1.454847,13,654.009654
-1.042866,15,654.414613
-2.131004,12,654.737997
-0.78013,16,655.16691
-1.159666,13,655.524199
0.316438,16,655.947178
-1.839391,13,656.298448
0.880359,19,656.793639
-0.556543,16,657.219222
-0.736526,16,657.741414
-0.750694,16,658.184934
-0.178406,17,658.647867
-0.032709,18,659.133298
0.366386,19,659.620691
0.302271,17,660.120119
-0.561903,14,660.543791
0.382568,15,660.941798
-0.142193,16,661.361115
0.025142,17,661.832039
-0.768988,17,662.270291
0.224051,18,662.730107
-0.8145,14,663.101291
-0.183251,18,663.595606
-1.732037,13,663.916636
-0.11878,18,664.383112
-0.045515,19,664.891412
-0.450713,14,665.251792
-1.121057,13,665.573851
-1.251093,13,665.92313
0.392135,18,666.508403
0.047127,17,666.938691
0.684899,19,667.430594
-0.300098,16,667.826442
0.074445,16,668.234146
0.173205,18,668.685133
-0.865016,15,669.066471
0.075651,16,669.457008
0.51105,17,669.918066
0.915685,20,670.552088
0.541049,18,671.024768
0.145099,19,671.508797
0.579878,19,671.977287
-0.018559,17,672.401332
-0.425734,16,672.796022
0.299536,17,673.21421
-0.667548,16,673.619816
-0.16486,18,674.072822
-0.132357,17,674.507378
-0.984296,14,674.866936
-0.163324,16,675.396646
-1.436588,13,675.765794
0.603572,18,676.220984
0.174533,17,676.65516
0.23133,18,677.123639
-1.271806,14,677.474652
0.143702,16,677.873174
-0.272729,15,678.279865
-2.065567,12,678.610477
0.43789,18,679.111322
-1.411529,13,679.463201
-0.603216,15,679.877364
-0.361023,17,680.452661
0.159434,18,680.924404
0.774642,20,681.435801
0.41332,19,681.935434
-0.234331,15,682.357682
0.12616,20,682.886883
-1.606793,13,683.241353
0.352326,19,683.734128
-1.307554,15,684.168291
-1.759238,12,684.541085
0.131793,16,685.080449
0.00166,18,685.556261
0.44322,17,686.004186
1.18664,18,686.470538
-2.091297,13,686.79437
-0.344985,18,691.620906
-1.121457,15,691.99571
0.11177,17,692.412524
-0.142424,18,692.861142
-2.139794,12,693.176107
0.025047,19,693.673025
-0.367956,17,694.216137
-0.945384,13,694.558381
-0.797857,16,694.947989
-1.078992,14,695.314285
-0.568306,18,695.776282
-0.054716,18,696.253722
1.054467,25,696.900243
-0.414911,17,697.353774
-0.300741,17,697.791774
-0.748536,15,698.170836
-0.738029,15,698.552593
-0.137829,15,698.94056
-1.648212,13,699.292137
-0.447885,16,699.705934
-1.150439,16,700.214097
0.135326,17,700.661925
0.396964,19,701.137833
-0.992795,14,701.48493
-0.044203,17,701.921018
-0.979844,14,702.276635
-1.763891,14,702.627163
-1.111814,15,703.139568
-1.772883,13,703.486599
-0.213108,16,703.891337
-1.290226,14,704.255327
-1.286157,14,704.627095
-0.860776,16,705.043795
-0.467897,15,705.423916
-0.438989,16,705.834577
-0.156942,16,706.237643
-1.67108,13,706.568789
0.949505,22,707.147884
0.020595,18,707.60408
-0.565289,17,708.029077
-2.037628,12,708.343378
-1.275878,15,708.717817
-0.385069,17,709.150393
0.057471,18,709.632413
-0.548121,15,710.099878
-0.961798,15,710.490961
-0.439185,15,710.879535
0.498968,19,711.361613
0.165563,17,711.914749
-0.821904,16,712.335592
-0.696769,16,712.734306
-0.348202,16,713.134323
-0.781233,16,713.544363
0.047611,17,713.97118
1.059089,18,714.432321
-0.410851,17,714.867085
-0.57232,15,715.248412
-1.001949,15,715.644756
0.713238,17,716.071108
1.326134,22,716.618831
-0.084354,16,717.052127
-0.938966,14,717.418236
-0.894399,15,717.814761
-0.481545,15,718.187168
-0.834184,15,718.575391
-1.313882,13,718.903586
-1.745505,12,719.217556
-1.700021,14,719.716498
-1.038467,13,720.063968
-0.994995,15,720.446434
-0.666812,17,720.906144
-0.062361,19,721.478899
1.174328,20,721.982569
-0.729455,17,722.408451
0.195192,18,722.846664
-1.240192,14,723.211964
-0.967893,14,723.589857
-1.024221,14,723.955646
-1.440631,15,724.359157
-1.324581,13,724.694634
0.181059,19,725.155203
0.206739,18,725.603837
-0.026191,20,726.090369
-1.388425,15,726.454907
0.596538,21,727.048069
0.964101,18,727.524032
-0.436793,17,727.952133
-0.976492,14,728.324201
-2.067874,13,728.675049
0.199361,21,729.302437
-1.046017,14,729.72505
-1.116286,14,730.0853
0.042256,18,730.64652
0.055622,16,731.079081
-0.136101,18,731.578488
0.584421,18,732.036575
-0.00475,17,732.461734
0.43924,21,732.983644
-0.556734,15,733.357904
-0.832526,15,733.724651
-1.710487,13,734.052504
-0.292509,15,734.443549
-0.597367,15,734.818071
0.920148,20,735.333686
-0.465381,16,735.738673
-0.837328,15,736.112212
-0.551992,16,736.515243
1.25805,20,737.038179
-0.047122,18,737.491432
-0.839332,16,737.885199
1.482454,20,738.384543
-0.384363,16,738.805591
-0.603401,15,739.32724
-1.205403,15,739.804475
-0.904146,16,740.223304
1.403873,18,740.676598
-0.617823,16,741.070781
-1.279893,14,741.429476
0.541757,21,741.958905
0.992201,21,742.500431
0.617831,19,742.971327
0.281949,18,743.418568
0.768066,21,743.958557
-1.468154,14,744.300517
-0.418851,16,744.703722
-0.424731,16,745.099474
-0.065445,15,750.010514
-0.139622,17,750.450293
-0.280386,17,750.87295
-0.406172,17,751.291252
-0.432673,15,751.674191
-0.387119,18,752.120398
-0.309058,17,752.544055
0.063781,19,753.011193
-0.343996,17,753.440142
-0.634947,14,753.805417
-0.265971,17,754.237824
0.069791,18,754.694305
0.825433,25,755.308897
-0.806075,16,755.7108
-0.589042,17,756.143786
-0.343289,15,756.526182
-1.886907,13,756.861908
-1.881313,13,757.188532
-0.872535,14,757.545235
-1.338375,14,757.911489
-0.659198,15,758.454874
-1.553208,14,758.841267
-0.537937,17,759.260986
-0.297066,16,759.6557
-54.82815,176,763.926188
-0.540182,16,764.31441
-0.7022,17,764.738574
0.53309,22,765.283284
-0.798842,16,765.677623
-1.049608,14,766.04039
-1.847517,13,766.353982
0.469159,18,766.824421
-1.371249,14,767.298508
0.007413,20,767.899548
0.161157,17,768.388877
-0.235074,15,768.783341
0.944107,19,769.260275
-0.566771,16,769.67693
-1.402925,14,770.036915
-0.412624,16,770.445501
0.116431,15,770.825881
-0.167517,16,771.237044
0.652789,19,771.722847
0.412491,17,772.148038
0.939293,20,772.647603
-0.976843,14,773.001444
-1.883399,13,773.322941
-0.208776,19,773.792691
1.180785,20,774.305609
-1.088082,14,774.647971
-1.371212,13,774.9511
-0.13401,18,775.398752
-1.073412,15,775.894382
0.291937,18,776.413202
-1.747316,14,776.756058
0.060918,18,777.211935
-0.392071,17,777.765307
-0.417279,17,778.239496
0.106089,18,778.687321
0.845176,20,779.195576
0.614952,21,779.734672
-1.825009,14,780.084166
0.602139,19,780.568863
-1.869963,12,780.891742
0.146178,18,781.339992
-0.831796,16,781.751623
1.260492,24,782.356342
-0.597649,16,782.76747
-0.439711,17,783.199902
0.136561,19,783.6648
0.509655,18,784.120445
-0.112634,18,784.696949
-0.480007,17,785.155274
-0.759119,17,785.572623
-1.480922,13,785.900289
-0.932112,15,786.288656
0.673086,20,786.77736
1.577016,20,787.430553
0.442683,18,787.912751
0.40479,19,788.36349
-0.336254,16,788.772899
-0.409676,17,789.206251
0.011539,19,789.69004
1.351116,23,790.269134
-0.074369,20,790.782612
0.712228,20,791.305015
-0.776932,16,791.707619
-0.25485,17,792.143539
1.063768,20,792.680371
-1.776863,13,792.989209
-0.023341,18,793.593194
-1.275481,15,794.014698
0.770215,21,794.525864
-1.014248,16,794.940796
-0.842778,15,795.322453
1.052291,22,795.920759
-0.469147,17,796.384
-0.772811,15,796.767241
0.410081,20,797.444297
0.055294,16,797.879069
-2.359973,11,798.148246
-0.981168,13,798.460448
-0.44179,17,798.889112
1.105364,22,799.441232
-0.589453,17,799.89916
-0.954344,15,800.272055
-1.51199,14,800.622588
0.934159,22,801.165265
-1.323245,14,801.535076
1.069955,20,802.028693
-0.341177,18,802.642035
-0.433815,17,807.462167
-1.548557,14,807.821455
0.686742,19,808.283886
-0.408184,15,808.663668
-0.185981,19,809.139282
-1.799682,13,809.460021
0.516536,20,809.966375
-1.684264,14,810.31587
0.19127,17,810.751432
0.258411,21,811.345139
-0.598893,17,811.84115
-0.46011,16,812.232695
1.007537,19,812.730844
-0.703844,16,813.171355
0.734681,21,813.685278
-0.566971,18,814.115567
-0.456806,18,814.553824
-1.114833,15,814.929204
-1.81131,14,815.322041
-0.666073,17,815.75511
1.052018,22,816.300072
-1.287801,15,816.786971
-0.892437,14,817.163325
0.739263,20,817.680851
-2.001252,13,817.985411
-0.829766,14,818.334915
1.556994,22,818.877591
-1.86343,13,819.198788
0.841009,21,819.749772
0.288682,19,820.271581
-0.479415,17,820.838847
-0.166185,18,821.307441
-1.038254,15,821.680408
-0.690509,14,822.044102
0.699182,19,822.513951
0.962365,20,823.019846
-1.899299,13,823.348071
0.198117,17,823.781376
-1.147048,16,824.190919
0.455114,22,824.755633
0.251463,16,825.164932
-0.275005,14,825.506508
-0.592027,14,825.865622
-1.229143,15,826.277721
-0.83317,16,826.801942
-0.759797,15,827.197079
-0.675548,15,827.570852
-1.426529,15,827.962445
0.732763,22,828.517689
-1.66027,13,828.855659
-2.101836,12,829.206033
-1.667779,14,829.649277
-1.423931,13,829.984951
-1.334875,15,830.374616
0.236714,18,830.823144
-1.334419,15,831.212302
-0.514216,14,831.563124
-0.431845,17,832.003459
0.626626,22,832.555524
0.346347,21,833.07476
0.418859,19,833.543662
-0.965931,15,833.92505
0.031923,18,834.380145
0.201992,19,834.848724
0.262479,19,835.324636
-0.958319,14,835.676064
-1.281923,14,836.092699
-0.292333,19,836.650726
-1.625179,14,837.004053
0.209007,18,837.459406
-1.246575,14,837.815993
-0.291829,18,838.404204
-0.705314,15,838.818709
-1.523513,14,839.167312
-2.179083,13,839.485488
-0.325454,16,839.87948
0.603557,21,840.416372
-0.233483,17,840.839877
-1.128109,13,841.167752
-1.808763,14,841.515848
0.555513,16,841.925021
0.413233,18,842.362299
-1.880579,13,842.697863
-1.304256,14,843.053859
-0.464448,17,843.481115
0.175671,18,843.935527
0.682857,16,844.344556
0.321805,20,844.889937
0.797012,20,845.402809
0.78086,21,846.06404
-1.194101,15,846.469555
-0.340337,18,847.001954
0.379529,19,847.53778
-1.325838,14,847.898894
-0.243022,16,848.292998
-0.417907,16,848.695583
-1.075786,14,849.038885
0.581599,18,849.492886
-0.488581,17,849.900033
-0.837198,16,850.278789
-1.180426,15,850.636487
-0.398491,17,851.038923
0.426946,19,851.509537
-0.864014,14,851.851907
-0.506123,14,852.203393
-1.241633,14,852.562726
-2.12067,12,852.864764
-0.262484,19,853.349274
-0.011532,16,853.753423
0.160081,20,854.252445
-0.215141,16,854.655854
0.220076,17,855.082112
0.002837,17,855.642321
0.434131,18,856.20368
-0.183421,18,856.667365
-0.836576,16,857.078354
-53.30922,176,866.036027
-0.404058,18,866.483151
-0.174609,17,866.94904
0.862562,19,867.438788
0.20441,18,867.885302
0.186384,19,868.354895
0.675052,21,868.879256
-0.373785,16,869.279292
0.338534,19,869.75859
0.028837,20,870.27343
-0.12166,20,870.78273
-0.478776,17,871.209665
-0.484423,17,871.633375
1.022876,23,872.198175
-1.482877,13,872.536371
-2.023947,13,872.859131
-0.373009,17,873.298938
-0.116685,17,873.708001
-0.032596,17,874.208876
-0.13459,18,874.750002
0.024783,15,875.274659
-0.487756,18,875.765537
-0.515292,15,876.15905
-0.339023,17,876.583539
-0.178497,17,877.000431
-1.158838,15,877.376012
-1.653814,13,877.69684
1.648989,22,878.240724
-0.3679,17,878.673367
-0.559824,17,879.109678
-0.491145,15,879.489848
-0.208694,17,879.951515
-0.531439,15,880.330401
-0.842362,16,880.734414
-0.456081,16,881.131665
-1.389734,14,881.499948
-0.690524,15,881.89284
-1.641225,14,882.243729
0.455668,21,882.790952
-1.280351,14,883.209477
-1.113473,15,883.672294
0.24419,19,884.172341
0.661989,24,884.918716
1.082562,21,885.490895
0.543894,19,885.988315
-0.081507,19,886.463879
-0.872865,17,886.889718
-0.229647,16,887.301238
-0.794159,15,887.692432
-1.425476,15,888.058268
-2.267285,12,888.3715
0.779435,19,888.82597
-1.232009,15,889.190856
-1.112421,15,889.571564
0.634439,20,890.08286
-0.557591,14,890.440516
0.334417,22,890.986138
0.5015,19,891.471216
-0.575913,16,891.943326
-0.474386,15,892.401809
0.612464,20,892.918914
-0.907752,15,893.283057
-0.693802,15,893.67704
-1.131972,15,894.063158
-0.773718,17,894.622489
0.888777,22,895.193654
-0.774617,15,895.5691
0.512717,17,895.993609
-0.742355,16,896.396655
-0.838568,16,896.801028
-0.978433,17,897.224319
1.037076,23,897.796735
-1.186928,13,898.116031
-0.164271,17,898.534059
-0.260195,18,898.977962
0.655586,20,899.493883
-2.337882,12,899.790073
-0.526144,16,900.194126
-0.220182,18,900.731844
-1.48232,14,901.129522
-0.623688,15,901.515751
-0.616948,16,901.910752
-0.199873,18,902.350863
0.502551,19,902.835544
-0.192199,18,903.305681
-0.250075,16,903.709326
-0.190735,17,904.28933
-0.376516,18,904.758774
-0.310363,16,905.153959
1.394365,23,905.735803
-0.319718,15,906.125587
-0.501208,15,906.518871
-0.492951,15,906.899846
-1.238892,14,907.257253
0.499594,21,907.803666
0.520718,22,908.348162
0.994949,20,908.855669
-1.508968,14,909.225012
-2.073415,12,909.589007
0.867613,22,910.259874
-0.593721,18,910.715796
-0.53702,16,911.11755
0.434634,16,911.506509
-0.00284,16,911.902386
-2.344038,11,912.17004
0.912694,19,912.639694
-0.05081,18,913.087276
0.000504,20,913.674921
-0.501883,15,914.17355
0.445054,19,914.646447
1.146922,21,915.153547
-0.231352,17,915.586114
1.021779,20,916.084481
0.014222,17,916.51333
-1.412255,14,916.856362
-1.798818,13,917.193335
-0.206297,16,917.601024
-1.059492,16,918.017437
-0.202106,18,918.562051
-1.169809,14,923.359418
-0.055401,17,923.840885
-0.91049,16,924.238407
-0.050182,18,924.670104
0.040592,17,925.087171
-1.865982,14,925.435009
-0.064925,17,925.849934
-0.663749,16,926.270963
-0.602806,15,926.653406
0.094392,18,927.107584
-56.008497,176,931.617583
-0.516051,15,931.990791
-1.976925,13,932.29333
-0.113511,17,932.73256
-0.610158,17,933.291046
-0.686719,16,933.717167
-0.575544,16,934.122612
-1.006756,16,934.517642
-1.353963,13,934.861117
-0.366073,15,935.266278
0.572906,20,935.774357
-1.060389,16,936.253546
-0.036879,20,936.833353
-0.132253,18,937.304242
0.86406,19,937.81243
-0.781832,16,938.244537
-0.707304,15,938.638212
0.683974,20,939.16368
-0.32843,18,939.633545
0.315539,22,940.194169
-0.546831,16,940.632897
-0.683954,15,941.026848
-0.908782,15,941.401206
-0.90886,15,941.778802
0.033475,17,942.208191
-0.522442,18,942.694361
0.097798,18,943.257831
-0.200785,17,943.706728
0.687778,21,944.233351
-0.658924,16,944.642607
-0.185108,18,945.103555
0.018063,19,945.721272
0.138241,18,946.193398
-0.197103,17,946.617142
0.409623,19,947.095174
-1.265939,15,947.468901
0.209879,18,947.924083
0.618275,23,948.507736
0.027712,17,948.934046
-0.227726,18,949.397422
0.497524,20,949.888612
-1.334109,14,950.238947
0.26796,18,950.684941
-0.912202,15,951.073051
1.191017,22,951.620417
-0.861803,16,952.038064
-1.594196,13,952.392507
-0.393387,18,952.963778
-0.792237,15,953.359
-0.073478,18,953.816636
-0.778335,15,954.197325
-0.088947,19,954.747386
-0.525117,16,955.217653
-0.141953,18,955.699399
-0.325243,17,956.116746
-0.455255,16,956.535859
-0.542932,17,956.992077
-1.402598,15,957.372918
-0.857586,14,957.716094
-0.662066,15,958.089689
-0.560328,17,958.503986
-0.041549,16,958.913047
2.319446,25,959.556244
-1.247935,15,959.919092
0.324863,17,960.341488
-1.774502,13,960.674814
0.368637,18,961.120865
-0.409328,17,961.544794
1.755033,26,962.262519
-0.263833,16,962.733972
-0.628806,16,963.124231
-1.351477,14,963.496031
-0.96264,16,963.96185
-0.616343,16,964.377415
-0.75569,16,964.770387
-1.4071,14,965.118427
0.195442,18,965.562697
0.389557,19,966.048368
1.997528,27,966.743389
-0.844485,14,967.108794
-0.997184,13,967.439499
0.722405,21,967.960549
-2.192364,13,968.282724
1.222117,21,968.799954
-0.223624,17,969.219991
1.022072,21,969.761974
-0.764894,15,970.13517
-0.824794,15,970.507735
-1.095219,16,970.913641
-1.251447,15,971.286211
-1.14023,15,971.659883
-1.986549,13,972.12881
0.417869,18,972.666545
-1.007473,14,973.086318
0.016803,17,973.529261
-0.827344,17,973.948131
-0.430163,17,974.372351
-0.693794,16,974.776132
-0.561244,16,975.200006
-0.058578,18,975.654808
-0.210001,17,976.086757
-0.349883,16,980.733764
0.182199,19,981.281052
-0.699713,16,981.877787
0.337323,20,982.439539
-1.811624,13,982.757513
-1.180142,14,983.126915
-0.676025,17,983.559821
-0.713526,16,983.973156
-0.68671,15,984.378965
0.129173,16,984.791969
-1.457855,15,985.174057
-1.68001,13,985.500829
-0.422923,18,985.958868
-0.899191,15,986.349671
-1.606638,15,986.729208
-1.420083,15,987.118026
-0.48286,16,987.517112
-0.142472,18,987.960578
-0.299889,16,988.361195
-0.352151,18,988.818972
-55.370935,176,993.571983
-0.08214,18,994.022212
-0.434683,18,994.470196
-1.528394,14,994.827767
-0.567603,16,995.219279
-0.172318,19,995.702184
-1.301927,15,996.073026
-0.353849,14,996.425681
-0.398778,16,996.828564
0.108387,17,997.253846
-1.072064,16,997.655005
0.188649,20,998.151301
-1.621025,15,998.530042
-1.667759,14,998.87235
-0.417906,19,999.374491
0.392388,20,1000.015548
0.80546,21,1000.556499
-0.059379,17,1000.982468
-0.887922,16,1001.491945
-0.071467,18,1001.988812
-0.434399,16,1002.39979
0.539263,19,1002.879277
0.073258,18,1003.35596
-0.218065,16,1003.770302
-1.475591,14,1004.124176
-1.187014,16,1004.536303
0.222188,19,1005.017378
1.102951,20,1005.523019
-0.072659,17,1005.93955
1.03027,24,1006.545663
-0.604366,15,1006.926733
-0.583358,18,1007.382375
1.053172,22,1007.94107
0.170843,16,1008.335271
-0.727292,15,1008.71625
1.081952,21,1009.397412
0.140186,20,1009.917435
0.130132,18,1010.357077
-1.097447,15,1010.744883
-1.613708,13,1011.142131
0.310268,16,1011.571998
-0.781281,17,1012.0051
0.061672,18,1012.463366
-0.154695,18,1012.921633
-0.086279,17,1013.382709
-0.418233,18,1013.837216
0.192378,17,1014.276832
-1.442697,14,1014.633896
-0.188728,17,1015.05682
0.371253,21,1015.59908
-0.793634,16,1016.009425
-0.118481,19,1016.480226
-1.768804,14,1016.830622
0.696434,20,1017.331293
-0.947682,15,1017.711036
-0.702316,16,1018.151093
0.441258,17,1018.657034
-1.963805,14,1019.015268
-0.132706,19,1019.489872
0.427786,18,1019.952327
-0.066873,19,1020.443723
0.725679,22,1021.130347
0.094938,19,1021.635754
1.114938,21,1022.181293
-1.307266,14,1022.539232
-0.316662,16,1022.933785
-0.659074,16,1023.319849
0.261638,20,1023.834652
-0.382707,18,1024.291118
-1.84381,12,1024.581047
-0.148486,15,1024.953766
-0.692446,15,1025.343725
-0.299404,17,1025.761724
0.163963,17,1026.203238
-0.447592,14,1026.567764
-1.038535,15,1026.973374
-1.740985,14,1027.433727
-0.682292,17,1027.867806
0.364634,18,1028.299618
-0.017184,18,1028.753268
-0.327593,17,1029.174912
0.617791,18,1029.629742
-0.751062,15,1030.019008
-0.010364,17,1030.534168
-0.759508,15,1030.977025
0.225014,17,1031.41509
-0.272987,17,1031.835027
1.094745,22,1032.395169
-0.578894,16,1032.772934
-0.707198,16,1033.174168
0.802921,19,1033.642561
1.103882,21,1034.156432
0.775855,20,1039.046841
-1.860918,14,1039.396127
0.468439,19,1039.879771
0.864349,21,1040.549367
-0.000725,18,1041.018883
0.114253,19,1041.472716
0.581113,22,1042.031608
0.170755,19,1042.522879
-0.307325,17,1043.009294
-1.538741,13,1043.376953
0.758821,19,1043.855944
-0.079383,19,1044.355968
-1.507567,14,1044.754544
-0.703782,16,1045.234524
-1.655864,14,1045.585563
-1.182728,16,1045.980861
-0.4775,18,1046.447417
-1.084537,16,1046.843596
-0.352075,18,1047.282411
-0.251822,17,1047.691539
0.033412,19,1048.171001
-0.343594,19,1048.646954
-1.06283,16,1049.060159
0.654769,21,1049.598176
-1.300691,15,1050.054646
-0.663649,16,1050.511331
-1.338617,14,1050.868939
-1.391127,14,1051.225184
-0.491658,15,1051.612133
-0.207924,16,1051.992461
-0.957412,15,1052.372134
-1.642989,14,1052.742092
-0.236594,17,1053.175595
0.071834,18,1053.637932
-1.853008,13,1054.0251
-0.015678,19,1054.644046
0.242075,20,1055.163758
-0.600198,15,1055.53697
0.245963,18,1055.990643
-0.272544,17,1056.428011
-0.439059,17,1056.869
-0.169029,17,1057.293483
-0.894868,16,1057.696553
-0.01747,18,1058.15749
-0.178384,16,1058.552869
-1.307535,14,1058.889663
-1.006398,15,1059.26241
-0.982656,15,1059.711468
0.209268,19,1060.274739
-0.465819,16,1060.684593
-1.600631,15,1061.049169
-0.774107,16,1061.48212
0.45068,19,1061.970522
0.630375,22,1062.540505
-1.314082,14,1062.91418
1.592686,27,1063.729835
0.25044,21,1064.266274
-0.132725,18,1064.721642
0.135093,17,1065.153547
0.856026,23,1065.718874
-1.566744,14,1066.069055
-0.133929,18,1066.508504
0.761461,22,1067.042217
0.096149,18,1067.479734
-1.007036,16,1067.85785
1.741061,27,1068.530707
-0.111283,18,1068.987789
-1.854674,13,1069.380078
-0.455685,18,1069.909666
0.203045,19,1070.397393
-1.776408,14,1070.747896
-0.255688,16,1071.150577
-0.514804,17,1071.57448
0.301452,19,1072.059587
-0.156952,18,1072.524647
-0.315675,18,1073.098708
0.743212,18,1073.565422
-0.730189,16,1073.978769
-0.562683,15,1074.351572
-1.350077,15,1074.733323
-0.54101,16,1075.118181
-1.953285,14,1075.46761
-0.844483,15,1075.839627
-0.804082,14,1076.181201
0.287891,18,1076.633349
-0.398133,16,1077.042024
0.683858,19,1077.531072
0.507875,19,1077.998974
0.023596,17,1078.423598
-0.793093,16,1078.801547
-0.248287,17,1079.339879
0.695586,23,1079.927834
0.510564,21,1080.438565
-0.221048,17,1080.854061
0.380563,18,1081.302747
-0.568702,17,1081.709179
0.061201,18,1082.28582
1.008335,23,1082.859743
-1.151601,15,1083.241784
-0.149363,17,1083.675874
1.270618,23,1084.2638
-1.644785,14,1084.612423
-1.667122,14,1084.961776
1.364939,23,1085.5498
-0.637371,17,1085.965966
-0.017973,17,1086.397381
-1.159463,15,1086.768872
-1.933614,14,1087.12075
-0.677936,17,1087.544864
-1.733962,13,1087.881516
-1.481769,14,1088.223095
-0.057192,16,1088.696056
-0.922136,16,1089.172837
0.094288,18,1089.625694
0.113825,18,1090.072967
1.202849,24,1090.659113
0.989452,21,1091.30137
-1.46343,14,1091.640605
-1.125754,14,1096.3188
0.599799,22,1096.865842
1.833543,28,1097.581069
-0.46815,17,1098.069205
0.027927,18,1098.641212
-0.115263,20,1099.237454
-0.503952,16,1099.711228
-1.697824,14,1100.1042
-0.358721,16,1100.509324
0.062214,19,1100.970817
-0.690376,17,1101.395519
-0.620453,16,1101.797415
1.439842,21,1102.327036
-1.444636,13,1102.661028
1.022194,22,1103.218936
-0.267495,19,1103.693805
-0.508672,16,1104.09583
-0.168751,15,1104.476503
-0.044913,19,1104.944053
-1.373236,14,1105.323286
-0.540444,17,1105.756299
0.733823,20,1106.271703
-0.596213,17,1106.70503
-0.491105,15,1107.085951
0.986867,21,1107.615242
-1.121248,13,1107.971628
0.438512,18,1108.610409
0.550256,23,1109.276986
-1.115245,14,1109.627102
-0.436408,16,1110.030377
0.64538,21,1110.551854
-1.206078,15,1110.931946
-1.755489,14,1111.276053
-0.747992,14,1111.62711
-1.702785,14,1112.010253
-1.571953,15,1112.382996
-1.720878,14,1112.724489
0.649196,20,1113.220138
-0.682447,15,1113.577296
-0.171106,18,1114.03887
0.756744,23,1114.606497
-0.75311,15,1114.966395
0.346095,19,1115.436084
0.341825,17,1115.861085
-1.463944,14,1116.217588
0.516652,20,1116.717203
-0.147403,17,1117.154933
-0.840041,15,1117.658664
-0.593648,18,1118.243819
1.619784,23,1118.884552
-1.396632,14,1119.238956
0.063101,18,1119.710915
-0.379628,18,1120.176513
-0.561478,17,1120.617899
-0.226561,17,1121.065054
-0.076979,17,1121.480475
-0.211079,16,1121.887225
0.224008,19,1122.37188
0.351486,18,1122.854559
-0.612692,16,1123.262551
-0.226669,19,1123.746895
0.207517,19,1124.229799
-1.523663,15,1124.625592
-0.099469,18,1125.077842
0.237003,17,1125.532136
-0.238142,18,1125.97881
-1.505021,14,1126.348436
-0.839977,14,1126.808883
-0.534934,17,1127.289346
-0.636244,16,1127.694192
0.934082,20,1128.401202
1.257498,21,1128.937368
-0.489645,15,1129.312793
1.119313,20,1129.819501
-2.028646,13,1130.148309
-0.686928,17,1130.587257
1.304878,22,1131.128854
-0.485553,17,1131.544881
-1.736178,13,1131.865079
0.352049,19,1132.324896
-0.558274,16,1132.720324
0.943986,23,1133.285206
-1.728557,14,1133.644639
-0.694325,15,1134.027849
0.333004,18,1134.475925
-0.336049,16,1134.894493
-0.600889,16,1135.299639
-0.204767,16,1135.695322
-0.780507,15,1136.201185
-1.004679,16,1136.607744
-0.264044,18,1137.056916
0.147522,20,1137.665046
-0.427083,17,1138.136753
-1.345455,16,1138.536869
-0.764379,15,1138.908666
-0.811525,16,1139.304885
-0.110826,17,1139.729553
0.842941,21,1140.257879
-0.567892,16,1140.667985
0.204444,21,1141.198202
0.121367,20,1141.683921
0.377532,19,1142.1681
0.533557,19,1142.638643
-1.749753,13,1142.958883
-0.651142,17,1143.383833
-1.031351,15,1143.739923
-0.844613,14,1144.091616
-0.105277,17,1144.516189
0.391607,19,1144.99011
-0.124656,19,1145.595392
-1.556777,15,1146.000423
0.727289,21,1146.525937
-0.890097,16,1146.920026
-1.056125,16,1147.436666
-0.283276,17,1147.912915
-0.011261,17,1148.337595
0.050382,17,1148.76248
-0.811459,17,1149.196739
1.151361,20,1149.702929
-1.856717,14,1154.430857
-0.473509,16,1154.858481
1.120527,22,1155.403063
-0.944115,16,1155.804399
-0.995224,15,1156.176423
-1.483578,14,1156.535074
0.509861,18,1157.139804
0.619685,20,1157.668728
-1.206437,15,1158.05125
-0.465993,17,1158.495371
-0.572859,17,1158.913852
-0.236191,16,1159.312068
-1.623917,13,1159.642235
0.379496,20,1160.145472
0.077254,18,1160.584047
-1.257428,15,1160.957707
1.429339,27,1161.625616
0.937396,19,1162.109225
0.723193,19,1162.587825
-1.330754,14,1162.950238
-1.791774,14,1163.417377
-0.710604,16,1163.829542
0.062989,16,1164.22521
-0.032764,19,1164.710576
0.005272,19,1165.205314
-1.817639,14,1165.554132
-1.109816,15,1165.927054
-0.118346,19,1166.395804
-0.589585,16,1166.923054
0.734908,21,1167.464913
0.689667,21,1167.995696
0.378745,19,1168.472043
-1.109836,15,1168.844975
0.237627,18,1169.292152
-0.86534,16,1169.693876
0.046595,18,1170.139982
-1.399128,13,1170.48291
-0.972492,15,1170.862123
0.874863,21,1171.401463
-0.336393,17,1171.886781
-0.716693,16,1172.362394
0.099706,18,1172.805253
-0.875915,15,1173.192628
-0.611437,17,1173.624171
-2.081958,13,1173.946938
-0.976127,15,1174.304925
-1.906325,14,1174.647863
-0.337087,17,1175.080921
-0.941774,17,1175.5124
-0.024586,19,1175.984287
-0.981301,16,1176.522763
-0.894642,16,1176.940372
0.25382,20,1177.424334
0.60285,20,1177.925318
-1.092371,15,1178.2894
0.193121,19,1178.756238
-1.68861,14,1179.092933
-0.258489,17,1179.499694
-1.819411,13,1179.827035
-0.236136,16,1180.228671
-0.651153,16,1180.629525
1.160464,21,1181.195831
0.660796,22,1181.826519
-0.110932,16,1182.220939
1.455943,26,1182.861575
0.075756,19,1183.339622
-0.619292,16,1183.743173
-0.812136,16,1184.137982
-56.857298,176,1188.548513
-0.081849,19,1189.005953
-1.073763,15,1189.361143
-0.191986,17,1189.770061
-0.505351,17,1190.184826
-0.601468,17,1190.713628
-0.714573,16,1191.144936
-0.553308,17,1191.57549
-0.743621,17,1191.98585
-0.609656,17,1192.417239
-0.408484,15,1192.773603
0.036363,17,1193.196157
-0.299789,18,1193.642395
0.464571,22,1194.194093
-1.576141,14,1194.544079
0.310768,23,1195.108333
0.397187,17,1195.576106
-1.313525,14,1196.020473
0.283185,19,1196.509536
-0.729053,15,1196.879216
-0.492616,16,1197.313879
-0.566155,16,1197.715988
-0.095629,18,1198.163465
-0.393787,17,1198.58105
0.141283,18,1199.028611
0.430897,20,1199.611962
-1.400678,15,1200.074361
0.88412,18,1200.533694
-0.440518,16,1200.947567
-1.751532,13,1201.270136
-0.238438,17,1201.687771
-2.069739,13,1201.999124
-1.900967,13,1202.328342
-0.738409,16,1202.733543
-0.939969,16,1203.121197
-0.972269,15,1203.484918
0.128408,17,1203.918904
-0.403956,18,1204.374146
0.779002,21,1204.912766
0.204614,19,1205.494317
1.487964,25,1206.157818
-0.446585,16,1206.571804
0.21899,16,1211.313615
0.536065,22,1211.857463
-1.350581,14,1212.208861
0.303771,20,1212.707374
-0.51658,15,1213.095593
0.354746,17,1213.519615
0.359037,15,1213.899686
-0.113397,18,1214.363939
0.173572,17,1214.819861
0.384861,20,1215.44436
0.392036,19,1215.927443
-1.090995,16,1216.331546
-0.085703,17,1216.75706
-2.139312,12,1217.091077
-0.109363,16,1217.562958
-0.928223,15,1217.958562
-0.884844,15,1218.331475
-1.329955,13,1218.645165
0.032533,17,1219.07193
0.955845,22,1219.592102
-0.076413,16,1219.981794
-0.899121,16,1220.368384
0.359797,20,1220.871869
1.923443,22,1221.415933
-1.71665,14,1221.775443
-1.017646,14,1222.12555
-0.79468,15,1222.497159
0.816808,20,1223.003764
-0.4521,17,1223.435412
1.145605,22,1223.98135
-0.88219,15,1224.359366
-0.148366,18,1224.942439
-1.392054,15,1225.336166
1.104397,21,1225.874171
-1.535864,14,1226.240569
-0.60352,17,1226.782593
0.6315,19,1227.285982
-0.14689,18,1227.727196
-0.982182,15,1228.109972
-0.945125,16,1228.505961
0.692563,20,1229.001164
-0.225545,17,1229.427773
-0.224554,18,1229.876293
-1.079304,14,1230.221317
-0.561639,16,1230.623432
-1.067156,15,1231.019784
0.065683,16,1231.427109
-0.451885,17,1231.857981
-0.934233,16,1232.260459
-0.465517,17,1232.703465
-0.905042,15,1233.091757
0.886742,19,1233.570582
-2.196492,12,1233.886213
-0.16737,17,1234.450273
-1.293044,14,1234.822112
-0.891719,15,1235.278997
-2.142555,12,1235.624033
0.556605,21,1236.164498
-0.775464,15,1236.545817
-1.800528,14,1236.894752
-0.963538,16,1237.288605
1.201445,21,1237.825463
0.404163,19,1238.294325
-0.644878,16,1238.704488
-0.256374,18,1239.155491
0.123453,18,1239.595947
-0.169248,16,1239.9925
-0.575803,17,1240.423533
-0.797191,15,1240.804723
0.103089,16,1241.190816
-1.237847,13,1241.51959
-1.283965,15,1241.901248
-0.009843,18,1242.335659
0.802631,20,1242.819885
0.099161,19,1243.302003
-0.628302,17,1243.753167
0.185474,19,1244.39539
-0.53489,14,1244.823923
0.856356,21,1245.367299
1.146741,21,1245.882876
0.193648,17,1246.319354
0.848829,18,1246.771558
-0.279868,16,1247.198552
-1.328231,14,1247.532806
-1.002165,15,1247.929481
-0.236643,17,1248.370681
-1.403676,14,1248.722583
-0.144009,18,1249.192408
-0.746823,15,1249.565241
-0.19607,16,1249.973847
-0.767914,16,1250.377985
-1.017449,15,1250.758718
0.048193,20,1251.274451
-0.585047,15,1251.662166
0.461974,18,1252.118814
-2.478912,12,1252.416681
-0.700061,15,1252.796498
1.334892,20,1253.297208
-0.549636,17,1253.896033
-0.950727,16,1254.33343
-1.153653,16,1254.754491
-0.296214,17,1255.171626
0.026673,19,1255.656841
-0.028892,17,1256.083155
0.262768,17,1256.508359
-1.073975,16,1256.911835
-0.180097,18,1257.352233
1.142397,22,1257.887872
-0.509782,18,1258.35091
1.553158,21,1258.879758
-0.012578,19,1259.36552
-0.375066,18,1259.835672
-0.515701,16,1260.238059
-1.371815,15,1260.617339
-0.372889,16,1261.012621
-0.012274,18,1261.450964
-1.442076,15,1261.81565
-1.150708,16,1262.215317
0.108709,18,1262.693585
-1.18126,14,1263.205265
-0.605593,15,1263.654126
0.005471,19,1264.141869
-0.589666,17,1268.890038
-1.861011,13,1269.228376
0.043575,17,1269.648028
-1.723963,13,1269.969052
-0.447559,16,1270.374593
-0.311378,18,1270.846595
0.235772,17,1271.285216
-1.295223,14,1271.691509
-1.254558,14,1272.106233
-0.028329,18,1272.560112
-0.115215,17,1273.123987
0.372684,18,1273.625222
0.213108,17,1274.060021
-1.104869,14,1274.42153
-0.609352,16,1274.832295
-1.970271,13,1275.176154
-0.491805,16,1275.580553
-1.223061,15,1275.961412
-0.46484,16,1276.3574
-1.816421,11,1276.633659
-0.88241,14,1276.983826
0.035454,17,1277.408852
-0.181168,17,1277.833455
0.733736,22,1278.358902
-0.65958,16,1278.755141
-0.13644,17,1279.180812
0.717299,21,1279.70233
-1.583669,13,1280.023191
-0.076641,18,1280.566363
-0.15862,18,1281.025125
-0.608352,16,1281.445988
-0.427419,17,1281.88551
-1.49892,14,1282.256392
-0.708873,14,1282.736024
-0.988986,15,1283.202355
-0.201866,17,1283.6868
-1.327738,13,1284.044142
1.671205,23,1284.694818
-1.071699,15,1285.122023
-1.042564,15,1285.563852
-1.020061,15,1285.99701
0.220484,18,1286.515569
0.286011,19,1287.074235
-1.462393,14,1287.472229
-1.013656,15,1287.905723
-0.909304,15,1288.357454
-1.620822,14,1288.758372
-1.992008,13,1289.131365
-1.538784,14,1289.615537
0.393788,17,1290.114991
-0.381132,18,1290.608793
-0.088686,16,1291.042866
-1.16632,15,1291.442829
-1.867337,12,1291.776064
1.076386,19,1292.288541
-0.912323,16,1292.742452
0.442279,18,1293.348158
0.051233,17,1293.825602
-1.201157,13,1294.16004
-0.894027,14,1294.509615
-0.26682,16,1294.921649
0.351518,19,1295.422033
-0.47036,16,1295.853436
-0.391622,18,1296.326471
-0.722034,15,1296.724932
-0.098062,17,1297.15677
0.696015,18,1297.611021
-0.19115,17,1298.052279
0.748452,20,1298.670222
-0.992956,16,1299.099446
0.482287,20,1299.600125
1.56239,27,1300.294436
1.184858,21,1300.80709
-1.543495,13,1301.127323
0.590968,21,1301.656722
0.064436,16,1302.059277
-0.787806,17,1302.492634
-0.976823,14,1302.869094
-0.868104,14,1303.358509
0.227772,16,1303.796805
0.217923,17,1304.224635
-0.770776,15,1304.587796
0.707758,19,1305.071909
-1.187375,15,1305.44242
0.294213,18,1305.904671
-1.12415,14,1306.266346
-0.148816,17,1306.706436
-0.020623,19,1307.279965
-1.620608,14,1307.667476
-0.434796,15,1308.035296
-1.511114,14,1308.385422
1.046312,21,1308.923739
0.070795,17,1309.34061
0.066822,19,1309.833095
-0.920966,16,1310.244715
-0.685178,16,1310.646898
0.360639,19,1311.139526
-0.776426,15,1311.510404
-0.617683,16,1311.922431
-2.043883,11,1312.20774
-0.001024,17,1312.66439
0.258608,18,1313.246117
0.554694,20,1313.770373
0.151315,17,1314.198663
-0.371417,16,1314.604354
-0.411259,17,1315.062513
1.822856,25,1315.713578
1.617172,25,1316.338176
0.024905,17,1316.873591
-0.199577,17,1317.295797
-0.783023,15,1317.668447
0.487067,20,1318.176534
-1.747967,13,1318.509896
-1.355343,15,1318.906706
-1.607195,13,1319.236751
0.087108,19,1319.69952
-1.436143,14,1320.058233
-1.671627,13,1320.385649
-0.154615,16,1320.781144
-0.917704,15,1321.167826
-1.436989,13,1321.527097
0.564691,19,1322.005952
-1.093,13,1322.335069
-0.9925,15,1322.858858
-1.377441,14,1323.250036
-0.464357,18,1328.071221
0.001403,18,1328.526987
-0.324024,16,1328.912573
-2.041887,12,1329.213432
-0.466203,18,1329.670618
0.379596,19,1330.155899
-0.932284,15,1330.529464
-1.377388,14,1330.887458
-0.054959,18,1331.357124
-1.36255,15,1331.727906
-0.685207,16,1332.140833
-1.092052,14,1332.616773
0.178871,18,1333.098028
-0.196458,19,1333.590111
0.797253,23,1334.180858
-1.190401,14,1334.523554
-1.093287,15,1334.921206
1.163673,21,1335.55447
-0.146179,17,1335.975336
-0.7747,16,1336.380985
-1.523018,14,1336.732989
-0.769008,16,1337.121969
0.514606,19,1337.613909
-0.420888,16,1338.027269
-0.228818,16,1338.455471
-0.545493,17,1338.891448
-0.962747,16,1339.314418
0.153415,17,1339.74335
1.10605,19,1340.207988
-2.263041,12,1340.521791
-0.951996,15,1340.905133
0.553417,19,1341.371677
-0.238581,18,1341.834864
-2.004719,13,1342.302082
-1.25014,15,1342.727993
-1.15634,13,1343.065821
-0.658643,16,1343.477318
0.777583,21,1344.044224
-1.436224,14,1344.519706
-0.551595,15,1344.908381
-0.488437,15,1345.299726
1.562376,24,1345.901352
-0.593083,15,1346.297827
-1.395462,14,1346.674966
-1.082984,15,1347.051934
-1.683885,13,1347.381084
0.030252,16,1347.793515
-0.450211,17,1348.24106
-0.515978,16,1348.680029
-0.854269,16,1349.073356
0.000713,16,1349.486987
-0.996862,14,1349.841291
-0.079103,18,1350.295826
0.572127,18,1350.743044
-0.743337,15,1351.113015
-0.015275,16,1351.525137
-0.47867,16,1352.018785
1.689884,22,1352.646921
-2.159574,12,1352.965995
-0.035187,16,1353.442284
0.492957,19,1353.999173
-0.876716,15,1354.408429
-0.567028,16,1354.812157
0.476807,18,1355.275174
-0.177374,17,1355.709341
-0.486875,16,1356.120123
0.188202,18,1356.576135
-0.170776,17,1357.008862
1.033164,20,1357.517362
-0.859361,16,1357.911153
-0.875889,15,1358.283243
-0.3903,15,1358.664479
-0.20565,16,1359.068386
-0.557279,15,1359.452117
-0.043509,19,1359.915025
-1.319539,14,1360.288622
1.200123,19,1360.76741
-0.01894,17,1361.180072
-0.293883,15,1361.618823
-0.243973,15,1362.091295
-0.231093,18,1362.64635
-1.04701,15,1363.034055
-0.710194,16,1363.446306
1.063604,22,1363.99891
-1.190733,15,1364.365389
-0.978997,16,1364.744326
-0.088106,16,1365.141467
-1.601568,14,1365.483961
-1.26464,14,1365.834007
-0.3997,16,1366.232596
-1.713856,12,1366.547231
0.903749,21,1367.070884
-0.386926,15,1367.444934
0.301628,19,1367.914021
-1.252956,14,1368.266829
0.894219,23,1368.847345
0.792552,20,1369.355493
-1.115121,14,1369.714034
-0.487081,16,1370.1186
0.248208,17,1370.570115
-1.171287,15,1371.056423
-0.254895,17,1371.600908
-1.488103,14,1371.986278
-1.668805,14,1372.333686
-0.170923,19,1372.811111
1.080723,21,1373.326374
-0.179221,17,1373.74378
0.483193,19,1374.214743
0.437827,18,1374.661677
-1.945456,12,1374.954688
0.259559,18,1375.392391
-1.067957,15,1375.764065
-1.680606,14,1376.105738
0.202406,18,1376.554903
-0.314739,18,1376.995396
1.215133,22,1377.570027
-0.427916,16,1377.973195
-1.29673,15,1378.363378
-0.017662,19,1378.848277
-1.443461,15,1379.238105
0.673684,23,1379.821843
-0.921154,15,1380.333375
-1.340201,14,1380.689207
0.130443,16,1381.222681
-0.1204,17,1385.973852
-0.238535,17,1386.411208
-1.666683,14,1386.76657
-0.82219,16,1387.182205
-0.502972,14,1387.561357
-0.991009,16,1387.996799
0.676482,20,1388.540597
-0.593754,17,1389.126935
-0.935556,16,1389.553746
-1.675833,13,1389.884019
0.471505,19,1390.373497
-1.31947,13,1390.792586
-0.824367,14,1391.222549
-1.426883,14,1391.611802
0.237392,19,1392.08966
0.640039,21,1392.671061
1.210935,19,1393.161512
-1.496532,13,1393.510431
-0.625098,14,1393.851442
-1.086387,14,1394.206711
-0.532219,17,1394.639905
-2.190803,11,1394.935262
1.285299,20,1395.448212
-0.201627,16,1395.892667
-1.030669,14,1396.278762
-1.925091,12,1396.580401
-54.347027,176,1401.296741
-0.409717,16,1401.704915
-1.817188,12,1402.006184
-1.784385,13,1402.329474
-1.030758,15,1402.716643
-0.261867,16,1403.129905
-0.852363,15,1403.535305
-0.495177,16,1403.981237
-1.248053,13,1404.325973
-0.17636,18,1404.775211
-1.099432,15,1405.15234
0.085824,18,1405.634404
0.129231,19,1406.171624
-1.770351,13,1406.534444
-0.473448,16,1407.052923
-0.718059,16,1407.467343
-0.693826,15,1407.844111
-0.014355,19,1408.346408
0.058551,17,1408.783674
0.022887,19,1409.262592
0.311697,17,1409.696624
-0.865591,15,1410.108853
0.853106,20,1410.745167
-0.231895,16,1411.20545
-0.151127,17,1411.654795
-1.739349,13,1411.990773
-0.079107,17,1412.428238
0.060122,18,1412.897363
-1.426934,14,1413.285924
0.128622,18,1413.751591
0.487128,19,1414.224158
-1.01692,15,1414.630115
0.962836,19,1415.151362
-1.977106,13,1415.495765
-1.232844,13,1415.896895
-0.614999,16,1416.390956
-1.51262,14,1416.736353
-52.535801,176,1421.330141
-0.08303,18,1421.76986
0.36465,17,1422.186121
-1.846583,13,1422.52086
-0.94249,15,1422.907715
-0.815677,16,1423.316052
-1.080148,15,1423.695121
-1.296637,14,1424.050703
-0.593121,15,1424.431607
-1.585561,14,1424.859445
1.686701,23,1425.506536
-1.394533,15,1425.879677
0.098693,17,1426.329153
-0.649728,16,1426.767098
0.367897,19,1427.235138
-0.250164,18,1427.701224
0.146359,18,1428.159887
-1.138796,14,1428.526588
-1.077022,15,1428.906395
-0.970213,16,1429.297895
-0.984806,15,1429.693405
-1.811376,13,1430.148378
-1.411415,13,1430.498064
0.057783,19,1430.990113
-1.758055,14,1431.361064
-0.412287,17,1431.817729
-0.096113,16,1432.258765
0.843402,19,1432.772281
-0.937381,15,1433.184429
-0.518998,15,1433.66086
-1.161849,15,1434.088232
0.226753,19,1434.591841
-0.355802,15,1434.989801
-0.484138,17,1435.427093
0.28772,17,1435.848578
-0.510855,16,1436.26563
-0.210228,16,1436.654662
-1.555045,15,1437.03699
-0.825915,16,1437.432734
0.445744,20,1437.91794
-1.129561,14,1438.278568
-0.290392,17,1438.707108
-0.405896,16,1439.108985
-0.473695,15,1439.564511
0.247606,18,1440.107204
-0.152591,18,1444.987627
0.071238,16,1445.398352
0.283437,19,1445.886389
1.006847,22,1446.446911
-1.377473,13,1446.774029
0.281491,18,1447.230747
-0.699913,16,1447.642148
-0.078183,16,1448.053261
-2.132865,12,1448.36718
1.204233,21,1448.905281
-0.165405,17,1449.455945
0.908823,19,1449.954258
-1.16218,13,1450.282676
0.337399,20,1450.789163
0.918589,22,1451.456168
-0.216968,16,1451.919165
-1.283213,14,1452.289212
-1.22129,14,1452.63931
-1.07537,13,1452.975099
0.266091,18,1453.438499
-0.262297,17,1453.853425
-1.154668,13,1454.189306
-1.596401,13,1454.525499
0.290662,20,1455.033623
-0.145497,17,1455.457193
0.038966,17,1455.874199
-0.14832,17,1456.308133
-0.189847,18,1456.739253
0.726614,18,1457.200707
-1.700742,13,1457.528345
-0.596938,15,1457.9084
-0.994897,14,1458.258305
-0.586477,17,1458.696853
-0.217863,16,1459.225937
-1.164381,15,1459.615663
-1.294282,14,1459.989904
-1.174005,13,1460.42763
0.322938,18,1460.914546
-0.847163,13,1461.249299
-0.610694,17,1461.673769
-1.116563,13,1462.002195
-0.505189,16,1462.413846
-0.786272,15,1462.802119
-2.046586,13,1463.138185
0.428069,19,1463.615473
-1.438358,15,1464.003795
0.303378,19,1464.474192
-0.7597,14,1464.834755
-1.610109,14,1465.217698
-1.352148,14,1465.597399
-0.633014,16,1466.022344
0.627197,20,1466.657652
0.092543,20,1467.280406
-0.179976,18,1467.755092
-1.398475,15,1468.16608
0.304112,17,1468.632974
-0.278445,17,1469.211057
-0.328052,15,1469.636458
-0.315107,16,1470.056813
-1.120313,14,1470.436862
-0.996136,14,1470.805516
0.668189,18,1471.261798
0.104973,18,1471.736261
-0.242746,17,1472.175262
-0.686298,14,1472.527472
-1.611483,14,1472.894008
-1.882794,13,1473.214793
-0.356111,16,1473.613194
-0.769911,17,1474.049938
1.16978,21,1474.600573
-0.817577,15,1474.993456
-0.358659,19,1475.48845
-0.93827,15,1475.857148
-1.792827,13,1476.188121
-1.563737,14,1476.562678
-0.003114,16,1476.971178
0.59494,18,1477.422618
0.225286,18,1478.01125
-1.533225,13,1478.36899
0.528635,19,1478.989847
0.174388,19,1479.51904
-0.974059,14,1479.878986
-0.006261,17,1480.295933
-0.512743,17,1480.732519
-0.948959,15,1481.109618
-1.078615,15,1481.497007
0.053078,18,1481.949121
-1.392739,14,1482.304019
-1.137745,14,1482.662332
-0.208162,16,1483.075334
-0.958658,16,1483.488086
-1.203146,14,1483.83092
0.178844,19,1484.30444
0.804178,21,1484.820722
-0.016293,17,1485.258951
-0.143288,17,1485.690035
-0.162601,18,1486.147955
-1.105729,15,1486.543589
-0.885413,15,1487.059133
0.43446,19,1487.566298
-0.380205,15,1487.955823
0.034007,18,1488.518636
0.311874,17,1489.010901
-0.057413,17,1489.454534
1.288228,22,1490.006249
-0.030869,18,1490.469333
-0.620752,15,1490.857728
0.179157,19,1491.32768
-0.36367,15,1491.714466
-0.726667,17,1492.146974
1.136954,26,1492.797379
-0.11131,18,1493.26074
-1.474196,14,1493.626721
-0.691544,16,1494.037102
0.34095,20,1494.54514
-1.576401,14,1494.894557
0.069265,18,1495.378963
0.352355,19,1495.959253
1.556191,21,1496.469051
-0.809171,16,1496.879764
-0.599553,15,1497.26024
0.645232,17,1497.676009
-1.070798,13,1498.07903
0.431868,21,1498.66338
-0.63203,15,1503.377326
1.037219,22,1503.915283
-0.483501,16,1504.407532
-1.953869,13,1504.818914
-1.475435,14,1505.214184
1.710214,23,1505.8373
0.344626,20,1506.393051
-0.007716,17,1506.859895
-1.203876,14,1507.239734
0.473968,20,1507.79652
0.697053,18,1508.374992
-0.051986,18,1508.892797
-0.515487,17,1509.361942
-1.044579,15,1509.781224
-1.115019,15,1510.197949
-0.414705,15,1510.578929
-0.7414,15,1510.991906
-1.833514,13,1511.330023
-1.871913,13,1511.688816
-0.645278,15,1512.10706
-0.557225,16,1512.533789
-1.864096,14,1512.910987
-1.069757,15,1513.374502
0.217954,18,1513.883731
-2.380231,12,1514.205706
-0.358458,16,1514.63043
-0.777631,17,1515.069055
-2.01161,12,1515.400002
-1.21426,14,1515.774549
0.425988,18,1516.241307
-0.890059,15,1516.646966
0.500232,17,1517.098172
-0.056117,15,1517.496573
-2.191412,12,1517.798964
-1.625134,13,1518.168329
-1.665381,14,1518.631045
-0.488574,16,1519.071834
-0.4429,19,1519.554028
1.323855,23,1520.155835
0.797165,19,1520.665887
-0.664703,16,1521.111811
-1.528699,14,1521.495615
-0.570011,17,1521.926002
-0.522981,18,1522.503189
-0.561348,16,1522.958899
-0.829009,15,1523.35415
0.836486,21,1523.897067
-0.198256,18,1524.369958
-1.06628,15,1524.768496
0.305884,21,1525.299816
-0.962989,15,1525.672801
-0.443928,17,1526.110208
-0.555786,16,1526.512881
0.482284,20,1527.041788
-0.025833,17,1527.478815
-1.889463,13,1527.831522
1.408269,22,1528.522606
0.259813,18,1529.004464
0.452601,22,1529.553146
-0.29823,17,1529.969791
-0.651053,15,1530.34214
-1.397422,14,1530.696357
-1.184754,14,1531.057915
-0.73428,14,1531.446509
-0.23039,17,1531.990595
-0.453586,16,1532.40301
1.545531,23,1533.025908
0.141374,17,1533.493153
-0.542872,16,1533.926999
0.807191,20,1534.44143
-1.439393,14,1534.797302
-1.103863,15,1535.165529
0.637826,21,1535.691777
0.106568,17,1536.129369
0.803145,21,1536.646988
-2.004007,13,1536.984842
-1.18499,15,1537.366466
0.352073,21,1537.957451
-0.371537,18,1538.521518
-0.977915,15,1538.912044
-1.28704,15,1539.299617
-0.987845,15,1539.673434
-0.097122,19,1540.151141
0.770698,23,1540.864325
-0.923868,16,1541.269666
-0.555731,15,1541.648219
-2.047047,13,1541.977964
-0.40156,17,1542.412283
0.037563,17,1542.835042
-0.535563,17,1543.254636
0.168231,18,1543.708213
-0.245141,17,1544.124806
-1.264689,15,1544.51405
-1.428354,13,1544.856039
-0.794323,16,1545.270857
-1.31763,14,1545.631001
0.025664,18,1546.093106
-0.562498,17,1546.514035
-0.442699,17,1546.942116
-1.094538,15,1547.330937
-0.890982,15,1547.821763
-0.234352,17,1548.283355
0.972702,21,1548.818739
-0.060036,18,1549.260499
0.193908,18,1549.828213
-1.731909,14,1550.242785
-2.261437,12,1550.545112
-0.337093,16,1550.958821
-0.221963,17,1551.399401
0.699465,19,1551.871302
-0.783431,15,1552.253028
-0.778373,16,1552.663483
-1.831022,12,1552.97017
-1.692193,14,1553.33068
-1.293447,14,1553.675109
-0.295653,17,1554.100081
0.059694,18,1554.566322
-0.422458,16,1554.971624
0.030812,19,1555.470578
-1.007698,14,1555.833275
0.998285,21,1556.371968
-0.352097,15,1556.746851
-1.200535,15,1557.127791
-0.779579,16,1557.643217
0.47844,17,1562.420903
-0.555206,15,1562.793233
-0.472289,16,1563.201476
-0.659705,15,1563.594076
-0.221209,19,1564.078729
0.210863,19,1564.581704
-0.237164,16,1565.008331
1.341697,22,1565.590216
-1.453115,14,1565.941902
0.676883,21,1566.486113
-1.518409,14,1566.873613
-2.153634,12,1567.284518
-0.629504,15,1567.80072
0.501466,18,1568.276239
-1.310898,15,1568.680695
-0.153792,15,1569.06977
0.058465,17,1569.488388
-0.169112,17,1569.921256
0.015759,17,1570.339543
0.01029,17,1570.788477
-0.700527,15,1571.169196
1.726715,21,1571.692062
-0.177084,18,1572.148223
-1.727513,14,1572.514935
1.213268,21,1573.03597
-0.374255,17,1573.461227
-0.399605,17,1573.886241
-1.138841,16,1574.297911
-0.476557,17,1574.749379
-0.989772,15,1575.138761
-0.350814,16,1575.526444
0.253935,18,1575.981777
0.799264,17,1576.411004
-1.544454,14,1576.935424
-0.764958,15,1577.356027
-0.901422,15,1577.738344
0.020633,19,1578.207201
-0.039262,17,1578.628296
-0.250156,18,1579.06787
-0.070524,17,1579.493994
-0.930353,15,1579.858993
-0.875306,15,1580.239725
-0.075918,18,1580.693404
-0.184754,18,1581.157331
0.06318,18,1581.602798
-0.686746,17,1582.025305
-1.273085,14,1582.380111
-1.029332,15,1582.769737
-2.150315,12,1583.099252
-1.255908,14,1583.471294
-1.211087,15,1583.844182
1.353363,22,1584.409187
0.969339,20,1584.915652
-1.507189,14,1585.27672
-1.134452,15,1585.790922
-0.726807,16,1586.262517
0.151986,20,1586.9135
-0.723307,17,1587.377166
-0.278547,16,1587.773245
-0.058819,17,1588.199665
-1.270137,15,1588.5806
-0.987702,14,1588.93379
-0.426246,17,1589.375333
-1.12857,14,1589.751079
-0.483059,16,1590.162219
-0.771917,15,1590.522889
0.085976,17,1590.971984
-0.223485,17,1591.405146
0.074882,17,1591.933679
-0.687871,15,1592.413005
-1.351875,13,1592.725734
-0.424325,19,1593.218893
-1.062441,15,1593.592736
-0.642776,15,1593.981103
1.324296,21,1594.501063
-0.003827,18,1595.061797
-0.963693,15,1595.453643
-0.875398,17,1595.877389
0.169392,20,1596.382928
0.099176,18,1596.961362
1.260026,20,1597.475648
0.615955,21,1597.98806
-0.375794,16,1598.390759
0.947592,20,1598.890313
-1.826668,14,1599.248466
-0.073191,19,1599.728814
0.959467,19,1600.213284
0.41616,20,1600.72104
-1.479955,15,1601.101402
-0.401061,17,1601.526835
0.15065,19,1602.005875
-1.619382,13,1602.333
-0.419409,17,1602.757576
-1.302811,15,1603.139535
-0.77022,16,1603.550413
-0.29218,17,1604.012405
-1.247922,15,1604.492483
-0.827165,16,1604.943365
-1.523085,14,1605.301441
-1.17006,15,1605.697097
-0.879695,15,1606.111253
-0.963942,16,1606.653676
0.09798,18,1607.138204
-0.932305,16,1607.563837
0.821824,19,1608.031163
-0.33702,17,1608.478893
-1.390584,15,1608.859016
-1.321338,14,1609.202266
-2.21192,12,1609.528925
0.771882,20,1610.049167
-0.451397,17,1610.475162
-0.818033,15,1610.856414
0.651157,21,1611.368829
-1.145963,15,1611.755241
-0.939741,14,1612.097646
0.111925,18,1612.580574
-0.964724,15,1612.953355
-1.083972,15,1613.450769
-1.681405,14,1613.808586
-0.873858,14,1614.145107
0.847809,22,1614.704149
-1.249952,15,1615.068886
-1.482113,14,1615.427046
-1.341026,13,1615.73824
0.368949,18,1620.625714
-0.435058,16,1621.05053
1.107562,19,1621.526834
0.411145,17,1621.961011
0.403238,18,1622.565262
-0.979199,14,1622.946896
-0.64813,17,1623.386795
-1.013362,15,1623.768217
-0.894825,16,1624.171701
-1.796485,13,1624.500793
-0.402133,18,1624.940883
-1.04404,15,1625.329908
-0.471071,17,1625.908448
-1.366083,14,1626.280849
0.164862,15,1626.664484
-0.398796,17,1627.100675
-0.729144,16,1627.519374
-1.370506,15,1627.898932
0.17471,17,1628.333164
-0.362767,18,1628.798736
-0.194196,18,1629.268347
1.406873,21,1629.800732
-0.564297,16,1630.205598
-0.844716,16,1630.618393
-0.546559,17,1631.146952
0.540871,18,1631.605183
-1.308043,14,1631.963309
-53.100145,176,1636.684055
-1.836595,13,1637.005327
-1.541312,14,1637.357183
0.073813,17,1637.790755
0.162093,18,1638.25179
-0.511638,15,1638.622984
0.04413,18,1639.06975
-0.53399,16,1639.488543
-0.724071,16,1639.89763
1.514828,25,1640.66623
-0.285934,17,1641.109483
-1.675806,13,1641.455997
-0.882025,15,1641.828441
-0.234798,16,1642.24563
-2.292687,12,1642.574027
0.327538,20,1643.070672
-0.287495,16,1643.481956
-0.372069,15,1643.863813
-1.648787,14,1644.221082
0.258708,21,1644.751121
-0.355886,16,1645.19053
0.273206,20,1645.809887
0.1806,18,1646.279001
-0.859228,17,1646.719504
-0.480036,17,1647.152582
0.247623,19,1647.628289
-0.431663,16,1648.030272
0.590495,20,1648.545478
-1.254816,14,1648.897544
-1.442654,13,1649.257111
-0.761234,16,1649.776047
-0.839894,15,1650.17949
-0.273933,16,1650.581529
-1.112987,15,1650.960955
-0.399226,14,1651.305711
-0.029393,19,1651.791388
-1.842432,14,1652.142316
1.134136,22,1652.706218
-0.708712,15,1653.072397
-0.597791,16,1653.490882
0.303591,19,1653.971841
0.291673,19,1654.460159
0.067522,16,1654.971328
-0.854251,15,1655.415963
-0.79051,16,1655.835947
0.144634,18,1656.301003
-0.191274,18,1656.797888
-0.131026,16,1657.201591
0.273683,19,1657.687897
0.5195,16,1658.105673
-1.306756,15,1658.532488
-0.340104,17,1659.060369
0.540187,20,1659.574397
1.273234,24,1660.184887
0.461325,21,1660.704134
-0.259686,17,1661.119543
-0.181697,19,1661.588236
0.801274,20,1662.113084
0.245729,21,1662.627997
-0.45446,16,1663.01438
0.6474,19,1663.480799
-0.815647,16,1663.87418
-0.858786,16,1664.276193
-1.346909,13,1664.696748
-1.316683,14,1665.104552
0.997663,20,1665.622653
-0.646793,16,1666.018682
-1.090258,15,1666.392585
-0.659465,15,1666.767677
-2.190689,12,1667.081503
-0.823334,16,1667.493136
-1.21392,14,1667.979798
0.38354,15,1668.355292
-0.150058,17,1668.800049
-1.278619,15,1669.188864
0.070111,17,1669.622888
-0.053851,18,1670.086625
-0.492052,16,1670.488456
-0.1221,15,1670.87568
-0.392694,18,1671.331331
-0.372709,17,1671.764506
-0.018935,15,1672.136622
-1.630819,14,1672.487072
-0.929265,15,1672.844839
-1.089144,16,1673.263221
-0.66457,16,1673.666643
-0.191541,18,1674.140534
0.004325,17,1679.091532
-0.02464,17,1679.586376
-1.478075,14,1679.955035
-0.138681,18,1680.401856
-0.166569,17,1680.827389
-1.846142,13,1681.156765
-0.979147,15,1681.545349
0.446026,20,1682.074298
-0.69959,17,1682.495658
-0.258685,16,1682.91089
-0.583441,15,1683.297695
-0.309604,17,1683.711936
-0.909907,15,1684.104926
-1.649418,14,1684.56555
-0.600199,15,1684.964763
-0.850366,16,1685.368596
-0.811555,17,1685.811848
-0.11541,16,1686.338555
-0.373422,16,1686.783689
-1.261134,15,1687.160968
-0.651724,15,1687.537085
-1.416071,14,1687.888831
-1.013793,16,1688.305665
-0.80227,16,1688.719518
-0.817008,14,1689.065922
-0.405202,17,1689.493538
-1.592915,14,1689.830998
0.780536,22,1690.386483
-0.278412,18,1690.84563
-0.617922,17,1691.278907
0.770953,20,1691.786329
-1.691056,14,1692.144555
-0.393959,15,1692.509556
0.768008,21,1693.028881
-1.405678,15,1693.393617
-1.747013,13,1693.725681
-0.222405,16,1694.263531
-1.023554,15,1694.646624
0.100352,18,1695.206059
-1.433819,14,1695.567211
-0.618777,15,1695.949122
-0.190643,16,1696.36279
-0.364943,17,1696.80888
0.141158,17,1697.249334
-1.25551,15,1697.641143
-1.812533,13,1697.958093
1.141085,21,1698.485796
0.789078,19,1698.965001
-0.26574,18,1699.421865
-0.542582,18,1699.880997
0.130817,18,1700.328699
0.150392,17,1700.746397
0.365451,20,1701.245316
0.19159,17,1701.673982
-2.107928,13,1701.997081
-0.377526,18,1702.459392
-0.040915,20,1702.953597
-1.47028,14,1703.315198
1.777031,23,1704.065425
-0.037008,17,1704.520148
-0.495728,17,1704.953733
-1.55735,14,1705.304075
-1.320785,13,1705.651372
-0.215171,17,1706.079499
0.729584,20,1706.580061
-0.255038,17,1706.995854
0.426671,20,1707.493946
0.44834,19,1707.96293
0.871192,21,1708.467912
-1.538637,14,1708.818645
0.02642,18,1709.281548
0.225331,19,1709.753836
-0.786954,15,1710.127706
-1.292874,14,1710.496934
-0.451822,15,1710.87303
-0.012508,18,1711.329715
0.757958,19,1711.818744
-0.337913,17,1712.253984
-0.627284,17,1712.716956
-0.746986,15,1713.179182
-1.33184,13,1713.576794
0.680505,22,1714.197366
0.48946,18,1714.658727
-0.616343,16,1715.056915
-2.463091,12,1715.382465
-1.479072,14,1715.742159
0.506081,20,1716.25759
-0.422109,17,1716.683209
-0.917053,15,1717.055565
0.40251,20,1717.562869
-0.132967,15,1717.935206
-0.478042,17,1718.375929
-0.22003,16,1718.787595
-0.252022,17,1719.211722
1.022907,18,1719.668199
0.606459,18,1720.099249
-1.193158,15,1720.464671
-0.098256,18,1720.9173
-0.08089,20,1721.41167
-1.326649,14,1721.7912
-0.47325,17,1722.3296
-0.395709,18,1722.820349
0.691922,21,1723.484691
-0.277233,16,1723.926081
-0.782245,16,1724.316463
-0.032781,19,1724.810455
-1.123632,14,1725.181918
0.357207,17,1725.624662
0.636688,17,1726.054248
-0.353792,17,1726.483733
-0.096765,17,1726.921688
0.200192,19,1727.404196
0.912073,19,1727.884803
0.007113,20,1728.396614
-0.201225,17,1728.818132
-0.6171,16,1729.214875
-1.133252,15,1729.591417
-1.631845,15,1729.983786
-1.185962,14,1730.329461
-0.057409,17,1730.830476
-0.17667,17,1731.409457
-1.308908,14,1731.780059
-0.629705,15,1732.16911
1.028691,19,1737.148371
0.562433,21,1737.690966
0.265886,18,1738.140845
-0.876212,15,1738.515821
-0.100582,16,1738.921859
-1.467673,13,1739.253196
-0.427972,17,1739.731522
-0.697923,16,1740.245062
0.76888,22,1740.823161
0.603941,20,1741.31701
-0.831181,16,1741.725465
-0.179035,19,1742.207267
0.454415,19,1742.82742
0.086858,17,1743.292504
1.745466,25,1743.929932
-0.654585,17,1744.372441
-0.655059,17,1744.79865
-1.665341,13,1745.119328
0.612219,20,1745.620998
0.992057,19,1746.095671
-1.253337,14,1746.453218
-0.188733,17,1746.878177
-0.111812,18,1747.355464
-0.382462,18,1747.810803
-1.702955,13,1748.138028
-0.723632,16,1748.54227
-0.657746,17,1749.08205
-0.099488,15,1749.501006
-0.036667,20,1750.045383
-0.51336,17,1750.499835
-1.007066,15,1750.865401
-0.600559,15,1751.237994
-0.682233,15,1751.609803
-0.275668,17,1752.044494
-0.679973,16,1752.57972
-0.576371,16,1753.038885
0.180779,18,1753.480215
-0.617454,17,1753.913147
-1.516458,14,1754.270366
0.677077,19,1754.740565
-0.978187,14,1755.099329
-0.789911,16,1755.502948
-2.101255,12,1755.807769
-1.002087,15,1756.198327
0.338855,21,1756.705225
-1.767328,14,1757.049341
-0.990124,14,1757.401437
-0.242589,18,1757.913318
-0.79086,16,1758.387936
-1.044026,13,1758.728512
0.51187,19,1759.207422
-1.326653,15,1759.595618
-1.657231,14,1759.958788
-0.308752,16,1760.383872
-0.421515,15,1760.773676
-0.474914,16,1761.169644
-1.309518,14,1761.52854
1.404504,21,1762.140112
1.087201,26,1762.866342
-0.539617,17,1763.298945
-1.986584,13,1763.638487
-0.765311,17,1764.078746
-0.369705,17,1764.500701
-0.585547,16,1764.927412
0.130116,18,1765.389334
-0.707343,15,1765.778635
0.286507,20,1766.279747
-0.15007,18,1766.896305
-0.348801,16,1767.33986
-0.347681,16,1767.771188
0.199864,19,1768.265667
-0.637446,14,1768.630972
-0.929104,15,1769.038074
-0.978741,16,1769.437401
-0.696621,17,1769.899582
-0.659344,14,1770.261143
0.700804,19,1770.756074
0.879855,19,1771.284844
-0.13534,17,1771.914543
-1.519948,15,1772.376005
-0.342911,17,1772.80817
-0.905831,15,1773.189776
-0.585778,16,1773.600128
-1.502238,14,1773.959132
-0.734676,15,1774.355837
0.710456,20,1774.85174
-1.394194,14,1775.220371
-0.663954,15,1775.633602
-0.878911,15,1776.144105
-0.375154,16,1776.554786
-0.476042,15,1776.94524
1.298724,22,1777.537591
0.640694,20,1778.043296
-0.55818,17,1778.479512
0.763674,19,1778.977196
-0.449847,15,1779.40748
-0.152469,18,1779.880273
-0.135321,16,1780.271688
0.139071,18,1780.730448
-0.985761,15,1781.129513
0.214376,19,1781.644492
-1.083861,15,1782.064233
-2.063043,13,1782.502356
0.01153,18,1782.991058
-0.792618,16,1783.410271
-0.948231,15,1783.814433
-0.437149,15,1784.216769
-0.896759,16,1784.659437
-1.312778,15,1785.123384
-0.830763,17,1785.608525
-1.195471,16,1786.034436
-1.372383,15,1786.414604
1.027703,21,1786.940947
0.361821,19,1787.423426
0.953722,21,1787.983344
-1.432675,15,1788.358764
0.876957,19,1788.841343
-0.645955,16,1789.256842
-0.935443,15,1789.642627
-0.844889,14,1789.999899
1.321751,22,1790.556685
-0.589881,17,1790.985907
-0.54881,16,1795.92326
-0.215645,17,1796.37505
0.179862,17,1796.849483
-1.612913,14,1797.228248
-0.81207,16,1797.663765
-0.324439,16,1798.090746
-0.194052,15,1798.501989
-53.4871,176,1803.306092
-2.086165,12,1803.696378
-0.098928,18,1804.227257
-0.663463,16,1804.642476
-1.269611,15,1805.018358
-1.784261,13,1805.36543
-0.350337,16,1805.763477
1.864609,25,1806.393276
-0.471847,16,1806.799718
-0.49623,17,1807.227524
-1.284472,16,1807.626807
-1.088394,14,1807.98033
-1.447576,15,1808.362489
0.127645,19,1808.840701
0.684566,20,1809.352597
0.126633,17,1809.795169
-0.874685,16,1810.193197
-0.539304,17,1810.645149
-0.609944,16,1811.117244
-0.671734,16,1811.526073
-1.075968,15,1811.944652
-1.42652,15,1812.404557
-0.647337,15,1812.956445
-0.289191,17,1813.418787
-0.404114,15,1813.806375
-0.900884,16,1814.257999
-0.423225,17,1814.693029
0.037024,17,1815.139438
-1.14296,15,1815.530707
-0.648812,16,1815.945256
0.315342,21,1816.46138
-0.623599,17,1816.911064
0.925426,22,1817.494256
-0.316078,17,1817.932442
1.970761,32,1818.740161
0.200456,18,1819.181484
1.320301,26,1819.857029
-0.705424,16,1820.276246
0.968064,23,1820.847051
-0.883806,15,1821.24885
0.364724,19,1821.769656
-0.607765,17,1822.266305
0.514293,20,1822.913424
-0.885908,15,1823.30412
0.064356,17,1823.730687
-1.809665,13,1824.051137
-1.319389,15,1824.438891
1.074695,21,1824.978368
0.456082,20,1825.494676
0.347773,16,1825.905009
-0.957478,15,1826.284364
-1.115082,15,1826.673406
-0.443302,17,1827.116987
-2.010048,12,1827.419855
0.784852,22,1828.003953
-0.488544,17,1828.429768
0.998058,20,1828.946661
-0.977403,15,1829.355197
0.49538,19,1829.854918
-0.846453,15,1830.249966
0.282892,18,1830.818882
-1.231459,14,1831.212238
0.603465,20,1831.735492
-0.553057,17,1832.185322
-0.423004,17,1832.745164
0.370364,17,1833.209281
0.780406,19,1833.715012
-1.488534,15,1834.108271
0.284363,18,1834.581106
-2.305107,12,1834.914253
-0.424853,17,1835.373322
0.479051,20,1835.930237
-1.157391,16,1836.366753
-0.21972,17,1836.8566
-0.208874,16,1837.286371
-0.057424,18,1837.797754
-0.49025,16,1838.241738
1.085121,20,1838.774922
-0.718743,17,1839.213328
0.198742,18,1839.791113
0.410754,17,1840.235279
-51.456585,176,1844.9591
1.502034,25,1845.598039
0.294237,21,1846.123002
-0.41885,16,1846.514527
0.15458,17,1846.935561
-0.109677,18,1847.378525
-1.345417,14,1847.756654
-1.712899,14,1848.138446
-0.073612,19,1848.703494
-0.661313,16,1849.155768
-1.270784,16,1849.558332
-0.620685,16,1849.967761
1.399286,20,1850.479198
