#{"t_start": 1773462696.5662363, "env_id": "continuous-exit-v0"}
r,l,t
-7.836644,5,4.971184
-7.617495,6,5.237657
0.320973,2,5.330734
1.147494,5,5.5548
0.326551,2,5.647761
0.348194,2,5.73802
0.34003,2,5.831581
0.685951,3,5.974367
0.317369,2,6.070276
0.328445,2,6.165642
-8.240423,5,6.384785
0.362528,2,6.478909
3.363796,10,6.92008
0.367672,2,7.014855
-8.250291,5,7.247403
-8.000105,5,7.486446
2.84863,8,7.872857
1.825811,6,8.151929
0.656257,3,8.312181
1.74595,6,8.628164
0.313098,2,8.732066
0.685084,3,8.878243
0.365915,2,8.982671
0.330203,2,9.09091
0.33184,2,9.195485
1.545247,6,9.5025
-8.13428,5,9.737864
0.320237,2,9.830311
0.33725,2,9.923378
2.907782,9,10.32038
0.367013,2,10.401296
1.445016,5,10.661269
0.342493,2,10.754818
-8.014721,5,10.973188
1.512234,5,11.211351
0.360407,2,11.290779
0.326781,2,11.382806
0.377984,2,11.49125
-8.085872,5,11.721945
-7.050725,7,12.059221
5.903718,15,12.734461
-6.476131,8,13.096709
0.33796,2,13.189136
-5.972976,11,13.665007
2.261678,7,13.976447
0.319031,2,14.06782
3.431628,8,14.419027
1.037185,4,14.603729
-7.499692,7,14.908098
2.728736,9,15.321862
1.068915,4,15.491868
0.325585,2,15.574361
-6.335787,8,15.938689
0.33725,2,16.029459
0.328931,2,16.121896
-8.517714,4,16.306798
1.383037,5,16.528537
6.329797,18,17.287892
1.88107,6,17.553725
-8.193752,5,17.774317
-2.318174,21,18.681417
0.383015,2,18.770317
-6.330876,9,19.163113
-6.859121,8,19.50857
1.07135,5,19.718215
-8.553342,4,19.90094
-8.037482,5,20.130244
-8.616171,4,20.320023
-6.485369,9,20.739814
2.260246,7,21.062392
3.251723,9,21.432025
0.311285,2,21.524434
0.311285,2,21.615846
0.327217,2,21.695204
1.80376,6,21.965978
-8.609133,4,22.140044
0.326013,2,22.231016
0.31816,2,22.320524
-8.662542,4,22.50474
1.380845,5,22.716496
1.120353,4,22.896875
0.671933,3,23.026781
1.098829,4,23.198026
5.572317,13,23.762022
-7.919977,5,23.986229
0.315717,2,24.077487
1.628116,6,24.345623
0.328727,2,24.456032
-2.704406,19,25.299954
1.155557,4,25.468837
2.515349,8,25.819329
-5.584271,10,26.292771
0.323038,2,26.386245
-8.541848,4,26.572426
1.174486,5,26.781601
-7.956554,5,27.000264
0.321543,2,27.088533
1.33479,5,27.304998
1.982781,6,27.555787
3.424211,11,28.050541
1.259555,5,28.278845
2.097258,7,28.579177
4.555073,13,29.152162
-7.97579,5,29.371207
0.311285,2,29.464052
-6.91834,7,29.763768
-7.418711,7,30.083687
2.929315,8,30.432275
3.703769,10,30.867821
6.616573,18,31.65975
0.731736,3,31.784988
-7.216736,7,32.084618
0.359239,2,32.175431
0.700015,3,32.313254
-7.688278,6,32.581904
1.940686,6,32.852153
7.21099,21,33.75976
-8.72551,4,33.924276
0.33725,2,34.01473
-6.835536,8,34.381379
-7.557615,6,34.656163
-7.177676,7,34.965348
2.341917,7,35.27375
2.438975,7,35.573688
0.352631,2,35.666174
1.215127,5,35.883781
-5.678004,11,36.374644
2.104361,7,36.674541
0.743493,3,36.810457
3.829223,10,37.257964
-8.145579,5,37.477058
2.394587,8,37.843015
1.021123,4,38.00513
4.228759,10,38.456045
0.777283,3,38.592023
-4.084744,15,39.264434
0.360556,2,39.353152
-7.014833,7,39.659582
1.04154,4,39.842819
1.350875,5,40.064698
1.63308,6,40.327353
1.2538,5,40.536065
-8.339441,6,40.800247
0.352291,2,40.892648
0.33725,2,40.984369
2.242938,7,41.297082
0.349544,2,41.387213
-6.552413,8,41.747131
-7.785747,6,42.020546
0.323442,2,42.111642
0.744218,3,42.240125
1.202562,5,42.458712
4.299717,13,43.021265
1.134914,5,43.240113
-8.122886,5,43.446651
-8.658449,4,43.620274
-8.415827,4,43.792427
0.339033,2,43.883578
-8.229186,5,44.100554
1.440515,5,44.330109
0.317985,2,44.419764
-7.121312,8,44.771405
0.347638,2,44.85063
0.701868,3,44.987371
0.785877,4,45.146137
0.686664,3,45.274384
0.386048,2,45.365833
1.235722,5,45.575883
0.3313,2,45.667153
-6.164457,9,46.045957
1.120108,4,46.228802
-7.751196,7,46.537306
1.875826,6,46.802223
-8.528938,4,46.973974
0.373484,2,47.065187
-7.619181,6,47.340078
1.492642,6,47.604424
0.319596,2,47.685833
-6.567987,8,48.04988
0.666758,3,48.185106
-3.402265,13,48.754124
2.362371,7,49.062173
0.74518,4,49.244205
-8.462886,4,49.427347
0.696508,3,49.565294
6.947751,19,50.421329
0.34926,2,50.513506
-8.046975,5,50.734451
0.325975,2,50.826627
0.33725,2,50.917054
0.311285,2,51.010601
-6.959848,7,51.295462
-8.174345,5,51.514109
0.311285,2,51.595804
1.002379,4,51.768951
-2.632179,16,52.483807
-7.98682,5,52.714688
1.047459,5,52.931
0.331534,2,53.024844
1.828593,6,53.281316
0.332739,2,53.361649
-8.215353,5,53.581305
3.696012,12,54.107822
-8.655203,4,54.291014
0.363817,2,54.371277
3.070689,10,54.819469
0.738253,3,54.96475
-8.041001,6,55.247288
1.375977,5,55.463398
0.364587,2,55.555372
-7.71176,7,55.869019
-8.709302,4,56.040885
1.74282,6,56.308722
0.336219,2,56.398999
1.474121,5,56.61775
1.243151,5,56.824025
2.420293,8,57.168895
0.318621,2,57.248503
0.311285,2,57.3411
-6.136646,10,57.779646
-7.983173,5,57.999845
0.33725,2,58.090211
2.547943,8,58.449754
0.311285,2,58.541856
3.262641,10,58.973348
0.312434,2,59.064967
-6.722491,8,59.424175
0.335382,2,59.515243
-6.415487,9,59.909862
0.311285,2,60.000902
1.20334,5,60.206309
1.127485,4,60.378531
0.387925,2,60.459879
0.317763,2,60.550854
0.32044,2,60.641787
2.223877,7,60.947912
6.959763,19,61.793671
0.311285,2,61.883498
-7.088285,8,62.249431
2.15381,7,62.54895
4.414473,14,63.149682
-8.574019,4,63.334821
-5.615765,11,63.822943
1.797429,6,64.084557
-7.331078,6,64.363251
-8.73507,4,64.532982
1.549409,5,64.754099
0.318444,2,64.843549
0.708283,3,64.962033
0.363832,2,65.042928
0.33431,2,65.124649
1.952133,6,65.380543
0.741884,3,65.514997
0.336254,2,65.604403
0.333875,2,65.68734
0.316416,2,65.777324
1.076547,5,66.009017
8.185613,21,66.908212
0.354561,2,66.987069
2.762372,8,67.324637
0.328929,2,67.415701
-5.960429,11,67.924128
0.338706,2,68.004578
1.09113,4,68.188513
0.677448,3,68.314525
0.713508,3,68.448785
1.768805,7,68.760113
1.413101,5,68.9881
0.708183,3,69.123225
-7.885544,6,69.38226
5.074031,11,69.855566
0.311542,2,69.944583
1.464735,5,70.155459
-8.098146,5,70.368953
-6.575048,8,70.717104
-8.605697,4,70.884837
-7.168348,7,71.202178
0.372992,2,71.290721
-6.841915,8,71.627546
1.355371,5,71.85185
0.318868,2,71.94181
-6.623036,8,72.261069
0.354166,2,72.348536
0.330729,2,72.435585
-6.82522,9,72.823762
0.726148,3,72.944333
3.550818,10,73.364001
0.335815,2,73.444359
1.527761,5,73.676532
-4.981525,10,74.110114
1.582593,5,74.316406
0.734388,3,74.442001
0.707966,3,74.577023
-7.286554,7,74.882282
2.320997,8,75.23178
-8.597824,5,75.447324
-8.569415,4,75.628103
0.334626,2,75.71939
0.33725,2,75.809516
1.254665,5,76.009908
1.26933,5,76.230119
-7.393977,7,76.522448
0.341813,2,76.613833
1.125819,4,76.783927
0.355308,2,76.875731
-7.2891,8,77.230723
0.345792,2,77.320531
1.068677,4,77.480773
-7.522683,6,77.759208
-8.198093,5,77.966401
-5.90023,11,78.438408
0.37387,2,78.5292
0.349858,2,78.620991
2.179432,7,78.929216
-7.22841,6,79.20527
0.337291,2,79.296426
2.661213,8,79.65331
0.731332,3,79.791269
0.357635,2,79.880638
1.830039,6,80.150946
-4.718126,13,80.730993
0.339218,2,80.811195
0.970357,5,81.03867
-6.232963,10,81.467264
1.049315,5,81.694348
-7.412228,7,82.015927
1.079296,4,82.177245
0.316971,2,82.269561
0.33725,2,82.352502
-7.256693,8,82.701778
0.311285,2,82.781848
-7.408117,6,83.047835
-8.018073,5,83.25616
1.908209,6,83.522748
0.311285,2,83.601514
0.380121,2,83.693436
1.645356,6,83.971894
-8.190304,5,84.194254
0.322705,2,84.284872
0.33725,2,84.375357
1.741615,6,84.632074
0.320243,2,84.723635
-5.445053,11,85.212378
1.163122,5,85.430082
2.509498,8,85.782502
0.333041,2,85.863766
0.366714,2,85.957337
0.756239,3,86.096439
0.31278,2,86.17541
1.242806,5,86.396955
0.312667,2,86.478023
0.329221,2,86.570858
0.746536,3,86.698115
4.118166,10,87.134209
1.121455,4,87.30577
3.649939,11,87.796846
1.117662,4,87.969256
1.091657,4,88.152039
0.718119,3,88.290699
3.81115,12,88.823387
1.105137,5,89.043087
0.344024,2,89.140451
0.335136,2,89.233962
1.353805,5,89.444733
-5.563188,11,89.918771
0.340173,2,90.010856
-5.399462,12,90.52825
0.314611,2,90.62009
1.025914,4,90.802017
0.739289,3,90.928843
-6.80577,9,91.333122
2.383325,7,91.621293
0.38569,2,91.713307
0.312448,2,91.805164
-8.05364,5,92.023622
0.746667,3,92.160035
1.767476,7,92.46154
0.376962,2,92.553334
0.781824,3,92.689546
1.045473,4,92.873865
2.884625,8,93.243873
0.679659,3,93.361152
-7.501907,6,93.627411
0.754147,3,93.754474
2.65323,7,94.057379
3.631227,10,94.500219
0.311285,2,94.592141
0.333188,2,94.681008
0.311285,2,94.773557
2.004458,6,95.04728
-6.919522,8,95.392228
0.35009,2,104.202892
-6.790106,7,104.513565
0.311285,2,104.604895
1.53192,5,104.823815
0.319488,2,104.904182
1.937779,6,105.180073
0.355971,2,105.270413
6.334695,16,105.963244
-7.241774,7,106.253508
0.350173,2,106.343806
-7.081545,7,106.666909
-7.501081,6,106.941811
1.50955,5,107.167501
0.366625,2,107.257143
0.735454,3,107.395913
1.125191,4,107.576528
5.894963,15,108.229221
0.373078,2,108.318194
0.324208,2,108.398017
2.733242,8,108.748766
0.333304,2,108.84002
0.356675,2,108.931791
1.051419,4,109.114055
-7.918651,6,109.379513
-7.35503,6,109.650274
0.681378,3,109.787035
0.343046,2,109.876081
-8.125736,5,110.098977
0.33725,2,110.196322
0.692689,3,110.335298
-5.197147,13,110.93165
1.408848,5,111.148521
-7.407577,7,111.472141
0.725615,3,111.608348
1.773115,6,111.87501
1.114738,4,112.056078
0.378769,2,112.148643
0.329848,2,112.239908
1.454883,5,112.436493
2.573541,8,112.803271
-4.630633,12,113.329377
0.329281,2,113.41906
0.33725,2,113.509893
0.311285,2,113.602133
-8.156142,5,113.832704
0.314726,2,113.92233
0.355152,2,114.013321
0.73179,3,114.150486
0.71934,3,114.288895
2.872489,8,114.628726
0.356493,2,114.721533
6.566968,17,115.470124
1.058576,4,115.650622
-8.049557,6,115.906083
0.319628,2,115.99881
0.338129,2,116.093183
1.007583,4,116.262538
0.336264,2,116.353025
1.887943,6,116.6328
0.33113,2,116.723151
-8.281421,5,116.953573
0.702557,3,117.08006
0.376516,2,117.172165
0.347428,2,117.264191
0.361922,2,117.357626
6.120673,18,118.161419
-8.45437,4,118.345121
0.737707,3,118.479908
0.698726,3,118.608599
0.367235,2,118.700927
1.791266,6,118.967871
0.744444,3,119.101872
0.311285,2,119.194384
0.386553,2,119.277397
1.078037,4,119.460529
3.669349,11,119.929109
0.359003,2,120.018201
4.685858,12,120.562916
0.376768,2,120.641998
-7.971148,5,120.860521
0.334815,2,120.952059
1.370766,5,121.178926
0.382203,2,121.26034
0.321195,2,121.34381
0.326533,2,121.436178
0.312373,2,121.528219
0.33725,2,121.608785
0.311285,2,121.700527
0.32613,2,121.790558
0.71564,3,121.929576
0.704351,3,122.06416
0.720153,3,122.201034
4.38381,13,122.765021
0.385955,2,122.854923
0.320532,2,122.946514
0.35824,2,123.030301
3.109689,9,123.434282
0.311285,2,123.524709
0.325294,2,123.617085
2.870031,9,124.020823
1.491449,5,124.235384
1.047847,4,124.415512
2.222285,7,124.717301
1.456337,5,124.947851
0.347065,2,125.038254
0.367836,2,125.132305
0.311285,2,125.212015
2.035324,7,125.535983
3.287972,9,125.938845
0.318511,2,126.030331
1.474024,5,126.237028
-7.49385,6,126.503309
0.691711,3,126.632499
1.485445,5,126.864013
0.74161,4,127.045876
-7.605398,6,127.313457
0.33239,2,127.403237
1.091022,4,127.58525
0.339084,2,127.664466
1.079836,4,127.84657
0.329746,2,127.937605
0.364046,2,128.027993
-6.708624,7,128.334572
0.311285,2,128.414947
0.333597,2,128.504424
0.334479,2,128.597931
-6.369023,8,128.946399
0.364712,2,129.036953
0.368917,2,129.131282
-6.750821,8,129.468909
7.863785,19,130.309427
-7.500091,6,130.58155
2.499121,7,130.894712
0.736099,3,131.029929
1.736607,6,131.304234
0.316514,2,131.395147
-6.910307,8,131.7659
0.736456,3,131.891346
0.744395,3,132.019108
1.086712,4,132.202749
0.325194,2,132.283964
1.843084,6,132.552627
0.324624,2,132.643931
0.744777,3,132.781451
1.39413,5,132.997794
0.311285,2,133.089272
0.33725,2,133.181468
0.32907,2,133.273921
1.402635,5,133.492428
0.375263,2,133.574875
0.739063,3,133.703431
2.323592,8,134.036875
1.40494,5,134.270602
0.378645,2,134.350315
5.339227,16,135.060893
3.150353,9,135.450582
4.913191,14,136.068436
0.976555,4,136.242926
0.322398,2,136.324269
1.055661,4,136.495846
1.413258,5,136.727827
0.364063,2,136.820161
5.582757,15,137.498778
1.835141,6,137.763022
0.67732,3,137.898864
0.344758,2,137.991331
-8.510148,4,138.161651
1.409376,5,138.385923
0.774185,3,138.513786
0.328302,2,138.607209
-7.35317,7,138.931213
-8.088156,5,139.153063
0.325653,2,139.232954
-8.109448,5,139.451638
1.735147,6,139.716944
0.362726,2,139.80948
-6.253682,9,140.223192
1.0741,4,140.406279
1.408924,5,140.632091
-7.233166,7,140.934713
2.277298,7,141.255326
1.234037,5,141.485428
0.705942,3,141.622836
-6.896197,7,141.935556
0.765386,3,142.061875
0.346791,2,142.143773
2.401528,7,142.468887
-7.930279,5,142.690507
2.674891,8,143.045001
-6.873299,8,143.399165
0.742127,3,143.536771
-5.652955,10,143.975994
1.757785,6,144.248526
0.365364,2,144.34266
2.017019,6,144.620408
-8.369307,4,144.802037
1.23647,5,145.031454
0.322809,2,145.121062
0.328783,2,145.213542
0.328255,2,145.304591
2.542693,8,145.659526
0.318254,2,145.751326
-7.77865,6,146.028178
0.737671,3,146.153598
0.327652,2,146.235558
0.319369,2,146.327058
0.329406,2,146.417287
0.341837,2,146.509506
0.749098,3,146.646795
1.135107,5,146.876114
2.311279,7,147.163546
3.733783,11,147.660204
3.724252,11,148.142793
3.852991,10,148.584386
0.733801,3,148.716222
0.350522,2,148.794062
0.742127,3,148.929511
1.421233,5,149.155306
1.069048,4,149.332225
0.334454,2,149.421196
1.164346,5,149.642971
0.315823,2,149.73051
0.33725,2,149.818792
-8.130139,5,150.042009
1.00628,4,150.22022
1.845793,6,150.49187
-6.640613,8,150.833665
2.246679,7,151.133118
1.293894,5,151.358621
2.500704,8,151.718724
0.311285,2,151.807615
0.697647,3,151.932724
2.037185,6,152.197732
0.708691,3,152.335554
-7.999982,5,152.568328
5.865464,18,153.366135
0.314725,2,153.456473
0.311285,2,153.537322
0.333386,2,153.627143
1.393299,5,153.858696
2.294508,7,154.170946
0.371604,2,154.261316
0.33725,2,154.353716
1.518912,5,154.584366
1.080816,4,154.766669
0.378728,2,154.856412
0.368962,2,154.951473
-8.586177,4,155.123063
0.771226,3,155.258223
0.371501,2,155.349596
-7.972351,5,155.571831
0.352909,2,155.663707
-7.323083,6,155.918793
0.350911,2,155.999509
0.724076,3,156.135338
-8.060082,5,156.368532
-7.562641,7,156.670274
0.368531,2,156.761289
0.350337,2,156.852404
0.348874,2,156.945281
-7.231754,7,157.248247
0.346929,2,157.341219
-7.822667,5,157.560871
0.342431,2,157.6514
1.904472,6,157.915906
0.350526,2,158.008507
0.339574,2,158.099694
0.37024,2,158.190859
-8.55676,4,158.372283
2.372013,8,158.708399
0.693312,3,158.84477
1.857042,6,159.120528
0.354184,2,159.212352
0.336289,2,159.303276
0.775496,3,159.438737
1.41846,5,159.655923
0.370128,2,159.745945
0.753209,3,159.871177
-7.063601,7,160.1855
0.986388,4,160.345704
2.291744,7,160.658318
2.340996,8,160.996246
-5.757855,11,161.475036
3.063866,9,161.858854
4.576775,14,162.470656
3.39256,10,162.915518
1.550448,5,163.130971
0.327311,2,163.222116
0.311285,2,163.312739
-8.081946,5,163.534929
0.386219,2,163.624713
4.024092,11,164.112582
0.369948,2,164.202932
0.362095,2,164.294124
-8.661678,4,164.479387
0.370703,2,164.569795
1.940246,6,164.835202
0.747616,3,164.971286
1.154524,4,165.142339
0.33725,2,165.22408
0.736043,3,165.348888
0.367906,2,165.431573
0.385512,2,165.513072
2.4839,8,165.874483
0.345927,2,165.966234
0.3193,2,166.05654
0.324882,2,166.137568
0.328412,2,166.218182
1.78527,6,166.484965
0.311285,2,166.575632
7.786496,18,167.350675
-8.2524,5,167.578367
1.180078,5,167.795823
0.337226,2,167.885545
1.853329,6,168.149195
1.744074,6,168.413361
-8.634966,4,168.585407
-7.363361,8,168.950572
-7.036725,7,169.262821
1.989669,7,169.574621
0.311285,2,169.664049
0.680737,3,169.803488
3.116894,9,170.218737
0.694062,3,170.357554
1.905458,6,170.611655
0.715869,3,170.751821
1.448322,5,170.972277
0.33725,2,171.063709
0.334486,2,171.154862
0.723154,3,171.292741
4.825914,12,171.834115
-8.535767,4,172.017268
4.13517,10,172.454809
2.584469,8,172.788655
0.353969,2,172.878536
0.33725,2,172.970875
0.334547,2,173.061547
0.327233,2,173.14101
4.159798,11,173.611265
1.250227,5,173.828684
0.33725,2,173.921357
1.087225,4,174.092234
0.737643,3,174.230299
0.698723,3,174.348509
0.319331,2,174.440654
0.361734,2,174.532883
-8.572738,4,174.717265
0.331905,2,174.80795
0.38964,2,174.900361
0.680559,3,175.027208
0.686028,3,175.164278
1.441404,5,175.396872
1.818917,6,175.672238
0.660037,3,175.785629
0.716293,3,175.923573
1.011575,4,176.097399
2.91987,9,176.50322
1.379206,5,176.720214
0.327868,2,176.812074
1.041819,4,176.994004
1.259911,5,177.22363
4.506081,14,177.836941
3.170069,9,178.238666
2.865513,9,178.661468
-8.100975,5,178.884781
1.04961,4,179.059201
0.715688,3,179.195997
0.370591,2,179.287959
1.688907,6,179.563529
2.850006,8,179.931021
0.327271,2,180.022467
1.037236,4,180.205132
1.985661,6,180.470995
1.533952,5,180.689937
0.749744,3,180.8172
2.901554,9,181.211389
1.382713,5,181.44073
1.490321,5,181.648582
1.187094,4,181.82266
0.321485,2,181.914147
0.33725,2,182.006149
0.329007,2,182.097328
0.321513,2,182.188828
0.707758,3,182.316926
-6.664834,8,182.688135
1.02923,4,182.870687
0.323954,2,182.965712
1.106696,4,183.146859
1.092364,4,183.328587
0.322603,2,183.408694
0.34861,2,183.500533
0.321182,2,183.59155
-7.665932,6,183.869875
2.320692,7,184.17661
0.315166,2,184.267211
0.320582,2,184.358101
-5.9148,9,184.763058
0.333768,2,184.843624
3.638487,11,185.33108
0.349072,2,185.420591
6.142853,16,186.10711
3.221269,10,186.55338
1.485525,5,186.784958
0.76723,3,186.920627
0.313348,2,187.011345
0.324108,2,187.101299
0.33725,2,187.183856
1.068009,4,187.358427
0.31414,2,187.449368
0.345495,2,187.542771
0.311285,2,187.633043
1.135169,5,187.84116
0.330666,2,187.93545
-7.885253,5,188.170575
0.350988,2,188.26022
0.351448,2,188.350363
2.680414,8,188.709718
0.331564,2,188.799152
-7.376663,7,189.123773
1.484685,5,189.350567
0.316448,2,189.442948
0.336337,2,189.522809
2.344067,7,189.814966
1.947117,6,190.072031
1.078266,4,190.242864
0.349618,2,190.331994
1.126826,4,190.504797
0.341555,2,190.595106
2.060508,7,190.888926
0.31218,2,190.981894
1.03288,4,191.16546
-5.804421,11,191.644625
1.342527,5,191.872716
2.556219,7,192.173994
0.316535,2,192.263961
1.101749,4,192.446349
0.374509,2,192.536685
0.315127,2,192.618716
0.355863,2,192.710379
3.520729,11,193.185011
1.449007,5,193.404078
0.315666,2,193.495875
0.335958,2,193.588165
0.34526,2,193.680254
0.323608,2,193.77075
0.334907,2,193.861855
0.336828,2,193.953095
0.316428,2,194.04425
0.321554,2,194.135035
-8.572392,4,194.306277
0.33725,2,194.396689
0.735986,3,194.521924
1.00217,4,194.686922
0.34705,2,194.76936
0.338361,2,194.851558
3.449549,10,204.207154
0.333006,2,204.288929
3.260659,9,204.681281
1.47061,5,204.900637
0.311285,2,204.993361
1.512669,5,205.226647
0.379573,2,205.317409
0.338558,2,205.407579
0.388381,2,205.499636
2.138807,7,205.821315
1.093891,4,206.004547
0.661906,3,206.121382
1.863983,6,206.384092
1.275719,5,206.603281
0.312298,2,206.683225
1.272635,5,206.901527
-7.728926,6,207.15747
-6.406833,8,207.513985
0.69596,3,207.650365
2.377726,7,207.959039
0.77242,3,208.084935
0.362667,2,208.163717
0.738714,3,208.300008
0.323746,2,208.391486
0.353053,2,208.483413
0.388282,2,208.577455
-7.650422,7,208.878258
2.119077,7,209.188521
0.33725,2,209.268579
1.046686,4,209.451205
0.340987,2,209.541358
0.341308,2,209.633566
1.06935,4,209.817318
1.773437,6,210.08447
0.318131,2,210.17553
0.335098,2,210.267976
0.375474,2,210.34796
-8.430932,4,210.531588
0.31394,2,210.623367
1.13115,4,210.80487
1.812379,6,211.06839
2.046856,6,211.332741
2.237995,7,211.642356
1.536567,5,211.870487
0.378334,2,211.950454
2.298685,8,212.320094
0.356234,2,212.411211
1.061455,4,212.59653
1.04794,4,212.778887
1.049749,4,212.958673
-6.805801,7,213.28035
3.077095,9,213.691747
0.354521,2,213.782134
0.338566,2,213.873667
1.054879,4,214.059876
1.105526,4,214.243143
0.320429,2,214.333737
2.978543,9,214.73825
2.058544,7,215.05829
1.224263,5,215.27392
1.495193,5,215.500879
-5.7392,10,215.948677
0.340566,2,216.037953
3.365496,10,216.500528
0.755348,3,216.625466
-8.412345,5,216.834681
0.360297,2,216.914786
0.358699,2,217.005862
0.370352,2,217.08619
0.331141,2,217.177875
4.398191,12,217.675411
3.017289,9,218.08044
0.319487,2,218.172576
1.718116,6,218.430033
1.799707,6,218.696579
0.345728,2,218.788776
2.34334,7,219.077581
0.316604,2,219.15767
0.33725,2,219.249673
0.335075,2,219.330877
0.689293,3,219.468833
-7.455789,7,219.759084
1.614256,6,220.039349
2.339816,7,220.341417
1.49582,5,220.556684
1.125683,5,220.787578
1.670023,6,221.041045
-6.908629,8,221.395096
2.063497,7,221.7182
3.921062,11,222.194275
1.05606,4,222.377962
0.720011,3,222.513289
0.33583,2,222.594369
0.361507,2,222.685233
0.323078,2,222.775804
1.348154,5,223.006018
1.118825,4,223.189294
2.137958,7,223.500461
0.319144,2,223.581563
0.339696,2,223.671746
0.311285,2,223.766557
0.333172,2,223.859393
1.112332,5,224.087702
-6.660038,9,224.459479
0.330631,2,224.550069
-7.466509,6,224.80657
2.224359,7,225.109051
1.312075,5,225.333889
-8.632703,4,225.513915
1.000635,5,225.738788
2.214306,7,226.049638
0.708487,3,226.173239
0.349476,2,226.261494
3.751078,11,226.747063
0.311285,2,226.834288
0.725184,3,226.969291
1.131299,4,227.137153
1.885592,6,227.406719
0.665507,3,227.541455
0.73303,3,227.675492
0.323862,2,227.754774
0.33725,2,227.843791
1.470641,5,228.068934
0.754981,3,228.193222
1.142223,4,228.372287
1.176198,4,228.542329
0.340496,2,228.630257
0.331032,2,228.720215
0.389265,2,228.810393
0.978987,4,228.98719
0.368311,2,229.066692
0.730392,3,229.206661
0.311407,2,229.296453
-7.647966,6,229.568928
0.70395,3,229.697566
0.361542,2,229.789392
1.066105,4,229.973583
1.94723,8,230.349857
0.33646,2,230.441776
0.350905,2,230.534103
0.311285,2,230.616583
2.262171,7,230.931671
0.711663,3,231.066562
0.358855,2,231.157569
0.330085,2,231.249661
0.348854,2,231.331093
1.701907,6,231.612045
0.359513,2,231.707064
0.33725,2,231.797963
0.33725,2,231.889354
0.734183,3,232.029069
0.711696,3,232.165248
3.022462,8,232.532551
-8.133909,5,232.763722
1.565216,5,232.981266
0.311285,2,233.071852
0.726557,3,233.208858
2.053787,7,233.533137
1.15691,4,233.717353
0.33725,2,233.798401
0.331778,2,233.892783
1.184065,5,234.124477
2.708554,8,234.479569
0.330867,2,234.570518
0.336509,2,234.660867
0.334839,2,234.754345
3.275827,11,235.242234
0.719046,3,235.379348
4.550666,13,235.958103
3.942165,12,236.496724
0.350222,2,236.587893
0.656257,3,236.724529
1.866238,6,236.992435
0.367019,2,237.084267
0.665887,3,237.220459
2.203333,7,237.53439
0.383285,2,237.62428
0.329623,2,237.715868
0.318771,2,237.808522
1.053102,4,237.991109
0.354205,2,238.082059
1.849122,6,238.354297
0.358453,2,238.446062
0.381751,2,238.538807
1.868292,6,238.796635
0.361789,2,238.875335
0.357232,2,238.967597
-8.03659,5,239.197274
0.690602,3,239.323302
0.387561,2,239.413666
0.318232,2,239.507175
0.684957,3,239.646957
1.974175,6,239.907755
-7.624609,7,240.21992
-8.621332,4,240.403847
0.324457,2,240.494123
0.33725,2,240.585632
0.341222,2,240.678415
0.34523,2,240.767786
2.01472,7,241.081777
0.991446,4,241.264403
-4.823095,12,241.792855
1.357903,5,242.010863
3.303424,10,242.451699
0.32965,2,242.541217
-7.463406,7,242.854201
0.312628,2,242.944827
0.34543,2,243.025944
1.009709,4,243.211102
0.76367,3,243.350656
0.349157,2,243.442843
-8.080056,6,243.696063
0.351116,2,243.788031
0.37005,2,243.878991
1.116597,4,244.053462
3.152513,8,244.398439
0.714191,3,244.536301
0.333841,2,244.626459
1.533561,5,244.846348
0.311285,2,244.9379
0.720173,3,245.072585
1.238018,5,245.29653
1.131791,5,245.534376
1.445704,5,245.764193
0.358858,2,245.856427
0.341443,2,245.948466
0.381864,2,246.041851
0.318308,2,246.134253
0.34833,2,246.215047
1.047776,4,246.391656
0.32649,2,246.482546
0.344609,2,246.574855
3.913952,10,247.025633
0.338578,2,247.116624
-7.107741,7,247.439885
3.057465,8,247.806927
1.477798,5,248.050771
0.34932,2,248.14532
3.509676,9,248.54931
1.161799,4,248.732657
0.743604,3,248.868304
1.036687,4,249.051477
0.334992,2,249.13234
1.414585,5,249.330206
3.321843,10,249.788045
0.350348,2,249.881656
0.319842,2,249.975627
1.314645,5,250.206316
0.341861,2,250.301392
1.876621,6,250.566896
0.318794,2,250.662118
3.197289,10,251.113798
1.855126,7,251.424082
0.321252,2,251.515271
2.062003,7,251.834278
0.371511,2,251.923579
0.359446,2,252.014073
0.766738,3,252.151535
0.311285,2,252.242752
0.701514,3,252.379997
0.774449,3,252.523205
2.479239,7,252.860176
0.331788,2,252.953568
0.341784,2,253.045743
-7.866864,5,253.263738
0.329093,2,253.354087
1.349126,5,253.572068
0.714029,3,253.709549
0.331888,2,253.804793
0.349596,2,253.897552
0.323961,2,253.989104
0.335674,2,254.082608
0.752862,3,254.219113
-8.26112,5,254.44638
-7.658932,6,254.720693
0.360793,2,254.826582
0.671063,3,254.973101
0.317186,2,255.062616
0.336018,2,255.157021
0.311285,2,255.248604
0.688101,3,255.38179
0.387663,2,255.475679
1.432111,5,255.704606
0.322992,2,255.795438
1.063733,4,255.973046
1.281816,5,256.211242
3.122316,8,256.560116
1.123099,4,256.742597
-8.439844,4,256.925527
3.648517,10,257.365645
0.352773,2,257.446021
0.352324,2,257.526197
0.749153,3,257.665802
2.240711,7,257.986894
1.470252,5,258.219101
0.321319,2,258.300123
0.33725,2,258.392951
3.30416,8,258.741109
-7.622477,6,259.018373
0.990019,4,259.201252
0.33725,2,259.29239
0.708105,3,259.419302
2.755445,9,259.812616
0.356154,2,259.892841
0.322633,2,259.976745
0.717436,3,260.104933
0.356343,2,260.198204
2.234414,7,260.517762
1.716637,6,260.795406
2.29514,7,261.109322
3.900549,12,261.643934
1.230012,5,261.862373
0.702118,3,262.001673
-8.494687,5,262.220254
0.354581,2,262.310849
0.315871,2,262.401193
0.787737,3,262.5378
0.337179,2,262.620141
0.357486,2,262.711874
0.33725,2,262.793431
1.067342,4,262.978384
-7.66581,6,263.253346
0.329522,2,263.343571
1.491663,5,263.57142
1.471788,5,263.801084
0.733488,4,263.983229
1.125812,4,264.165152
0.703501,3,264.30057
1.834417,6,264.577137
-8.598744,4,264.760156
0.33725,2,264.853069
-8.536861,4,265.025322
1.112501,4,265.196711
0.329782,2,265.277476
0.366809,2,265.370915
0.968586,4,265.535544
1.166842,4,265.719815
-5.20173,12,266.239423
0.323689,2,266.32874
0.714818,3,266.466749
0.33725,2,266.547693
5.001094,13,267.130786
0.33725,2,267.221388
2.444296,7,267.541926
0.784761,3,267.678906
0.313854,2,267.771616
0.98075,4,267.951463
1.515789,5,268.167459
0.333192,2,268.25768
-7.992173,6,268.533313
0.327917,2,268.623263
0.331168,2,268.714542
0.742874,3,268.849939
0.985666,5,269.08192
0.702163,3,269.21947
4.737162,13,269.792417
0.66526,3,269.931954
0.737739,3,270.06057
0.322294,2,270.151846
0.362802,2,270.24137
0.33725,2,270.331861
1.139662,4,270.504338
-8.140103,5,270.725013
0.707584,3,270.86205
0.728573,3,270.999993
4.222338,12,271.555233
0.732475,3,271.681087
0.312437,2,271.760105
0.322941,2,271.840724
2.478733,8,272.198959
0.319287,2,272.289539
0.728184,3,272.42672
0.33725,2,272.506706
0.33465,2,272.597755
1.10636,4,272.784036
1.781997,6,273.060476
0.327455,2,273.151288
0.332635,2,273.243218
4.93963,13,273.811102
0.716891,3,273.950787
0.362227,2,274.042737
1.077357,4,274.226726
1.504894,5,274.447023
0.369107,2,274.538745
0.33067,2,274.632946
0.315996,2,274.727709
1.224829,5,274.956975
1.362422,5,275.185332
0.360604,2,275.275715
0.337999,2,275.36905
0.322985,2,275.460383
0.731368,3,275.598737
0.76673,3,275.73622
0.349315,2,275.828913
1.019444,4,276.009608
2.519428,8,276.347478
0.730314,3,276.473997
0.377878,2,276.566048
0.726433,3,276.703889
2.112214,7,277.025392
3.57437,11,277.509285
0.33261,2,277.599215
0.377906,2,277.691305
0.328336,2,277.784197
0.685557,3,277.921451
1.170415,5,278.154666
-7.591158,6,278.419189
1.017751,4,278.589858
1.163498,4,278.762478
0.728471,3,278.889211
1.783207,6,279.145677
0.319362,2,279.237246
1.138327,4,279.409196
-6.837373,8,279.756926
1.45148,5,279.985164
0.319636,2,280.077393
1.133843,4,280.250999
2.225984,7,280.571642
1.796954,6,280.847751
0.354562,2,280.940594
0.737861,3,281.079115
1.46816,5,281.30956
0.71717,3,281.446709
2.054545,6,281.712904
1.008294,5,281.943063
2.543362,7,282.264795
0.353262,2,282.354866
2.318762,7,282.674635
0.332326,2,282.764502
1.412533,5,282.994781
0.327451,2,283.08588
1.37444,5,283.291025
0.347574,2,283.382612
0.323807,2,283.472971
0.317231,2,283.552586
0.353479,2,283.646699
0.314841,2,283.738396
0.375614,2,283.828541
-7.350738,7,284.127761
-6.662717,7,284.440946
1.205558,5,284.649774
0.32543,2,284.740811
0.362436,2,284.831366
0.332947,2,284.925705
0.387025,2,285.015351
0.325945,2,285.107591
0.669345,3,285.244866
3.224958,9,285.657482
1.748021,6,285.900886
5.088644,14,286.536074
0.718158,3,286.672344
0.370034,2,286.764696
0.71886,3,286.901131
0.707471,3,287.036545
1.114456,4,287.210052
2.219111,7,287.522581
0.342731,2,287.615163
3.836357,10,288.064319
0.352311,2,288.155792
1.075907,4,288.337981
3.336906,10,288.768033
0.320548,2,288.858927
0.781788,3,288.994599
0.377291,2,289.087746
1.103126,4,289.272207
0.717662,3,289.411999
-7.711825,6,289.66523
2.971507,9,290.078113
0.743682,3,290.218952
3.385566,9,290.613839
0.329699,2,290.70576
1.193602,5,290.91288
0.375029,2,291.005724
2.162814,6,291.278032
1.171062,4,291.448657
-7.701405,6,291.716722
0.727265,3,291.85313
-8.572573,4,292.013455
-8.265786,5,292.214295
0.33725,2,292.304387
0.311285,2,292.397944
0.76314,3,292.534505
2.688834,8,292.874566
1.022186,4,293.045512
3.425144,9,293.438268
1.394434,5,293.658966
0.33725,2,293.750461
4.445383,13,294.319906
-7.938964,5,294.536805
0.325964,2,294.627965
0.332303,2,294.720078
-7.305679,7,295.035331
2.767111,9,295.448278
0.33082,2,295.539257
1.16333,4,304.574555
1.11797,4,304.741984
0.334839,2,304.830787
5.259672,18,305.579352
1.507284,5,305.792918
0.699621,3,305.926397
0.713473,3,306.059009
2.097624,7,306.372911
0.687912,3,306.502717
0.33265,2,306.59019
0.367998,2,306.679073
1.374492,5,306.904773
0.323347,2,306.993701
0.316245,2,307.084385
1.376622,5,307.293039
1.454575,5,307.512264
2.904656,9,307.915618
0.33526,2,308.007707
0.325352,2,308.098554
0.698048,3,308.224977
4.482668,11,308.726481
0.327511,2,308.806367
0.357079,2,308.898761
0.364942,2,308.992033
0.373354,2,309.082696
1.239286,5,309.313759
0.720252,3,309.448834
1.46977,5,309.65082
3.438547,10,310.102141
0.326518,2,310.192737
1.906896,6,310.455845
0.311285,2,310.53641
1.494927,5,310.757841
1.561607,5,310.980906
0.333434,2,311.071632
1.841599,7,311.393461
1.099177,4,311.57622
0.367488,2,311.669722
0.357132,2,311.762705
0.697597,3,311.886766
0.726997,3,312.024837
0.33321,2,312.11569
0.725961,3,312.251731
1.950432,6,312.526656
2.192716,7,312.8437
0.696665,3,312.980379
1.901351,6,313.244741
0.318085,2,313.334155
0.333832,2,313.415667
0.314661,2,313.506469
4.524739,12,314.043642
0.316475,2,314.134756
0.313291,2,314.225728
0.350609,2,314.317014
0.323027,2,314.408281
0.338606,2,314.499261
1.048127,4,314.683705
1.097498,4,314.866686
1.078538,4,315.037325
0.326602,2,315.128875
0.664725,3,315.257277
3.050789,8,315.627671
0.697316,3,315.742182
0.320734,2,315.822107
0.311285,2,315.903991
0.325674,2,315.996687
0.738658,3,316.136807
1.06322,4,316.317421
1.812789,6,316.594385
1.470481,5,316.822657
0.37273,2,316.914424
0.737792,3,317.053586
0.317075,2,317.143692
1.396211,5,317.372513
0.753081,3,317.508946
0.334442,2,317.600143
0.701549,3,317.739672
1.939714,6,318.003531
4.471647,12,318.533315
0.355121,2,318.624337
0.333889,2,318.715484
0.705198,3,318.84146
0.354712,2,318.932311
0.317436,2,319.024239
3.812354,11,319.516457
0.678687,3,319.643535
0.311403,2,319.73538
0.320296,2,319.825393
0.696342,3,319.951776
0.754746,3,320.08773
0.356541,2,320.173049
-6.299418,10,320.638928
1.48625,5,320.869001
0.659766,3,321.003788
3.135534,9,321.393808
0.322976,2,321.484762
3.037777,9,321.889988
0.324112,2,321.982337
1.05609,4,322.163968
0.340684,2,322.245044
1.489099,5,322.474979
0.755959,3,322.611283
0.331619,2,322.701714
1.14243,4,322.885095
0.366794,2,322.975068
0.337568,2,323.06736
0.747445,3,323.203294
0.33725,2,323.294849
-8.541699,4,323.480357
0.33725,2,323.571123
3.138943,8,323.927577
1.981338,7,324.248318
1.147123,4,324.4307
0.357286,2,324.521048
2.496043,8,324.886
0.70323,3,325.021309
1.9043,6,325.288065
0.319052,2,325.378332
0.774994,3,325.517438
2.573535,8,325.874249
2.357539,8,326.226825
0.33725,2,326.316296
0.72457,3,326.442806
0.32862,2,326.535449
0.33725,2,326.625583
0.722985,3,326.750953
0.350069,2,326.843072
0.342389,2,326.935581
0.36309,2,327.025082
0.311285,2,327.117932
0.350815,2,327.207821
0.690093,3,327.345786
0.348601,2,327.427125
0.373356,2,327.51889
1.046503,4,327.7061
2.192032,7,328.016005
0.313592,2,328.107665
-7.271589,8,328.464548
0.323442,2,328.54408
0.378397,2,328.624629
2.639821,8,328.986163
0.712894,3,329.12555
0.693773,3,329.264909
0.35657,2,329.356257
0.311285,2,329.447184
0.311728,2,329.537501
1.525705,5,329.758139
0.51094,5,329.989811
0.328824,2,330.080965
-8.045682,5,330.30047
0.364688,2,330.391667
1.804047,6,330.66666
0.33725,2,330.760336
0.322205,2,330.851723
0.719903,3,330.987508
0.332523,2,331.079773
0.746166,4,331.243995
0.327511,2,331.337399
0.326233,2,331.430019
1.045082,5,331.659955
1.229405,5,331.89232
0.992743,4,332.062804
1.845572,6,332.338684
0.319639,2,332.429737
0.313464,2,332.523989
0.677948,3,332.651807
3.060297,10,333.112604
3.667581,10,333.551314
0.323613,2,333.643293
1.007211,4,333.817565
0.311978,2,333.910083
2.758352,9,334.303144
3.794838,11,334.797496
2.294417,7,335.117646
2.9969,8,335.468476
2.093841,6,335.719928
0.333008,2,335.812187
3.307758,10,336.260396
5.03221,15,336.92498
0.696624,3,337.061184
0.364664,2,337.154601
-8.586638,4,337.337933
0.360237,2,337.430123
0.346236,2,337.521363
0.368504,2,337.612511
0.341549,2,337.70338
0.311285,2,337.796673
0.346421,2,337.875791
0.332467,2,337.967657
-5.712114,10,338.411322
2.141321,7,338.733151
0.332031,2,338.826364
1.845803,6,339.080485
3.153658,8,339.430699
1.020546,4,339.61339
0.351687,2,339.703996
3.939625,13,340.286871
3.345725,10,340.722262
0.327038,2,340.812119
0.317311,2,340.89379
-6.914518,9,341.309651
0.347768,2,341.401551
0.319044,2,341.494246
0.368331,2,341.583931
0.339963,2,341.676662
4.914899,13,342.262504
0.720794,3,342.39957
1.425753,5,342.627439
6.023692,15,343.302745
0.358524,2,343.392758
1.068983,4,343.564653
2.812782,9,343.975746
0.721567,3,344.112303
3.056409,9,344.51592
0.350136,2,344.595598
0.388742,2,344.686536
0.739962,3,344.815932
2.805766,8,345.175534
0.718772,3,345.312232
1.083965,4,345.495552
0.712315,3,345.631953
1.718225,6,345.899056
1.573128,5,346.115036
0.315674,2,346.207306
3.543978,10,346.659242
2.570992,8,347.016734
2.521451,8,347.382478
1.084269,4,347.545466
2.71955,8,347.893792
0.366277,2,347.986611
2.889192,8,348.326561
0.322622,2,348.416888
2.978504,9,348.827981
0.322136,2,348.918548
0.331499,2,348.99934
0.70709,3,349.137841
0.383429,2,349.22925
0.697679,3,349.366251
0.373571,2,349.458073
1.898971,6,349.733963
0.31675,2,349.825367
0.3446,2,349.91813
1.965276,6,350.195911
1.811689,6,350.46297
0.747129,3,350.600735
2.826536,8,350.959275
0.33008,2,351.05071
0.31894,2,351.140556
0.361137,2,351.233191
1.494597,5,351.46297
1.085505,5,351.691556
0.733645,3,351.806226
3.015292,9,352.221223
-3.274594,14,352.838388
0.334505,2,352.930111
2.12452,7,353.240243
0.311575,2,353.330081
1.020916,4,353.51273
0.336906,2,353.604503
1.0351,4,353.776996
0.334665,2,353.869198
0.331454,2,353.961572
1.086413,4,354.145584
2.048555,6,354.407874
0.339356,2,354.499623
0.322825,2,354.591216
1.440769,5,354.821856
0.33725,2,354.912041
1.669172,6,355.166883
1.310453,5,355.396877
0.746494,3,355.536122
1.109626,4,355.719284
0.34499,2,355.809696
0.742247,3,355.946553
0.329868,2,356.037141
0.686281,3,356.175952
0.347,2,356.266629
2.905359,9,356.674489
2.669318,8,357.02021
0.353842,2,357.111488
0.356376,2,357.203889
2.339511,7,357.525999
1.137985,4,357.710487
1.779704,6,357.969837
0.33725,2,358.059904
1.02355,4,358.243243
0.312143,2,358.333649
1.148967,4,358.508028
0.33109,2,358.598862
0.354177,2,358.691836
0.32249,2,358.783619
2.45517,7,359.097289
0.314371,2,359.188056
0.361454,2,359.279008
0.33725,2,359.371189
1.754462,6,359.636613
0.357938,2,359.7263
1.630076,6,359.984425
2.176484,7,360.283862
1.861578,6,360.550116
1.391082,5,360.769802
2.580928,8,361.129894
1.264858,5,361.348913
1.055382,5,361.567953
0.709891,3,361.705379
2.469386,8,362.06832
2.58732,8,362.435383
1.81442,6,362.710207
1.386938,5,362.930204
0.316519,2,363.020575
0.359987,2,363.113413
0.312746,2,363.205466
0.360909,2,363.296283
0.694212,3,363.421399
0.328217,2,363.51528
0.703272,3,363.655703
2.298471,7,363.965695
0.327136,2,364.05737
2.597843,8,364.424471
0.345419,2,364.505455
3.315577,9,364.901192
0.331006,2,364.981678
0.311285,2,365.061771
-7.626656,6,365.317873
2.080098,7,365.637785
0.354491,2,365.729515
0.321106,2,365.820359
1.528463,5,366.050127
1.13277,4,366.234813
0.33725,2,366.328829
1.456854,5,366.538541
0.747937,3,366.674473
0.357157,2,366.767578
1.177826,5,366.995578
1.522297,5,367.215623
1.911791,6,367.482913
0.316476,2,367.573055
0.740674,3,367.713339
1.720899,6,367.975648
4.236547,12,368.517395
0.370514,2,368.609317
0.35295,2,368.702023
0.365446,2,368.793726
-8.641669,4,368.977911
0.311285,2,369.067983
0.76285,3,369.204737
0.343847,2,369.296005
1.112464,4,369.468906
0.75058,3,369.606046
1.922957,6,369.871505
1.383316,5,370.100815
0.337949,2,370.192647
0.709595,3,370.330256
0.320937,2,370.409936
0.326248,2,370.491498
2.216369,7,370.81351
1.056128,4,370.994205
1.077721,4,371.176634
3.628932,10,371.61942
1.455205,5,371.837349
0.324495,2,371.928473
0.380643,2,372.020091
0.353292,2,372.109616
2.268571,7,372.435471
0.323948,2,372.527622
1.562796,5,372.759051
4.647527,13,373.349761
0.327494,2,373.430241
0.322157,2,373.521299
0.710021,3,373.663511
1.382247,5,373.891551
0.71965,3,374.026637
0.372973,2,374.118364
0.360033,2,374.20963
0.33725,2,374.300887
0.77647,3,374.428153
0.343249,2,374.518068
0.336463,2,374.608821
0.347939,2,374.700239
0.758143,3,374.838266
0.318166,2,374.916992
0.712215,3,375.044338
0.355362,2,375.139862
0.74602,3,375.270283
1.10276,4,375.455589
0.324522,2,375.546912
3.825394,11,376.003336
2.983337,9,376.384156
2.467837,8,376.723337
0.366408,2,376.812809
0.717924,3,376.949282
3.229187,10,377.394843
1.393887,5,377.627534
0.333254,2,377.716762
1.094066,4,377.88116
4.36188,10,378.319736
1.474286,5,378.527146
0.73767,3,378.664452
0.698564,3,378.803805
0.747153,3,378.931393
3.97288,12,379.471891
0.350074,2,379.562715
0.72463,3,379.687737
0.32306,2,379.780242
1.010469,4,379.953963
0.736433,3,380.092134
1.373196,5,380.304203
0.38615,2,380.386598
0.369758,2,380.478289
-7.927731,5,380.694788
1.797262,6,380.955086
0.335436,2,381.0433
1.483976,5,381.26617
0.373033,2,381.355382
2.040374,7,381.669653
2.379395,7,381.985802
0.998365,5,382.21
1.041219,4,382.376586
0.331913,2,382.465737
0.364885,2,382.543791
0.362888,2,382.633148
1.980207,6,382.890833
0.729149,3,383.023839
3.136867,9,383.405414
0.690906,3,383.527266
2.525641,9,383.910974
0.360456,2,383.997778
2.236088,7,384.302498
0.322672,2,384.39179
0.37904,2,384.470195
0.31805,2,384.558156
0.721636,3,384.68201
0.323615,2,384.77231
1.630106,6,385.048356
0.326796,2,385.138376
3.178413,10,385.598867
3.520219,10,386.05198
0.350279,2,386.143531
0.679275,3,386.283207
0.326468,2,386.364051
0.311285,2,386.457894
1.170645,4,386.622293
0.334769,2,386.711857
0.374255,2,386.802448
3.153804,9,387.219154
1.760666,6,387.484915
0.346009,2,387.575331
1.942739,6,387.846369
0.314426,2,387.936535
0.701494,3,388.072363
0.387528,2,388.164747
4.697539,13,388.754878
2.433651,7,389.077394
0.325006,2,389.169255
0.311285,2,389.263063
0.76967,3,389.398971
1.130944,4,389.569845
1.815635,6,389.846266
0.325856,2,389.936063
0.386335,2,390.026913
0.685884,3,390.162798
0.367294,2,390.257679
1.082597,5,390.475433
0.319338,2,390.567576
0.703681,3,390.703003
0.703794,3,390.839415
1.345297,5,391.069209
2.287302,7,391.378776
0.33725,2,391.469166
0.700711,3,391.606532
0.331839,2,391.687829
0.33725,2,391.778608
0.315603,2,391.872894
0.377641,2,391.963901
1.874878,6,392.239497
0.317225,2,392.330764
0.760702,3,392.469073
0.999414,4,392.64054
0.3715,2,392.733457
0.718285,3,392.868728
1.46332,5,393.100061
0.348926,2,393.189783
0.368245,2,393.280924
1.376377,5,393.510362
0.331821,2,393.605058
-6.271934,9,394.009926
1.021217,4,394.193494
1.770291,6,394.459105
1.295684,5,394.689262
0.331878,2,394.780151
0.757083,4,394.953863
-4.388015,14,395.566799
1.083377,4,395.751092
0.678213,3,395.877602
0.347699,2,404.758798
0.367299,2,404.851025
1.46399,5,405.082004
0.754849,3,405.218956
0.72624,3,405.347607
1.024249,4,405.530784
0.737507,3,405.667839
0.713536,3,405.803785
2.808954,9,406.192114
0.322005,2,406.282871
1.220711,5,406.510939
0.356023,2,406.601234
1.452766,5,406.829257
2.604836,8,407.185504
1.579367,5,407.414164
0.33725,2,407.506647
1.644518,6,407.779552
1.0752,4,407.962528
0.735412,3,408.087908
3.849741,12,408.610839
0.349433,2,408.701744
0.324785,2,408.78378
0.363474,2,408.876176
-7.780624,7,409.175965
2.336077,7,409.486511
1.813012,6,409.764359
0.334922,2,409.855026
0.330995,2,409.945726
0.356764,2,410.03919
0.311371,2,410.134435
0.334897,2,410.230598
1.38782,5,410.454864
0.311727,2,410.548749
0.321474,2,410.641572
0.703222,3,410.779706
1.877765,6,411.053425
0.338238,2,411.144129
1.88726,6,411.411009
1.061338,4,411.585134
0.376843,2,411.676216
6.891718,21,412.587425
1.970413,6,412.856039
0.311285,2,412.947892
0.311285,2,413.037553
0.732692,4,413.223758
0.33725,2,413.313607
0.669194,3,413.450877
2.28147,7,413.777486
1.111168,4,413.962956
0.358739,2,414.052597
2.833729,9,414.447019
0.341641,2,414.539371
0.339609,2,414.631675
1.431829,6,414.896215
0.729585,3,415.021798
-7.871419,6,415.298187
0.720642,3,415.434742
0.356943,2,415.527337
1.478998,5,415.747771
0.368933,2,415.840476
0.326493,2,415.931732
0.329912,2,416.024841
2.485265,7,416.345274
0.31891,2,416.426948
1.102249,4,416.611826
1.508819,5,416.842714
2.541253,8,417.210613
1.028868,4,417.38121
0.356192,2,417.460876
1.731154,6,417.718343
0.372486,2,417.807754
0.37021,2,417.901126
1.053923,4,418.082283
1.098878,4,418.24638
2.721447,8,418.603965
1.127162,4,418.777265
0.326326,2,418.871346
0.354975,2,418.951702
1.499507,5,419.183252
0.322729,2,419.275135
2.907148,8,419.641263
0.70803,3,419.776752
0.364642,2,419.867544
1.802852,6,420.134238
1.429354,5,420.354526
3.250022,9,420.759447
0.690539,3,420.897339
0.356351,2,420.990336
1.441533,5,421.22172
0.335897,2,421.312971
0.315485,2,421.404281
1.159294,4,421.578274
0.370125,2,421.670603
0.362294,2,421.763202
0.315243,2,421.855729
2.086482,7,422.177236
0.335257,2,422.269484
0.698972,3,422.397
1.071412,4,422.581655
0.341853,2,422.662342
1.268312,5,422.89463
0.332404,2,422.973825
0.315595,2,423.067364
2.353052,7,423.371365
2.238488,7,423.67177
0.361653,2,423.763765
1.539782,5,423.998419
1.102603,4,424.180345
0.701815,3,424.31708
0.336538,2,424.408316
0.322212,2,424.500165
1.974393,6,424.752166
0.320425,2,424.843844
2.588624,8,425.209526
0.700809,3,425.346663
1.040081,5,425.574305
1.520784,5,425.802319
0.320285,2,425.894494
0.311285,2,425.984945
2.278611,7,426.298478
2.665422,8,426.643063
0.330779,2,426.734418
1.686683,6,427.01155
1.872009,6,427.286287
1.76974,6,427.563344
1.877966,6,427.822079
0.351433,2,427.911862
0.699317,3,428.04968
0.324197,2,428.141365
-5.342579,10,428.571185
0.677571,3,428.708727
1.512967,5,428.932645
0.704042,3,429.057739
0.758909,3,429.193654
0.708506,3,429.321959
2.1872,7,429.624915
0.367379,2,429.717737
2.290133,7,430.032713
2.157115,7,430.342732
1.915501,6,430.616496
2.182093,7,430.935399
1.133448,5,431.152838
0.33154,2,431.232396
1.159379,4,431.405104
1.412449,5,431.627405
0.330262,2,431.718663
1.912887,6,431.985958
0.33725,2,432.076262
1.022692,4,432.249344
1.135741,4,432.432127
0.719002,3,432.568909
0.359534,2,432.661361
2.26729,7,432.97918
1.191148,4,433.150064
2.067044,7,433.460176
2.060933,7,433.763064
0.665482,3,433.900055
5.424078,15,434.571742
0.710258,3,434.710125
0.782121,3,434.847636
0.33725,2,434.939892
0.314243,2,435.019131
0.720923,3,435.157957
0.358143,2,435.248535
0.72076,3,435.385964
0.320951,2,435.477906
1.968851,7,435.791254
1.136475,4,435.964861
0.724344,3,436.101846
1.825841,6,436.365432
0.334349,2,436.4576
0.320739,2,436.537138
0.33725,2,436.631127
0.784547,3,436.758599
0.350581,2,436.853585
2.990071,9,437.265453
0.313338,2,437.357959
0.697907,3,437.496519
3.501799,10,437.945285
1.032656,4,438.128238
0.772571,3,438.266031
0.70598,3,438.405804
2.400711,8,438.766716
2.872588,9,439.148412
0.722483,3,439.284703
2.360196,7,439.595147
3.818712,11,440.089177
0.706802,3,440.232182
1.792434,6,440.499074
0.311285,2,440.589485
0.333314,2,440.683006
0.357603,2,440.773198
2.330113,7,441.083425
1.104019,4,441.264506
1.472488,5,441.471391
0.321462,2,441.562997
1.76159,6,441.831019
1.731704,6,442.096294
0.326299,2,442.187668
2.507529,8,442.54488
1.684563,6,442.813006
1.815116,6,443.078933
0.357474,2,443.157253
0.330963,2,443.248375
0.314632,2,443.33996
1.933803,7,443.65294
0.357601,2,443.74445
0.681605,3,443.883458
0.311285,2,443.976146
1.974523,6,444.249497
0.681675,3,444.362122
0.356466,2,444.454233
0.312189,2,444.546015
0.352454,2,444.639157
0.316763,2,444.730869
1.124031,4,444.91326
0.311285,2,445.006384
0.32396,2,445.096339
2.866856,8,445.466176
0.367617,2,445.557948
0.324142,2,445.64895
0.767522,3,445.787023
1.43595,5,446.015426
1.049804,4,446.199172
2.402831,8,446.559007
0.350008,2,446.650409
1.039775,4,446.8245
3.303819,10,447.284308
0.369554,2,447.374187
3.840403,12,447.918333
0.355472,2,448.008497
2.596447,7,448.309722
0.683726,3,448.446462
0.317421,2,448.539011
0.386845,2,448.629427
0.380374,2,448.709751
0.365171,2,448.803095
0.342852,2,448.896066
0.328934,2,448.988024
1.291501,5,449.205332
1.969707,7,449.518205
0.712449,3,449.653255
0.320586,2,449.744498
0.325201,2,449.836354
1.341269,5,450.066312
0.376813,2,450.15658
1.17338,5,450.386021
2.225231,7,450.679099
0.329533,2,450.771909
1.370777,5,450.999607
1.437072,5,451.214795
1.862776,6,451.491855
2.632631,8,451.851859
0.311285,2,451.941265
0.352421,2,452.032522
0.33725,2,452.122312
0.319368,2,452.213876
0.320115,2,452.305976
0.368507,2,452.396921
0.335985,2,452.487549
0.379305,2,452.580535
1.677951,6,452.848406
1.954434,6,453.112157
1.275651,5,453.334792
0.698278,3,453.463945
0.33436,2,453.555703
0.362192,2,453.646992
1.139378,4,453.833325
0.752165,3,453.970432
2.311609,7,454.281824
0.311285,2,454.373106
0.330272,2,454.454797
0.383997,2,454.545596
0.314496,2,454.627153
0.33104,2,454.72104
0.697535,3,454.849712
1.876604,6,455.128232
1.726762,6,455.391844
0.72622,3,455.528668
2.159626,7,455.850018
0.327972,2,455.940286
0.311285,2,456.033649
0.340947,2,456.125728
0.364571,2,456.21961
0.983169,4,456.403338
1.858238,6,456.679059
0.711824,3,456.814792
1.435278,5,457.032679
2.210337,7,457.346129
2.209695,7,457.662701
2.852202,8,458.021983
2.133976,7,458.340343
1.911232,7,458.65206
-4.890565,12,459.179811
1.078767,4,459.35861
1.356427,5,459.573945
1.07655,4,459.762244
0.371359,2,459.850831
2.408776,7,460.144947
1.418682,5,460.371186
0.328541,2,460.463168
1.953557,6,460.73374
1.345044,5,460.947047
-8.521907,4,461.122514
0.747373,3,461.248933
0.973068,4,461.418579
1.087593,4,461.607807
0.346141,2,461.696732
0.333172,2,461.786042
1.092044,4,461.944177
0.357663,2,462.03498
2.502236,7,462.3543
0.346399,2,462.444585
0.333324,2,462.535527
1.435528,5,462.765158
0.311285,2,462.856367
0.373388,2,462.949631
0.356612,2,463.0438
0.316595,2,463.13435
0.357138,2,463.214205
0.71689,3,463.352351
1.440296,5,463.572613
1.089661,4,463.746441
1.145873,4,463.930484
0.335765,2,464.011796
0.699016,3,464.151903
1.413252,5,464.379689
0.341052,2,464.46949
0.373012,2,464.56269
2.185385,6,464.82666
2.185458,7,465.149674
1.497617,5,465.381201
0.748385,3,465.506793
1.083371,4,465.690121
0.332226,2,465.769746
1.059641,4,465.943204
0.328569,2,466.034211
1.378428,5,466.265853
0.318081,2,466.357667
0.315823,2,466.448866
0.969704,5,466.669884
0.33725,2,466.750257
-8.362427,5,466.985146
1.033092,4,467.155111
0.311285,2,467.244606
0.3583,2,467.338546
0.712746,4,467.521156
1.17923,4,467.702499
1.490717,5,467.934319
1.104469,4,468.105559
0.357812,2,468.198932
0.389408,2,468.290358
0.715879,3,468.429197
1.216683,5,468.648317
0.388408,2,468.739008
0.33725,2,468.83054
1.400469,5,469.048994
1.053279,4,469.22348
2.183837,7,469.547806
0.326153,2,469.630765
0.336,2,469.712137
1.310609,5,469.934256
0.322475,2,470.026377
1.071901,4,470.210582
1.137312,4,470.376165
0.331044,2,470.470395
1.332931,5,470.700433
0.700407,3,470.836935
1.867659,6,471.106401
1.650272,6,471.373037
0.330934,2,471.452714
0.320503,2,471.53282
0.704014,3,471.672593
0.764547,3,471.797869
3.33792,9,472.190921
1.257075,5,472.434805
1.388622,5,472.699954
0.333962,2,472.805907
0.73737,3,472.96535
0.361028,2,473.069748
1.170979,4,473.271378
0.312567,2,473.378644
0.369806,2,473.485844
2.154166,7,473.808527
2.596049,8,474.153455
2.681132,8,474.512738
0.311285,2,474.603023
1.814643,6,474.868658
0.321982,2,474.960639
2.467048,8,475.299933
1.393819,5,475.511323
2.753962,9,475.92888
1.075008,5,476.146078
0.32758,2,476.237903
1.135671,4,476.424778
0.33725,2,476.516472
0.738305,3,476.655256
0.351672,2,476.749228
1.109329,4,476.932832
2.403896,8,477.266792
0.387999,2,477.358912
0.347301,2,477.45033
0.332018,2,477.531497
1.845215,6,477.81201
0.33725,2,477.902114
0.313927,2,477.99171
0.312093,2,478.073157
1.047476,4,478.258907
0.312331,2,478.350066
1.905931,6,478.625956
0.731259,3,478.763305
0.327144,2,478.854228
0.733353,3,478.991269
0.33132,2,479.082797
0.35092,2,479.175923
0.717448,3,479.30145
0.360076,2,479.392612
0.33725,2,479.474281
0.33725,2,479.569017
0.359636,2,479.660634
0.763193,3,479.79827
0.750994,3,479.938939
1.686942,6,480.216551
0.311285,2,480.306166
0.372385,2,480.397653
0.314518,2,480.491378
0.347109,2,480.583159
0.311981,2,480.675942
0.376623,2,480.766999
2.371428,7,481.081204
1.840778,6,481.336608
1.323622,5,481.55654
0.691259,3,481.695712
0.317808,2,481.786989
0.347063,2,481.878398
0.680127,3,482.003694
2.656908,8,482.361182
0.727884,3,482.498343
0.386399,2,482.589194
1.836272,6,482.866471
0.323094,2,482.946488
1.086089,4,483.130942
0.319241,2,483.213486
0.361731,2,483.307141
0.387937,2,483.399805
0.345809,2,483.490206
0.669886,3,483.628346
1.786491,6,483.884356
0.354061,2,483.976424
0.335448,2,484.057946
0.335399,2,484.1501
1.357089,5,484.379694
0.319122,2,484.460368
5.206893,15,485.129704
0.368758,2,485.209682
0.767568,3,485.349655
1.465739,5,485.566981
0.311285,2,485.658848
1.093681,4,485.840711
1.117051,4,486.02212
2.195961,7,486.314639
1.308203,5,486.534242
0.311524,2,486.625251
0.35114,2,486.716767
1.83044,6,486.998345
2.154234,7,487.307093
0.311285,2,487.397989
0.724783,3,487.535921
3.800576,11,488.022871
0.369095,2,488.115935
2.825671,8,488.465055
2.56689,8,488.834229
1.951735,6,489.110401
2.533217,8,489.478175
0.337493,2,489.569427
0.756811,3,489.706684
2.276961,7,490.022771
1.769195,6,490.287003
0.720862,3,490.42761
0.311285,2,490.518586
2.177283,7,490.839839
0.33725,2,490.930116
1.320134,5,491.140307
1.217582,5,491.37212
1.049126,4,491.556044
1.483083,5,491.792057
0.734305,3,491.937835
1.953583,6,492.207819
2.376092,7,492.529867
0.739838,3,492.668744
0.373474,2,492.760403
0.321169,2,492.851404
2.545093,8,493.194861
0.33725,2,493.286869
0.33119,2,493.378124
-7.552824,6,493.632021
3.684276,9,494.019369
0.353974,2,494.111629
0.364314,2,494.206846
2.143039,6,494.480917
0.325174,2,494.575297
1.155438,4,494.748551
0.346109,2,494.839812
0.326427,2,494.931625
0.377572,2,495.02254
0.331476,2,495.11337
1.093282,5,495.33264
0.72427,3,495.468534
1.327332,5,495.692385
0.319007,2,495.783938
1.006827,5,496.008254
0.330165,2,496.100333
1.452621,5,496.310818
0.336539,2,496.403183
0.677769,3,496.539538
0.372578,2,496.631886
1.350272,5,505.770174
1.126522,4,505.946744
1.889687,7,506.246108
4.375874,13,506.824907
3.124146,9,507.228402
1.359413,5,507.460327
1.459025,5,507.680979
1.843536,6,507.95831
1.849321,6,508.224796
0.730772,3,508.364231
0.329715,2,508.455253
0.319468,2,508.546675
0.764438,3,508.684137
2.225011,7,509.006779
3.181269,9,509.420803
0.311285,2,509.51298
0.344844,2,509.604735
2.949883,9,510.012946
0.329943,2,510.093413
0.381013,2,510.184595
0.355974,2,510.277722
4.26233,13,510.849099
0.373862,2,510.938899
2.851407,9,511.32392
2.124254,7,511.625095
0.35431,2,511.716043
0.344942,2,511.807753
1.428292,5,512.037651
2.229333,7,512.339984
1.544922,5,512.562578
1.0487,4,512.728327
1.790671,6,512.985294
1.162281,4,513.16772
4.11401,12,513.69284
1.110608,4,513.853875
2.683111,8,514.213213
4.751569,14,514.819674
4.454298,10,515.269927
0.321439,2,515.351687
3.634868,10,515.784093
1.80073,6,516.031647
4.232644,12,516.561761
0.681065,3,516.689568
1.231692,5,516.912284
7.757537,20,517.781775
2.931295,8,518.124996
0.331696,2,518.217259
2.245321,7,518.530246
2.26188,7,518.856038
1.53727,5,519.076613
0.316357,2,519.155722
3.15902,10,519.582781
2.223294,7,519.898596
2.300646,8,520.246706
1.777296,6,520.494287
1.801116,6,520.772668
0.37939,2,520.852705
3.319095,10,521.314795
-6.533576,8,521.653338
1.446356,5,521.880905
4.017244,12,522.405898
1.087864,4,522.569593
1.682128,6,522.835472
2.360176,8,523.185931
2.173253,7,523.489754
1.522801,6,523.745375
1.514992,5,523.977017
1.022342,4,524.151719
-6.481405,10,524.612807
0.33725,2,524.703583
0.334227,2,524.798613
0.355666,2,524.890277
1.512719,5,525.121696
2.446332,8,525.448507
4.059826,11,525.922284
4.235729,12,526.451344
1.074526,4,526.623883
0.33725,2,526.704405
0.344231,2,526.797724
1.052906,4,526.971023
3.036647,9,527.36488
0.719724,3,527.491241
-8.009238,5,527.713743
0.74687,3,527.829842
1.519995,5,528.065124
3.00719,9,528.46984
0.329822,2,528.559427
0.366619,2,528.642784
1.574913,5,528.85617
0.359938,2,528.946861
3.110533,10,529.398092
1.075859,4,529.56057
1.493146,5,529.783935
2.242812,7,530.073346
0.760312,3,530.204839
0.338525,2,530.297244
1.446749,5,530.517394
2.350307,7,530.833515
0.71694,3,530.970917
2.260384,7,531.286285
2.679506,8,531.638963
0.312244,2,531.73204
1.553903,5,531.94312
3.494207,10,532.363904
0.350094,2,532.456357
5.002613,14,533.071577
2.565157,8,533.41959
0.325616,2,533.511594
0.741377,3,533.637351
0.717705,3,533.765276
1.070748,4,533.950112
1.025563,4,534.12569
4.006958,11,534.59176
1.812615,6,534.857247
1.450188,5,535.074843
2.235425,7,535.375769
1.976486,6,535.647733
1.029685,4,535.830105
0.372435,2,535.910568
2.195329,7,536.203498
2.24042,7,536.49846
0.327121,2,536.589107
0.340254,2,536.677692
1.112264,4,536.845284
0.317107,2,536.934457
1.954755,6,537.195339
2.327083,7,537.490914
0.33725,2,537.580388
0.714173,3,537.716544
3.462161,11,538.172199
1.893356,6,538.439487
1.197838,5,538.665631
1.041975,4,538.833856
1.400055,5,539.049656
0.33725,2,539.136879
0.311285,2,539.22745
0.33725,2,539.317226
0.377592,2,539.408057
5.154394,14,540.030522
0.370125,2,540.118949
0.388633,2,540.210282
0.33704,2,540.303317
4.285283,10,540.7419
2.266142,7,541.055011
1.828538,6,541.316152
1.728272,6,541.588403
3.252948,8,541.939966
3.801946,12,542.459584
3.99881,11,542.938546
0.694692,3,543.065143
1.031568,4,543.241788
3.434416,10,543.675819
0.31476,2,543.765974
1.013155,5,543.99018
1.636618,6,544.268988
0.677713,3,544.38338
1.127059,4,544.558502
0.706002,3,544.697705
0.730497,3,544.825481
0.675843,3,544.966205
2.654259,8,545.306246
0.719972,3,545.432771
0.315394,2,545.526221
1.049614,4,545.710505
2.790167,9,546.071384
2.825966,9,546.460886
1.810016,6,546.731007
0.662074,3,546.868047
1.11727,4,547.050172
1.427778,5,547.279274
1.956243,7,547.585051
4.115668,10,548.015749
3.071997,9,548.438041
1.141457,4,548.635987
1.802342,6,548.90688
2.819299,8,549.257487
1.075865,5,549.487678
0.328261,2,549.568677
2.543387,9,549.967725
0.72092,3,550.107438
2.242933,7,550.410072
1.167986,4,550.593076
1.875482,6,550.883312
0.656257,3,551.031611
3.934611,11,551.530039
1.134362,4,551.693628
0.71859,3,551.832211
3.538909,10,552.27171
2.097108,7,552.596095
1.8723,6,552.862526
2.152404,7,553.166669
1.077147,4,553.338333
1.775966,6,553.614051
0.368884,2,553.704992
0.729897,3,553.843636
1.100323,4,554.02671
1.503751,5,554.245289
0.356383,2,554.336493
3.375519,11,554.826841
0.697033,3,554.965765
2.727452,9,555.338564
0.70969,3,555.477298
0.354597,2,555.568513
-8.062553,5,555.797868
0.321835,2,555.889598
-6.326299,9,556.290687
1.641282,6,556.55886
3.00127,10,556.990798
4.047296,12,557.516302
0.364533,2,557.6079
1.966668,7,557.92109
2.070672,7,558.224668
1.824017,6,558.494991
1.413763,5,558.714454
1.091553,4,558.886845
0.712163,3,559.013107
0.337185,2,559.107975
1.552193,6,559.363082
0.311285,2,559.454708
1.853352,6,559.698899
3.973975,12,560.239638
0.770832,3,560.376324
1.756477,6,560.653392
1.900902,6,560.90584
1.088026,4,561.065786
5.560737,16,561.752014
-6.521122,8,562.122903
-8.477846,4,562.309156
1.41246,5,562.538831
3.459517,9,562.947127
0.695769,3,563.083108
3.632314,11,563.551774
1.442555,5,563.784705
-6.441627,9,564.172828
1.539424,5,564.40557
0.76534,3,564.544038
1.395759,5,564.741338
3.512404,10,565.164494
5.065852,12,565.694345
0.727621,3,565.820349
2.583986,8,566.180048
1.743964,6,566.460176
1.111148,4,566.63167
2.190328,7,566.946595
0.357987,2,567.026752
5.202469,15,567.695541
0.33725,2,567.788138
1.820202,6,568.057213
2.254077,7,568.357691
1.961249,6,568.633258
6.180426,17,569.398482
1.068483,5,569.617145
2.508164,7,569.919584
3.034121,9,570.31505
0.314789,2,570.408175
1.284468,5,570.626436
0.372019,2,570.719681
0.361693,2,570.812098
2.569126,8,571.162631
0.708307,3,571.299911
1.696051,6,571.56616
1.066018,4,571.750969
1.146533,4,571.922996
1.43283,5,572.142833
1.434575,5,572.363197
1.77962,6,572.641268
2.876735,8,572.999854
0.680314,3,573.134855
1.156503,4,573.320896
0.327871,2,573.415704
3.45941,10,573.847945
0.33725,2,573.928822
0.680501,3,574.055985
2.83654,9,574.461792
0.33162,2,574.552291
3.625038,10,575.006258
1.846387,6,575.271913
2.034931,6,575.537522
1.388697,5,575.769331
1.131933,4,575.950549
0.321656,2,576.041467
1.555907,5,576.265205
2.535501,7,576.582865
0.381742,2,576.662819
2.064395,7,576.967094
1.456662,5,577.177162
5.627749,17,577.908954
1.748523,6,578.175216
2.116671,7,578.496836
2.075473,6,578.750188
0.349319,2,578.844568
3.323307,9,579.248164
0.346537,2,579.343619
0.351415,2,579.431375
0.315794,2,579.514383
0.682119,3,579.647746
0.323019,2,579.74438
0.676826,3,579.874409
0.718847,3,580.001179
0.37067,2,580.092949
0.365986,2,580.174985
2.597717,8,580.5299
0.33725,2,580.620973
1.134993,4,580.804373
0.336356,2,580.898294
0.311285,2,580.989519
0.311285,2,581.070753
3.878202,12,581.571485
0.329805,2,581.663581
2.956154,9,582.060369
0.311285,2,582.149943
1.768836,6,582.38523
1.070533,4,582.559149
0.389194,2,582.660304
0.376505,2,582.75373
1.333019,5,582.974175
0.729342,3,583.112748
2.832982,8,583.469707
4.192446,12,583.983625
0.325516,2,584.063865
0.315295,2,584.145607
2.710839,8,584.498177
0.696106,3,584.627104
3.477106,11,585.113477
1.945748,7,585.425606
1.064496,4,585.609323
-8.116538,5,585.828496
0.702602,3,585.954611
0.685619,3,586.084582
6.671488,17,586.820358
0.714516,3,586.958011
0.749835,3,587.098812
2.15549,7,587.409617
2.578289,8,587.758209
0.726663,3,587.895559
1.370958,5,588.126673
3.513035,12,588.643912
0.33725,2,588.725481
1.080675,4,588.900053
2.733152,9,589.297386
0.749371,4,589.471986
0.337268,2,589.566255
1.944828,6,589.823543
1.022409,4,590.009627
1.949615,6,590.280183
0.351458,2,590.373194
0.357466,2,590.46605
0.71383,3,590.595887
0.729577,3,590.723352
3.083883,9,591.118878
2.944059,9,591.523511
3.003066,8,591.882164
6.898664,20,592.743005
1.682119,6,592.987828
1.899551,6,593.253048
0.36271,2,593.34541
0.312733,2,593.438597
1.450718,5,593.671625
1.057825,4,593.845706
1.792755,6,594.094283
4.251393,13,594.656096
0.739894,3,594.792919
0.318797,2,594.875544
1.641685,6,595.133022
1.074024,4,595.295527
1.944019,6,595.571827
0.323304,2,595.662435
0.361811,2,595.756786
2.453825,8,604.967738
5.806041,16,605.655972
2.964735,8,605.996112
2.06865,7,606.289551
1.751948,6,606.546896
6.45567,20,607.406465
3.363187,10,607.852584
2.402281,7,608.169018
1.472413,5,608.381073
1.111295,4,608.557803
-7.955647,6,608.805426
0.992494,4,608.990847
4.847017,16,609.641091
3.828031,10,610.048786
1.894356,6,610.328953
-6.748699,9,610.713988
0.34545,2,610.806703
1.409702,5,611.028606
0.327849,2,611.109369
0.692642,3,611.236779
6.75138,16,611.936578
1.111579,4,612.100921
1.091597,4,612.278811
3.885014,11,612.750692
0.691323,3,612.879428
1.757532,6,613.125244
0.321955,2,613.217353
1.135841,4,613.393799
3.658658,11,613.855113
3.134405,10,614.284001
2.394551,7,614.57302
6.240678,16,615.277158
0.33458,2,615.366296
6.244784,17,616.072262
4.193177,13,616.61944
2.889533,8,616.948647
1.382409,5,617.155993
3.235852,10,617.581581
3.716871,11,618.068158
2.986768,9,618.449073
2.331611,7,618.77939
3.907604,9,619.156353
1.110437,4,619.33997
5.161265,15,619.954689
0.758579,3,620.093219
1.352364,5,620.313932
4.537246,11,620.823464
7.243953,18,621.557906
3.628064,10,621.972154
3.538413,10,622.39404
5.249734,13,622.95345
2.103083,7,623.267798
6.504045,18,624.010198
7.067523,20,624.875232
-4.784164,13,625.422411
3.96383,11,625.850211
2.782008,8,626.201401
1.902891,6,626.439886
0.351296,2,626.532053
2.045887,7,626.819362
3.154569,9,627.205893
2.699665,8,627.555709
0.693846,3,627.672363
1.578741,5,627.883387
2.732701,8,628.239592
2.284045,7,628.536134
1.322904,5,628.759006
8.354861,23,629.75648
2.534552,8,630.095866
3.184239,9,630.516143
0.333308,2,630.611271
2.322503,8,630.96591
2.993728,9,631.344422
1.391317,5,631.575254
0.353793,2,631.667169
1.443287,5,631.875529
6.404003,19,632.655136
-4.871844,11,633.116719
3.27684,10,633.557204
3.342654,9,633.941699
1.48654,5,634.158568
5.594439,15,634.79962
7.397046,23,635.717363
1.968215,6,635.952092
4.293903,12,636.454415
1.128843,4,636.628188
3.085552,9,636.993156
2.574041,8,637.318017
2.174802,7,637.634233
1.858872,6,637.870005
8.06201,21,638.738687
1.407324,5,638.961375
0.328051,2,639.043734
1.812006,6,639.317827
4.525384,12,639.822382
1.461508,5,640.03285
0.771774,3,640.170757
2.748405,8,640.522558
2.309423,7,640.805405
0.683931,3,640.935801
5.078065,14,641.537879
5.051629,12,642.052186
2.816525,9,642.427089
3.440843,10,642.85646
1.408812,5,643.068949
2.792072,8,643.420733
1.807735,6,643.65647
1.42122,5,643.879323
1.642358,5,644.087827
-8.067499,5,644.299661
0.755217,3,644.437902
0.688438,3,644.563078
2.035665,6,644.811592
2.242225,6,645.074429
6.631292,20,645.919713
2.584147,7,646.222428
2.79355,8,646.569405
4.632529,12,647.061025
-3.102478,21,647.987856
4.195589,12,648.488042
1.077446,4,648.653428
3.051921,10,649.077681
1.391055,5,649.2916
2.253394,6,649.531217
4.526503,12,650.03464
1.384011,5,650.268556
0.326366,2,650.360583
4.516202,13,650.906929
5.651517,17,651.608855
0.335583,2,651.701759
5.468076,17,652.408324
-4.969377,13,652.989924
5.635165,17,653.704497
1.040291,4,653.890809
5.269966,15,654.528467
2.822746,9,654.88447
3.078485,9,655.271734
2.769703,8,655.60089
7.810287,21,656.475165
0.678636,3,656.603403
-6.336134,8,656.955918
2.567527,8,657.275652
2.176507,7,657.570093
7.640288,22,658.534792
0.381364,2,658.625771
1.761869,6,658.907897
-5.62081,10,659.355138
0.33725,2,659.435003
1.217289,5,659.645157
0.754311,3,659.773833
1.914295,6,660.030754
2.450998,7,660.337157
3.561774,10,660.759082
4.328151,10,661.171714
2.605528,8,661.517919
1.616663,6,661.77567
3.062001,9,662.165083
2.746427,9,662.565654
5.499023,17,663.318271
1.629872,6,663.564438
2.464993,8,663.895679
1.827491,6,664.155665
0.311285,2,664.247205
4.999429,14,664.834412
4.081534,11,665.296058
0.785189,3,665.433541
5.071664,15,666.097794
0.33725,2,666.190958
2.305092,7,666.482238
-6.023116,10,666.917194
1.537045,6,667.176477
1.342163,5,667.401427
2.442563,8,667.773657
2.438641,7,668.067765
1.994231,6,668.348454
2.210552,7,668.661949
0.677904,3,668.780244
0.728678,3,668.899711
-4.853655,11,669.34766
2.246883,7,669.651928
3.745721,10,670.075124
0.367942,2,670.155637
0.708792,3,670.274066
4.787235,15,670.893955
2.882711,9,671.281024
0.315808,2,671.372358
0.345904,2,671.466921
6.314343,19,672.297236
4.807615,13,672.849263
0.975477,5,673.068697
0.311285,2,673.159845
1.901213,6,673.413334
1.438098,5,673.625714
0.32634,2,673.708991
2.729146,9,674.096956
3.411705,10,674.525414
-4.059359,16,675.207199
7.648167,17,675.924768
-5.266722,11,676.390998
1.983402,6,676.644719
1.839082,6,676.89266
3.881625,11,677.342844
-7.636507,6,677.590006
2.191096,7,677.886695
0.783343,3,678.024118
5.082724,14,678.608965
6.77031,19,679.415813
0.690378,3,679.543669
1.368486,5,679.764854
3.732654,11,680.228418
1.532749,5,680.431432
2.773557,8,680.805451
0.321234,2,680.895246
2.860571,9,681.282051
-7.104904,7,681.597511
0.71009,3,681.724957
3.988789,12,682.258917
2.531281,8,682.616775
2.169386,8,682.954504
-4.472015,14,683.545717
0.716282,3,683.672697
1.4914,5,683.893437
0.3644,2,683.974193
2.536435,8,684.30743
2.096381,7,684.610394
3.392406,10,685.047389
4.394826,12,685.573675
2.124916,7,685.843915
0.361161,2,685.926187
0.753049,3,686.053587
0.319872,2,686.133486
1.465283,5,686.35704
0.998496,4,686.519581
4.664349,15,687.192033
0.368976,2,687.272388
1.938232,6,687.529563
-5.596956,10,687.961014
1.067171,4,688.146165
8.872521,26,689.262991
2.534304,8,689.621776
0.757995,3,689.761305
4.463336,12,690.284078
1.048824,4,690.47055
3.893389,11,690.956176
0.738235,3,691.073195
0.340044,2,691.168722
1.784494,6,691.436666
0.357462,2,691.527374
2.287165,7,691.83307
1.463256,5,692.061556
0.343481,2,692.142139
2.119019,7,701.382125
3.319526,8,701.71943
4.928917,15,702.348267
4.976501,15,702.979241
7.785148,21,703.871691
10.208974,26,704.96139
8.815909,28,706.148534
1.932982,6,706.394257
2.617314,8,706.745167
3.25097,10,707.183806
4.972243,12,707.68451
1.892021,6,707.931985
8.381023,23,708.913518
3.43007,9,709.290845
2.781439,8,709.614058
11.645818,30,710.912812
2.230593,7,711.21847
0.361819,2,711.310139
0.380276,2,711.403928
0.34772,2,711.498304
2.931158,9,711.879252
10.687386,34,713.297207
7.862677,22,714.25514
1.072632,4,714.418725
1.768021,6,714.689306
2.166066,7,715.001999
2.160166,7,715.295112
1.912913,6,715.554491
-7.909054,5,715.776598
2.142562,7,716.066939
1.672577,6,716.325259
6.999428,20,717.152884
-6.003204,9,717.519492
1.356858,5,717.730357
3.473542,9,718.128953
4.477808,12,718.632076
1.808076,6,718.881044
1.875914,6,719.150876
0.670055,3,719.276515
3.790194,11,719.738405
15.449379,43,721.483497
1.660493,6,721.75321
3.315893,10,722.166751
0.333154,2,722.258812
2.573474,8,722.611881
0.722415,3,722.739779
3.170446,10,723.153809
2.837454,8,723.506027
4.040286,11,723.958
9.825918,25,724.996675
2.860949,8,725.310607
2.3321,7,725.614251
1.47782,5,725.837136
2.626691,8,726.164403
1.239476,5,726.374916
9.649893,25,727.397886
-8.529598,4,727.563869
13.770899,40,729.239899
0.33725,2,729.320698
2.604999,8,729.661965
2.25867,7,729.968832
3.167714,9,730.341781
1.716759,6,730.602823
2.139703,7,730.895559
4.101979,10,731.316831
1.811881,6,731.563091
27.237446,61,734.077224
3.424813,9,734.463639
1.490262,5,734.684314
1.436048,5,734.884472
2.674779,8,735.224981
0.714016,3,735.361667
1.880496,6,735.620322
2.708061,8,735.973326
2.658004,8,736.298466
2.634456,8,736.648676
1.987813,7,736.9533
1.68594,6,737.187245
6.258168,19,737.972272
1.147478,4,738.158041
4.812566,13,738.695145
2.321182,7,739.010041
-4.860634,12,739.481275
14.865115,40,741.148555
5.909279,16,741.856435
0.747032,3,741.984464
19.277489,50,744.090481
6.149386,18,744.908539
5.277877,12,745.43819
2.498683,8,745.767723
-8.601967,4,745.951397
1.857424,6,746.218369
2.308816,8,746.536168
2.151205,7,746.832834
5.168382,15,747.480786
0.347693,2,747.561406
2.542718,8,747.869682
2.81176,8,748.199095
1.860261,6,748.466481
1.368767,5,748.678132
2.846801,9,749.054458
4.291203,12,749.548426
2.668103,8,749.901356
3.518502,11,750.370199
4.877147,14,750.961534
0.331226,2,751.042572
1.737853,6,751.290612
2.823325,9,751.670018
-8.071488,5,751.870173
3.553632,9,752.251902
3.168086,9,752.651004
1.829474,6,752.88621
0.33725,2,752.978524
3.024615,9,753.354645
1.356165,5,753.567501
2.311386,8,753.87798
8.214548,22,754.744281
3.918605,9,755.106629
0.337321,2,755.187524
0.340814,2,755.268298
4.955763,13,755.808572
0.316675,2,755.889012
3.874882,10,756.31131
1.727619,6,756.580947
1.558666,5,756.790121
12.955898,34,758.19852
3.620287,9,758.57705
10.536284,26,759.629459
4.120856,12,760.152685
3.817486,11,760.631184
4.324599,12,761.140143
-6.604023,8,761.493295
1.890481,6,761.743366
2.072444,6,762.009415
6.419163,20,762.877042
2.786608,8,763.204897
5.925166,14,763.789689
7.005687,17,764.492635
5.059251,14,765.097022
-6.081198,10,765.53229
2.512821,7,765.823187
2.688495,8,766.139987
4.544195,11,766.596549
-8.137389,5,766.830128
3.142291,8,767.158423
-3.995834,15,767.783762
2.440439,7,768.098947
4.56478,13,768.620308
4.340644,10,769.032205
2.74578,8,769.354712
3.536726,10,769.749187
1.352672,5,769.971497
0.35282,2,770.065431
3.631169,11,770.512434
1.381226,5,770.718258
3.235792,8,771.034014
0.362606,2,771.113316
8.092421,23,772.061121
0.33725,2,772.157199
2.104998,7,772.446816
4.809179,13,772.989846
-5.72965,10,773.400968
2.685567,8,773.766732
9.407955,27,774.922518
3.01156,8,775.308493
1.483403,5,775.564023
-6.874676,7,775.908231
4.431442,13,776.49382
4.837284,16,777.206671
0.387051,2,777.311405
7.430729,19,778.149007
1.936225,7,778.444096
6.080375,13,778.995716
3.078107,9,779.395959
12.123789,35,780.908336
1.795287,6,781.158
2.284483,7,781.452223
2.65893,8,781.783938
8.771463,24,782.742116
1.1086,4,782.919554
2.767237,9,783.284761
5.385834,17,783.971668
2.971383,9,784.344673
3.536779,11,784.806583
1.859032,6,785.051984
1.547217,6,785.306777
0.742047,3,785.43538
9.294989,28,786.586248
1.820404,6,786.844638
0.324837,2,786.925886
0.325458,2,787.016436
4.633677,13,787.586715
2.17642,7,796.849575
16.869045,54,798.975987
1.458774,5,799.210275
12.621465,34,800.593395
2.997035,10,800.990176
5.450919,15,801.589022
8.637094,22,802.542164
14.228781,43,804.302591
7.265886,23,805.228153
13.378716,36,806.675706
7.210821,23,807.550095
4.796953,14,808.11777
7.479041,21,808.940021
9.790263,25,809.944509
3.610091,10,810.342956
3.37552,10,810.756473
1.062962,4,810.919273
1.433691,5,811.120724
5.494105,18,811.864458
12.607144,35,813.260688
2.870626,8,813.60063
4.076762,12,814.105989
2.740676,9,814.472497
10.458472,23,815.397471
1.739506,6,815.647385
4.763773,11,816.08418
0.699139,3,816.224354
2.074459,6,816.471184
3.631471,11,816.899662
6.366665,19,817.665325
3.178114,9,818.030178
7.959963,21,818.875061
6.355258,17,819.537092
6.987669,22,820.417981
8.178939,22,821.296949
6.882981,19,822.079546
2.373796,7,822.351597
1.215934,5,822.539863
19.852719,54,824.703292
6.739676,19,825.511109
4.007068,10,825.903527
12.590591,40,827.530465
6.742475,20,828.367308
0.336224,2,828.448154
8.837799,22,829.328649
1.027664,4,829.492006
9.926648,28,830.60415
6.367694,14,831.163415
12.238449,30,832.360555
2.43094,7,832.644852
15.688589,43,834.33107
8.608643,23,835.300892
12.400623,33,836.64746
2.372653,7,836.945457
6.676265,18,837.655419
11.524311,36,839.089675
2.170196,6,839.326712
2.440377,8,839.659358
7.952251,21,840.528806
0.354145,2,840.610485
3.803532,11,841.079109
5.10286,12,841.586639
1.745523,6,841.856069
5.116562,14,842.433696
10.080428,25,843.409703
5.553271,18,844.104619
3.331291,9,844.452776
4.559164,11,844.912969
7.425331,21,845.760909
4.251645,12,846.24751
2.306333,7,846.521461
1.5329,5,846.726405
4.770423,15,847.321219
-4.053869,14,847.899121
6.454309,19,848.657944
2.149837,7,848.940847
3.212065,10,849.334354
-5.91047,11,849.788185
14.768877,38,851.248465
1.375382,5,851.471874
2.628495,8,851.79075
1.748181,6,852.044149
3.04508,9,852.419307
4.511407,15,853.018023
2.142346,7,853.297155
2.384983,7,853.571492
5.388649,17,854.246374
3.54266,9,854.626796
2.598521,8,854.946318
5.985414,16,855.590297
10.460404,27,856.707862
10.359133,27,857.800513
2.978591,9,858.17606
19.527683,56,860.476002
3.927748,12,860.949307
2.260421,7,861.244495
3.025698,8,861.577614
2.418842,8,861.897779
4.804137,14,862.428987
0.31685,2,862.511326
32.871835,151,868.615305
2.921641,8,868.935128
2.375914,7,869.219485
9.764606,28,870.359366
12.791184,28,871.499098
-6.858783,9,871.867498
-7.009411,8,872.202373
1.359419,5,872.40685
4.416723,14,872.948613
3.997221,11,873.376466
10.040428,28,874.494269
20.388014,48,876.413967
4.159909,12,876.885496
4.118261,12,877.378686
4.634155,10,877.758124
1.040627,4,877.92104
-4.09056,16,878.543195
12.920696,34,888.817785
-3.058927,20,889.607377
-6.321704,8,889.922733
2.418385,8,890.250475
6.36798,15,890.86198
22.972188,56,892.992274
18.763253,44,894.687847
4.868348,13,895.198985
34.000955,78,898.158324
9.041663,26,899.162294
-3.815475,17,899.793421
3.514161,10,900.192217
12.237609,35,901.555711
4.034941,11,902.015515
2.526335,7,902.292489
8.746682,25,903.248639
5.629909,16,903.880943
-7.422489,6,904.137943
8.291594,23,905.006426
2.209096,7,905.275983
-7.964377,6,905.521337
32.837603,109,909.674562
2.629236,8,910.000159
11.34656,32,911.228921
3.329271,10,911.609891
-3.833055,13,912.099283
6.426715,19,912.837403
5.544753,17,913.462199
13.289871,40,915.031954
6.289709,18,915.733997
3.371635,9,916.070397
-6.470473,8,916.400135
14.016436,37,917.824686
3.224355,9,918.175192
19.99728,62,920.574203
12.234969,28,921.638486
13.833887,37,923.059712
3.23902,35,924.409461
1.073725,4,924.564107
12.629527,30,925.751395
2.033071,6,925.975614
-1.79167,19,926.713565
5.113941,16,927.340928
6.689276,20,928.105204
2.365466,7,928.362544
6.586348,21,929.17814
11.946929,38,930.599269
-7.952447,5,930.802148
33.030577,78,933.783739
25.001798,60,936.036203
15.097549,35,937.363379
3.103029,9,937.706508
27.384283,64,940.107984
2.7287,9,940.481917
6.501185,18,941.202914
12.137922,32,942.457276
3.215078,10,942.835206
11.533295,30,943.965617
38.785817,94,947.534279
35.380225,87,950.868448
41.429513,126,955.713719
5.022427,15,956.313386
7.874618,21,957.13311
7.281067,21,957.970381
5.412036,13,958.471355
5.199971,14,959.035275
3.1445,8,959.354961
3.431955,10,959.748924
16.669385,39,961.271241
14.00261,43,962.941623
-7.265102,7,963.224984
9.602393,27,964.279785
-7.992476,5,964.479984
7.170341,25,965.431708
3.998737,12,965.910954
23.782897,64,977.319438
9.767177,26,978.292178
8.103205,26,979.291497
6.31303,19,980.026142
46.881247,99,983.755386
5.54318,16,984.369512
7.404464,20,985.138671
18.355633,45,986.819138
-7.7303,6,987.054781
18.187871,41,988.581914
-1.370866,21,989.380969
23.045437,71,992.062122
9.238526,28,993.124598
24.22765,53,995.141417
10.264305,33,996.374666
7.465039,23,997.240727
-4.836544,15,997.809922
22.739631,91,1001.252017
-1.491194,21,1002.066785
63.553495,176,1008.598835
9.631737,28,1009.651819
18.748281,56,1011.789336
44.406553,111,1015.916027
4.101731,10,1016.292789
7.831989,22,1017.122898
1.73079,6,1017.360765
15.624681,38,1018.791732
46.522096,104,1022.710785
38.492426,85,1025.863101
34.740524,85,1029.09414
23.519202,60,1031.340977
58.890153,176,1037.771722
38.549939,94,1041.282272
4.542178,14,1041.831248
8.366359,24,1042.758543
62.488402,172,1049.258948
56.484619,135,1063.186426
2.572445,34,1064.475718
-7.046635,7,1064.737334
12.455268,31,1065.881988
8.546262,28,1066.926043
35.255647,103,1070.891706
14.916328,49,1072.751868
2.465261,7,1073.017834
4.71963,38,1074.456377
5.640925,16,1075.070538
13.390906,37,1076.501264
4.698982,14,1077.036249
52.345503,176,1083.555478
35.02113,110,1087.586667
15.819553,70,1090.173947
12.876783,31,1091.320765
25.252293,68,1093.868848
69.39896,158,1099.794132
-5.431629,11,1100.222263
37.901035,121,1104.813822
15.712716,55,1106.865663
7.776566,56,1108.960946
4.386236,12,1109.415615
-0.209268,26,1110.407295
15.054322,43,1111.986678
62.545305,159,1117.878073
63.869227,169,1124.196831
4.8952,14,1124.725641
54.840216,171,1131.085996
13.174488,58,1133.240247
20.543616,52,1135.177352
56.999498,176,1150.610622
-4.437672,15,1151.190682
35.163583,176,1157.745431
4.124679,10,1158.124335
-3.68803,15,1158.669361
11.8103,34,1159.9433
11.172413,66,1162.359395
-2.217527,21,1163.104244
46.798644,131,1167.843204
4.59789,33,1169.074961
41.670684,100,1172.734383
72.987807,160,1178.6149
-7.704631,6,1178.840032
11.8205,50,1180.702018
32.697293,73,1183.385665
51.21843,176,1189.78263
63.515412,176,1196.293095
16.893757,40,1197.745397
49.789956,176,1204.188875
31.502276,96,1207.720542
-8.081582,5,1207.910205
-4.258715,16,1208.498635
68.146052,162,1214.531759
59.57206,176,1221.094608
11.31082,46,1222.776224
24.122429,64,1234.178734
-5.145403,12,1234.626034
-5.939286,10,1234.99643
29.979749,95,1238.471169
-7.125036,8,1238.765401
34.259378,87,1241.870201
43.123228,176,1248.300834
9.209221,27,1249.2976
6.50538,56,1251.37731
8.959874,27,1252.398916
10.559293,49,1254.212667
56.939334,163,1260.180799
36.915326,166,1266.2871
65.524389,171,1272.538209
16.285101,94,1275.960335
15.522912,65,1278.355385
2.233548,7,1278.616113
23.574937,108,1282.529769
-3.675805,19,1283.235835
0.684904,29,1284.30934
30.408161,135,1289.184767
40.745812,176,1295.639401
16.444173,72,1298.242167
1.333323,34,1299.507207
45.014449,176,1305.967291
29.367729,176,1321.239173
45.43096,176,1327.579556
5.129707,15,1328.126421
54.216143,176,1334.55341
7.647175,45,1336.199988
19.734141,96,1339.671041
62.70052,176,1346.095765
2.90311,9,1346.43999
51.945907,176,1352.932962
39.290775,156,1358.56388
51.696596,176,1365.026133
-7.457121,6,1365.24939
52.774045,176,1371.643416
50.169803,176,1378.075028
57.454012,176,1384.506293
61.884413,176,1399.947789
14.931467,65,1402.320235
61.403029,176,1408.780951
68.486252,156,1414.449147
53.292963,176,1420.797967
48.34376,176,1427.183691
50.503064,176,1433.586396
18.177826,110,1437.574692
60.103188,176,1443.9757
40.051755,176,1450.387132
6.053216,50,1452.205899
8.399115,24,1453.084286
55.357064,176,1459.446348
57.503101,176,1465.856473
45.719272,176,1472.228479
-3.034318,20,1472.957346
49.32015,176,1488.248247
52.919741,176,1494.619275
58.746678,176,1501.039311
56.323593,176,1507.405738
60.757055,176,1513.805542
43.623779,176,1520.281661
55.275626,167,1526.416627
66.304375,174,1532.720194
64.53642,176,1539.149312
55.007495,176,1545.548232
8.932182,57,1547.624096
48.317143,176,1554.028262
49.404938,176,1569.40974
3.157173,40,1570.874931
36.883191,113,1574.954743
-7.942158,5,1575.15432
61.336291,176,1581.527678
48.78186,176,1587.926937
2.461028,34,1589.181091
47.996592,176,1595.519564
19.864873,80,1598.469185
66.064022,176,1604.848021
37.077113,106,1608.730561
54.32269,176,1615.114052
59.408944,176,1621.5101
3.192333,10,1621.895739
62.053866,176,1628.29345
56.21018,176,1634.603554
55.298934,176,1649.952276
51.028126,176,1656.382992
67.110644,176,1662.801253
57.525991,176,1669.253311
53.30983,150,1674.727031
53.218917,176,1681.144883
-2.525728,20,1681.881305
32.87822,135,1686.775186
69.93224,155,1692.433817
56.560393,176,1698.909499
67.186288,175,1705.320715
68.153886,154,1711.086398
14.194339,70,1713.647976
24.94474,95,1717.079245
12.819261,34,1718.34996
15.097448,157,1724.073505
-2.355611,23,1733.768296
32.750983,142,1738.915697
54.022757,171,1745.137254
64.300445,176,1751.593179
14.909284,70,1754.154286
3.793264,28,1755.159543
65.619039,176,1761.575834
56.870335,176,1767.988142
65.331034,176,1774.41238
2.554743,33,1775.631147
47.257099,176,1782.044543
-5.311098,14,1782.573848
-3.995568,14,1783.087514
25.756906,101,1786.764841
53.703218,176,1793.151599
54.408627,176,1799.525872
46.699629,159,1805.320682
-4.527957,13,1805.799716
53.673385,176,1821.239005
10.715508,53,1823.19353
4.477029,37,1824.548957
57.846168,176,1830.944502
0.722358,29,1831.997262
21.076345,55,1834.019141
62.36947,176,1840.456079
-1.421999,21,1841.232154
8.052859,45,1842.871119
3.484626,40,1844.339222
-4.272242,13,1844.811494
-6.803557,8,1845.111432
63.554501,168,1851.259085
46.187095,122,1855.710209
69.160621,166,1861.73068
50.898146,176,1868.097255
2.245693,32,1869.27382
20.141296,98,1872.826487
69.143996,167,1879.042264
34.849501,92,1882.38528
71.876378,147,1887.772978
-1.791408,21,1888.537733
31.966536,126,1902.051078
21.676624,94,1905.430488
23.711597,128,1910.087626
2.884034,27,1911.099239
72.702695,164,1917.12127
30.321532,112,1921.219466
69.616977,176,1927.628562
48.617119,170,1933.839281
67.375823,176,1940.240633
-7.01451,7,1940.526378
63.133645,176,1946.903272
36.69596,140,1952.01695
0.329188,27,1953.052761
10.395507,49,1954.850077
-6.582113,10,1955.237789
39.913173,105,1959.059258
36.038651,131,1963.861598
53.787631,176,1970.255213
3.033796,43,1971.831653
17.376693,94,1975.313998
62.183244,176,1990.626057
59.277211,176,1997.048489
38.676795,171,2003.322077
59.59537,176,2009.740346
44.276041,116,2013.951975
59.229268,176,2020.217518
1.114763,29,2021.345111
44.976743,155,2027.006271
39.179481,149,2032.431635
-5.560319,10,2032.805524
61.438275,176,2039.233503
68.351072,176,2045.640672
5.361594,38,2047.027451
0.476967,29,2048.098353
26.366225,91,2051.390342
58.50535,176,2057.821284
64.385033,176,2073.189018
-0.376817,20,2073.945913
63.286704,176,2080.344569
2.370429,33,2081.568157
1.141883,27,2082.564895
-6.951526,8,2082.863475
1.254831,36,2084.181839
4.029857,12,2084.625708
24.599775,103,2088.380571
-3.12276,15,2088.931199
48.642992,176,2095.336406
68.154166,161,2101.232759
61.050293,176,2107.60918
23.731561,101,2111.23944
16.18801,82,2114.206291
67.408209,176,2120.751307
-0.413133,26,2121.699289
14.708595,55,2123.712403
72.791088,160,2129.503762
69.363845,176,2135.918747
48.134199,157,2141.628476
-0.06859,28,2142.661266
48.023324,123,2156.271003
47.755466,176,2162.676543
53.909471,176,2169.11033
8.983477,55,2171.131977
74.011743,158,2176.80713
49.426671,176,2183.2392
64.782404,176,2189.728131
-4.117548,14,2190.24015
15.773552,78,2193.085492
57.346477,176,2199.63475
67.686915,164,2205.62941
-1.936435,20,2206.373164
60.523502,176,2212.833887
57.393911,176,2219.21222
18.170893,66,2221.608789
61.510183,176,2237.263952
58.009725,176,2243.652049
36.730429,176,2250.01358
2.398964,7,2250.272829
16.493931,73,2252.906626
-4.027829,15,2253.441941
2.624276,8,2253.73794
56.001484,176,2260.122916
43.352591,176,2266.372251
34.529401,120,2270.622431
57.038789,176,2277.16626
58.940876,176,2283.437239
1.432383,34,2284.68763
18.353614,101,2288.277222
41.841654,176,2294.65983
20.024646,88,2297.856178
59.70714,176,2304.193674
0.987916,33,2305.385288
1.496628,34,2306.60993
54.614593,176,2322.121647
41.739644,176,2328.508043
50.994988,176,2334.899348
5.509087,42,2336.417551
9.651963,58,2338.50716
64.173328,176,2344.873254
59.438162,176,2351.215956
31.775111,112,2355.275934
70.792755,167,2361.302787
-3.58193,18,2361.96525
42.599735,142,2367.118108
62.490379,176,2373.4763
46.947248,176,2379.842327
-3.14882,21,2380.631927
50.511054,176,2387.006573
59.59119,176,2402.368492
55.433919,176,2409.207993
72.379283,165,2415.228018
64.56104,161,2421.111504
70.807636,170,2427.267669
60.222533,176,2433.608944
49.050768,176,2439.95898
58.32488,176,2446.382237
54.198091,176,2452.750177
44.34736,176,2459.011699
72.381709,173,2465.171168
63.70722,176,2471.596845
1.03523,28,2472.633645
63.771653,176,2488.134015
53.957465,176,2494.588882
50.575778,176,2500.958153
28.939374,166,2506.930899
-6.387005,9,2507.258861
64.392751,176,2513.625694
-7.961396,5,2513.821794
46.376707,176,2520.097776
27.896982,112,2524.224933
49.090585,176,2530.641633
66.451305,176,2537.031119
48.444206,176,2543.452501
53.656468,176,2549.866244
52.820959,176,2556.254531
65.418228,176,2571.772349
51.752751,176,2578.081824
-3.716494,13,2578.549537
1.909547,45,2580.183255
72.662999,172,2586.409873
-3.88743,20,2587.132857
57.097655,176,2593.693863
60.275553,176,2600.043457
47.410625,176,2606.598131
52.29719,176,2613.139503
50.289581,176,2619.569411
25.846781,131,2624.448399
-2.557408,20,2625.225347
55.610441,176,2631.734598
56.613037,176,2638.103549
46.588271,176,2644.452513
-5.534931,10,2654.061473
58.46815,176,2660.392438
58.470437,176,2666.784271
58.145514,176,2673.115123
30.191118,106,2676.899704
68.450669,176,2683.254616
61.525418,176,2689.64968
57.276017,176,2696.095302
65.67995,176,2702.478786
45.189877,176,2708.905061
62.798877,171,2715.170366
24.011903,102,2718.886785
59.056671,176,2725.316023
58.711652,176,2740.902534
36.58135,93,2744.170525
53.786448,176,2750.57935
-0.671295,28,2751.612489
64.002438,176,2758.059994
59.57151,176,2764.416536
59.912552,176,2770.795176
66.181568,176,2777.189222
12.600795,70,2779.738034
57.4199,176,2786.097142
54.993676,176,2792.589441
0.777191,3,2792.705731
52.98607,176,2799.076551
66.024754,176,2805.314965
-2.951225,20,2806.030979
8.916998,22,2806.829926
58.061628,176,2822.479272
56.815464,176,2828.846872
11.396983,35,2830.119722
56.677344,176,2836.487542
0.750216,3,2836.603763
27.511052,69,2839.120835
48.369672,139,2844.183617
15.56632,47,2845.901335
34.685091,151,2851.393752
70.112142,169,2857.510824
60.642053,176,2863.824595
42.931355,135,2868.628898
-4.892625,15,2869.165621
62.062927,176,2875.442787
58.825627,176,2881.790057
64.543918,176,2888.144467
53.278231,176,2894.559501
22.340424,62,2906.102591
58.054144,176,2912.565903
21.965063,91,2915.883825
63.628143,171,2922.099777
61.392042,176,2928.482223
56.910992,176,2934.651431
57.715717,176,2940.989629
59.834942,176,2947.331062
59.596762,176,2953.668227
54.473345,176,2960.056771
58.986861,176,2966.469643
48.114251,170,2972.61318
19.225083,52,2974.529918
56.987181,176,2990.376036
53.716636,176,2996.640284
60.840559,176,3002.97357
60.769018,176,3009.367321
51.576385,127,3013.965771
19.082715,77,3016.79139
32.570268,104,3020.648087
56.167483,176,3027.159973
66.519322,175,3033.629585
62.371277,175,3040.011853
55.591177,176,3046.39454
63.768272,157,3052.047465
60.541088,174,3058.349284
63.34571,176,3073.952758
24.054271,86,3077.045511
28.220918,89,3080.256827
10.143406,29,3081.309701
61.019424,170,3087.46414
17.779787,61,3089.683201
35.058239,93,3093.08742
60.971237,176,3099.447031
-5.407274,11,3099.849547
63.31747,165,3105.789706
30.537852,85,3108.859647
59.821868,176,3115.28601
11.274771,33,3116.499811
8.989373,26,3117.449287
21.640871,68,3119.858865
53.746601,163,3125.681124
64.282065,176,3132.047091
33.552434,88,3135.251238
57.39203,176,3141.685129
39.385483,137,3156.145463
50.949233,176,3162.591346
58.957404,176,3168.9691
61.160644,176,3175.29001
54.718748,176,3181.630657
47.461924,176,3187.779347
58.565185,176,3194.144587
-1.742853,26,3195.09251
53.915965,176,3201.531613
52.778087,176,3207.89392
24.330038,119,3212.215423
-3.044301,17,3212.842947
50.279709,176,3219.197776
57.292089,176,3225.591816
6.237518,16,3226.182859
53.009471,176,3242.082543
56.247955,176,3248.338006
54.687003,176,3254.637909
48.156361,156,3260.276394
57.406882,176,3266.64839
55.52245,176,3273.042683
50.931844,176,3279.397842
8.382874,19,3280.092627
49.32313,176,3286.450088
56.849515,176,3292.78876
25.563316,76,3295.555404
53.8227,176,3301.908603
55.456195,176,3308.259875
52.22882,176,3324.11204
58.310184,176,3330.502656
30.693387,97,3334.060876
59.646218,176,3340.536414
57.22856,176,3346.929481
61.188127,176,3353.320146
54.922628,176,3359.714893
-4.723966,15,3360.283814
56.117263,176,3366.750997
59.697435,176,3372.950389
9.621779,29,3374.012203
60.852028,176,3380.297459
-2.657067,25,3381.211363
62.449941,176,3387.575467
54.013539,176,3393.930597
59.720844,176,3409.873746
49.933976,176,3416.257065
59.327785,174,3422.576942
50.145855,176,3428.927777
68.564425,175,3435.122278
53.986882,176,3441.410997
54.442707,176,3447.733321
54.09328,176,3454.094357
53.134604,176,3460.405943
23.291282,97,3463.904747
51.896539,176,3470.275636
54.937017,176,3476.669551
29.740032,94,3489.691416
20.031237,108,3493.578156
61.936022,176,3499.843224
54.394551,176,3506.195911
61.130218,168,3512.264949
34.295111,118,3516.546709
56.350073,176,3522.898343
57.155923,176,3529.270534
61.12171,176,3535.619841
21.993005,95,3539.030979
59.240215,176,3545.412498
68.814437,158,3551.105234
52.05103,176,3557.317976
61.822336,176,3573.066162
50.802033,176,3579.460433
58.464295,176,3585.780934
58.304537,176,3592.161501
61.801817,166,3598.123866
57.009755,176,3604.501946
22.02369,55,3606.492239
53.651601,176,3612.823009
55.97924,176,3619.088919
51.75023,176,3625.401486
66.713379,172,3631.640095
54.389734,176,3637.942689
51.374095,176,3644.288404
39.858995,126,3658.460945
52.162846,176,3664.893398
57.474013,176,3671.426385
53.73314,176,3677.808628
65.267394,176,3684.01056
56.342619,176,3690.413244
54.55498,176,3696.769083
48.682621,176,3703.141314
51.048171,136,3708.077671
54.657611,176,3714.466162
56.710308,176,3720.77811
54.356772,176,3727.171574
57.57879,176,3743.155128
51.408461,176,3749.489111
55.427833,176,3755.824143
12.701813,29,3756.874933
52.222421,176,3763.31242
55.328051,176,3769.662881
56.8746,176,3775.967207
52.606329,176,3782.350049
56.708683,176,3788.726132
51.815312,176,3795.094622
53.934055,176,3801.437541
49.498719,176,3807.670191
53.270077,176,3823.738625
13.724135,44,3825.396945
52.025867,176,3831.716033
7.20915,17,3832.371327
42.707172,137,3837.344183
14.856884,44,3838.970969
12.977551,29,3840.019596
21.558392,95,3843.475639
19.769604,65,3845.865124
49.726393,176,3852.236184
8.096492,21,3853.003385
46.255148,176,3859.349396
4.490872,14,3859.857253
54.581078,176,3866.146537
53.666283,176,3872.49752
12.05739,27,3873.481049
50.690902,176,3879.887512
59.004288,176,3886.248844
22.961808,89,3889.472543
50.772309,164,3895.410773
56.348432,176,3911.641785
52.146888,176,3918.039838
59.339495,176,3924.325029
52.33506,176,3930.568509
62.284946,176,3936.955028
65.356646,176,3943.25582
56.125279,176,3949.600813
63.049651,174,3955.941523
56.158301,176,3962.350626
58.329942,176,3968.699492
53.823196,176,3975.037596
0.763915,3,3975.15483
55.898848,176,3991.229963
62.988438,166,3997.218107
50.739716,176,4003.60954
59.729652,176,4010.079468
55.878545,176,4016.545755
48.207642,176,4023.063178
52.985143,176,4029.622354
58.33484,176,4036.100132
61.699258,172,4042.44985
54.036947,176,4048.899906
53.385425,176,4055.246212
52.142055,155,4060.824616
54.392071,176,4077.005179
49.626797,176,4083.348017
53.33306,176,4089.647651
60.315999,176,4096.0178
56.173213,176,4102.307045
62.738342,176,4108.571942
53.887464,176,4114.78398
56.439543,176,4120.970415
55.000453,176,4127.376153
53.662598,176,4133.649398
46.334646,176,4139.951158
57.376546,176,4146.216466
56.032557,176,4162.664227
34.025055,138,4167.607435
56.973886,176,4173.912613
61.505838,176,4180.159153
53.802328,176,4186.45666
54.145664,176,4192.771352
55.84887,176,4199.139057
54.380109,176,4205.483162
60.693813,176,4211.815468
-7.57277,6,4212.041929
56.707394,176,4218.338012
56.494268,176,4224.693286
58.524951,176,4231.026161
53.142284,176,4247.182647
59.62557,172,4253.405837
55.52209,176,4259.694853
54.961891,176,4266.123604
6.518448,17,4266.732293
52.831688,176,4273.07755
57.018125,176,4279.39154
62.419884,176,4285.658811
22.139468,97,4289.140608
55.52634,176,4295.50009
56.768983,176,4301.829604
69.166323,162,4307.545756
61.501037,176,4313.834368
54.175655,176,4330.055127
53.486886,176,4336.276197
52.54587,176,4342.558797
6.111917,19,4343.244184
57.38584,176,4349.536201
58.172716,176,4355.809115
50.163799,176,4362.051146
52.46167,176,4368.310455
52.461889,176,4374.506094
24.266719,75,4377.196316
56.022759,176,4383.498602
26.787323,88,4386.641631
47.86342,176,4392.946615
62.385672,166,4408.708681
52.505525,176,4415.070943
6.743028,44,4416.63876
-7.632678,7,4416.893581
54.783805,176,4423.177274
36.059768,136,4428.00664
56.761006,176,4434.278798
53.933615,176,4440.587811
8.863986,40,4442.031155
52.528864,176,4448.380978
63.686133,176,4454.677774
52.538787,176,4460.931521
54.741853,176,4467.29592
42.088481,168,4473.398919
53.628619,176,4479.767268
19.339009,81,4492.579043
24.805854,108,4496.459894
56.336075,176,4502.732807
35.406217,139,4507.726026
47.661656,176,4514.037663
42.653911,169,4520.101403
-8.407738,4,4520.251359
54.46438,176,4526.538203
48.332171,176,4532.832226
15.216487,36,4534.126315
9.997007,62,4536.374253
52.002434,176,4542.719859
41.040216,152,4548.147017
48.438533,176,4554.401237
34.519579,124,4558.845557
54.877367,176,4565.177195
50.736061,176,4581.41072
54.734994,176,4587.711985
53.988455,176,4594.048689
1.397542,34,4595.266691
54.869953,176,4601.566742
51.549097,176,4607.864318
57.060987,176,4614.173456
59.084368,176,4620.432924
53.505129,176,4626.728837
56.784874,176,4633.049982
58.588588,176,4639.309297
56.377543,176,4645.574138
53.291929,176,4661.73249
35.388959,148,4667.030558
51.881449,176,4673.331658
4.964652,43,4674.880014
4.193871,29,4675.959602
59.531263,176,4682.238236
63.923158,176,4688.584449
54.732668,176,4694.898376
50.623689,176,4701.182327
51.979689,176,4707.50593
45.408223,176,4713.845454
60.61541,173,4720.016059
52.736118,176,4726.358106
55.725264,176,4742.482112
61.167232,176,4748.73354
21.992342,95,4752.154269
57.983276,176,4758.486313
63.967399,176,4764.799355
56.992905,176,4771.11542
-2.083709,26,4772.04645
19.068017,90,4775.230229
52.817467,176,4781.646769
70.702823,142,4786.757848
32.432549,85,4789.834513
33.37867,144,4795.000577
57.078159,176,4801.314977
47.055968,176,4807.544519
59.180743,176,4814.011164
55.915246,176,4830.059314
55.427917,176,4836.426504
42.847122,166,4842.376649
65.262151,176,4848.653633
57.431607,176,4854.96636
53.981561,176,4861.250541
12.339592,48,4862.993495
0.34717,29,4864.03566
56.043192,176,4870.311471
1.939935,32,4871.44236
66.905763,158,4877.125364
6.380472,38,4878.49308
60.145208,176,4884.801463
-4.426986,14,4885.309431
58.904767,176,4891.653929
52.769486,176,4897.983617
54.104905,176,4914.17951
54.467015,151,4919.549816
53.192226,176,4925.849685
49.313679,176,4932.092387
52.254894,176,4938.3957
58.772176,176,4944.721334
57.525036,176,4951.134612
60.945337,176,4957.41513
53.335437,176,4963.750055
50.220284,176,4969.999503
55.032864,176,4976.305682
54.059041,176,4992.630359
51.386154,176,4998.961284
65.925152,176,5005.232417
57.720535,176,5011.531363
0.878533,31,5012.665366
53.771865,176,5018.98377
56.358388,176,5025.287854
59.403145,176,5031.623037
55.532072,176,5037.907511
60.93232,166,5043.892783
55.76922,176,5050.096761
57.034069,176,5056.40658
62.516903,171,5062.501281
59.903956,176,5078.892507
68.528142,170,5084.948648
55.97314,127,5089.504837
59.096908,176,5095.781746
62.703382,176,5102.103059
63.529015,174,5108.300069
60.561649,176,5114.548077
62.219677,169,5120.558806
7.696953,34,5121.810536
54.591294,176,5128.106399
37.234231,119,5132.380128
54.254054,176,5138.73821
69.809529,176,5145.028036
58.381629,176,5161.196675
55.35621,176,5167.555625
62.951777,176,5173.802304
71.925168,159,5179.451718
62.459111,171,5185.569194
67.472055,148,5190.865259
69.810043,171,5196.961828
54.309023,176,5203.317922
64.731008,164,5209.157507
-4.119814,16,5209.749978
65.847273,156,5215.350237
63.380676,176,5221.619382
71.140135,171,5227.755226
59.95172,176,5243.769256
66.728664,155,5249.318036
63.291725,162,5255.148683
56.347349,176,5261.488159
64.914159,176,5267.799595
63.979001,176,5274.084317
66.518574,163,5279.920899
62.880896,163,5285.793857
66.914616,176,5292.146321
65.352968,161,5297.846941
62.286524,162,5303.5656
61.928412,176,5309.844695
-7.425643,6,5310.067988
