#{"t_start": 1773425573.899067, "env_id": "continuous-exit-v0"}
r,l,t
-7.979991,5,0.278605
0.311285,2,0.378473
0.326651,2,0.473495
-8.524425,5,0.705607
0.352937,2,0.79084
0.338114,2,0.887513
0.330367,2,0.9741
1.132229,4,1.168999
0.739884,3,1.292482
1.266372,5,1.52117
-8.006594,5,1.74942
3.460346,9,2.174365
0.34744,2,2.269139
-8.07716,5,2.505335
0.714143,3,2.65285
0.33349,2,2.751498
-7.731791,6,3.044433
0.311285,2,3.142871
0.343552,2,3.241154
0.70307,3,3.375782
1.285081,5,3.614372
-6.618258,10,4.109836
0.330043,2,4.22678
1.734125,6,4.551258
3.14625,9,4.994788
1.274024,5,5.265545
1.693761,6,5.607957
1.830839,7,5.957456
0.343082,2,6.042911
0.991969,4,6.223616
1.094315,4,6.409954
0.694923,3,6.544882
0.329204,2,6.638788
-8.227835,5,6.848312
0.334987,2,6.946635
0.330594,2,7.046029
0.339582,2,7.140543
-7.159151,7,7.45383
0.342336,2,7.555812
2.297526,7,7.897041
2.267551,7,8.217502
-7.9932,5,8.45322
0.732084,3,8.5969
1.519011,5,8.833781
-8.630517,4,9.021204
1.863698,7,9.350785
3.075718,9,9.786456
0.332364,2,9.886597
-8.06398,5,10.127959
1.054255,4,10.300603
0.322529,2,10.396414
4.445814,12,10.918926
0.741317,3,11.055053
0.337057,2,11.148502
0.31235,2,11.243705
2.547055,8,11.618947
0.693425,3,11.749808
1.13556,4,11.924049
-8.453276,4,12.105769
-8.48086,4,12.291903
1.015095,4,12.453692
-4.406225,12,12.991933
-6.258351,9,13.404411
1.583867,6,13.676161
1.858528,6,14.004653
0.327305,2,14.118493
-7.985935,5,14.402794
0.7385,3,14.561053
1.491173,5,14.792544
0.327051,2,14.883273
0.333221,2,14.971343
1.959341,6,15.248625
2.185582,7,15.560869
-8.568654,4,15.738319
0.345435,2,15.827113
-8.528858,4,16.007016
-7.400541,7,16.318788
2.237035,7,16.621285
-7.868691,7,16.914265
0.695989,3,17.049247
0.323858,2,17.146861
0.736045,3,17.278666
0.33725,2,17.365246
0.367911,2,17.460556
-7.665858,6,17.715499
1.675429,6,17.980131
-5.394345,12,18.521985
0.31942,2,18.609876
-8.531822,5,18.833401
-7.120782,7,19.136035
1.661496,6,19.384894
0.334069,2,19.473354
0.360685,2,19.561891
1.241109,5,19.775427
-6.85415,7,20.094688
1.541551,6,20.357993
0.340652,2,20.446939
0.311285,2,20.54609
1.085332,4,20.720424
-7.915926,5,20.938945
-8.785996,4,21.11595
1.125359,4,21.284833
4.625552,12,21.809377
5.749427,14,22.424002
-8.486975,5,22.646233
1.831425,6,22.965704
-8.037883,5,23.192856
2.425082,8,23.626645
-5.751987,12,24.219879
0.322452,2,24.312103
-8.543426,4,24.490436
0.311285,2,24.568877
0.328444,2,24.657177
0.711496,3,24.791151
0.329755,2,24.870855
1.937081,6,25.130818
-0.074337,20,25.980177
2.349166,7,26.291824
0.33725,2,26.380588
-7.664018,6,26.625334
-4.219271,14,27.209014
3.691876,11,27.695271
0.318831,2,27.783762
-7.957067,5,28.017102
0.311285,2,28.096714
0.713962,3,28.2097
0.33725,2,28.287928
-7.762751,6,28.557292
2.361938,7,28.879057
0.737696,3,29.001643
0.33725,2,29.090281
0.994554,4,29.260964
1.827543,6,29.518958
-6.979813,7,29.820225
0.33725,2,29.898428
-5.95761,11,30.393769
0.344868,2,30.493355
0.329084,2,30.588334
2.536274,8,30.95801
0.767783,3,31.093854
2.226181,7,31.428262
0.335227,2,31.527945
-5.035243,11,32.133326
2.113401,7,32.468221
-8.064213,5,32.755669
-6.54428,8,33.118793
1.804148,6,33.394523
0.311285,2,33.51055
-7.617788,6,33.843862
-8.417035,4,34.026766
2.461024,8,34.394823
2.765046,9,34.804685
-3.27693,14,35.39605
0.357038,2,35.488841
2.966087,9,35.862471
3.233483,10,36.283772
1.978731,6,36.557614
2.609224,8,36.917121
0.708125,3,37.038651
-8.110424,5,37.241323
0.706905,3,37.380652
-8.508968,4,37.551367
0.363956,2,37.641285
0.33028,2,37.728336
0.690222,3,37.864182
0.672426,3,37.995918
2.853492,8,38.349254
2.745516,8,38.719511
-6.428575,9,39.117809
0.325542,2,39.205639
-6.808715,9,39.580576
0.684879,3,39.701135
0.335131,2,39.795186
-7.561509,6,40.067642
-6.989829,8,40.404799
-8.02668,5,40.637264
0.333853,2,40.736984
0.693434,3,40.905227
0.670193,3,41.069828
5.67247,15,41.759143
-8.482491,4,41.931201
1.525002,5,42.143118
0.36932,2,42.222579
-8.20305,5,42.457412
2.154574,7,42.757646
1.017906,4,42.938957
6.564439,16,43.756562
2.305616,7,44.101143
0.364279,2,44.188381
-7.14114,7,44.513067
2.333476,7,44.798803
2.939052,9,45.207543
0.32493,2,45.29727
-6.601462,7,45.597228
-6.214737,10,46.028513
-8.267695,5,46.233486
-7.696435,6,46.500823
-7.806541,6,46.761558
0.751309,3,46.897617
0.363572,2,46.989738
0.72198,3,47.111925
1.49453,5,47.341858
1.173344,5,47.553658
-7.344901,7,47.87164
-3.213621,20,48.734766
-5.097103,12,49.273064
1.600141,6,49.507073
1.929779,6,49.753208
4.365265,12,50.353087
0.702904,3,50.482178
0.328716,2,50.574708
-8.526623,4,50.750101
-8.581352,4,50.931591
2.099225,7,51.24825
0.679826,3,51.386453
0.357807,2,51.479162
-7.712413,8,51.820013
0.739155,3,51.953128
-7.993948,6,52.219833
1.851358,6,52.483102
0.677375,3,52.622293
2.460441,7,52.925726
-8.116829,5,53.154568
-6.022667,11,53.746102
0.343861,2,53.843221
0.361773,2,53.942623
0.33725,2,54.04213
-5.123774,12,54.572988
-4.701516,12,55.088511
-7.77524,6,55.366183
-7.112173,6,55.64402
4.590786,11,56.116854
-8.752302,4,56.311912
0.311285,2,56.402048
-8.326693,5,56.6418
0.376773,2,56.729012
-8.624248,4,56.903331
-8.151836,5,57.1227
0.33311,2,57.208112
0.32448,2,57.291068
0.690286,3,57.430693
0.325101,2,57.5203
-8.163628,5,57.732846
3.165084,10,58.17212
0.333512,2,58.26226
1.481509,5,58.456802
0.345866,2,58.549816
2.030513,7,58.864006
1.027679,4,59.069251
2.008151,7,59.457432
2.65986,8,59.836295
0.324094,2,59.925459
0.347578,2,60.01806
-8.044716,5,60.244261
-7.46408,6,60.490974
-8.044623,5,60.713918
0.33725,2,60.792512
0.334863,2,60.881537
0.311285,2,60.973373
0.347635,2,61.063708
0.311285,2,61.154412
0.671901,3,61.300825
2.893653,9,61.695073
1.412819,5,61.920772
0.751407,3,62.070405
0.321435,2,62.154708
1.405589,5,62.376693
-8.645404,4,62.541741
0.776756,3,62.680617
1.517328,5,62.913343
0.756059,3,63.036799
4.809177,12,63.641685
0.367563,2,63.729686
2.062722,7,64.065407
-8.30333,5,64.289765
2.167419,7,64.615874
0.322289,2,64.708693
-8.494753,4,64.886367
-7.006323,8,65.261009
4.391146,12,65.819201
0.693586,3,65.952664
0.317689,2,66.056575
1.116623,4,66.234931
2.109464,6,66.510964
2.845664,8,66.878209
0.332263,2,66.975888
0.311285,2,67.061489
2.536908,7,67.392811
0.333428,2,67.486766
0.70825,3,67.622856
2.503738,7,67.968486
2.080275,7,68.373018
5.975384,16,69.121247
0.311285,2,69.220382
2.2562,7,69.540666
-6.565251,8,69.929888
0.768244,3,70.064329
0.322446,2,70.162651
-5.283086,13,70.788866
0.329676,2,70.878496
1.030002,4,71.054674
0.349445,2,71.14255
0.701224,3,71.279023
3.299006,11,71.756908
-7.68942,7,72.057292
1.008982,4,72.249063
-7.726926,6,72.543134
-5.603615,11,73.025944
-7.731914,6,73.368032
-7.319911,7,73.717553
0.681522,3,73.868516
-8.189543,5,74.094609
0.31237,2,74.186404
0.730953,3,74.30835
-8.417151,4,74.500939
0.367215,2,74.596307
0.744896,3,74.7403
-7.797593,6,75.003504
2.679889,7,75.298014
-5.602087,11,75.791885
1.800047,6,76.046751
0.371429,2,76.140556
1.462412,5,76.36414
1.071243,4,76.53384
-7.740354,6,76.794402
0.311285,2,76.894181
-7.972891,5,77.170685
-6.638864,9,77.614261
-7.989232,5,77.83668
-8.155855,5,78.067749
0.998302,4,78.229962
3.343655,10,78.680253
2.221505,7,79.012677
1.716484,6,79.291415
5.066772,17,80.01738
0.311285,2,80.095166
1.323695,5,80.324418
-6.398197,8,80.662614
0.311285,2,80.739681
0.320683,2,80.817385
1.677931,6,81.076361
0.353432,2,81.16476
1.315997,5,81.386431
-8.404066,5,81.608172
0.327711,2,81.694787
5.336264,13,82.251882
0.72382,3,82.374964
0.313078,2,82.464216
1.02147,4,82.642552
2.246835,7,82.967416
-7.624259,6,83.302846
-3.304814,15,83.973165
1.455919,5,84.175158
-2.174569,18,84.945991
1.478481,5,85.146248
-5.291275,13,85.726902
0.766516,3,85.908426
-7.058201,7,86.264798
5.319002,14,86.845004
0.744735,3,86.978128
-7.45768,6,87.246454
0.362488,2,87.333265
0.37903,2,87.423813
0.741628,3,87.556995
1.408827,5,87.778359
0.326037,2,87.865088
2.203674,7,88.159766
-5.931373,10,88.56673
-7.394077,6,88.828858
-7.886572,5,89.030674
2.566385,8,89.398613
-8.324492,5,89.644417
0.33725,2,89.73161
1.350263,5,89.945109
0.322923,2,90.03346
-8.606058,4,90.19247
-6.01095,11,90.663011
0.329976,2,90.750398
-6.622195,9,91.144026
0.33725,2,91.233357
2.577218,8,91.551775
-6.148809,8,91.888972
-8.498611,4,92.068157
0.334131,2,92.157246
1.360896,5,92.372779
2.489175,7,92.725552
4.121964,10,93.241632
2.499978,8,98.112838
0.336248,2,98.201494
1.156446,4,98.380017
2.251587,7,98.663556
0.389358,2,98.756068
-5.49561,10,99.204472
0.367363,2,99.296248
0.317246,2,99.385781
0.740071,3,99.507439
1.883274,6,99.777917
0.344989,2,99.865577
0.312579,2,99.95224
4.733157,13,100.524685
3.226384,11,101.014706
1.092017,4,101.19732
1.736463,6,101.445193
1.895336,6,101.702226
0.768587,3,101.840472
1.590709,5,102.055205
1.141711,4,102.216043
1.391731,5,102.509211
0.324358,2,102.624007
0.371117,2,102.719487
0.321417,2,102.804439
0.367757,2,102.901289
0.354941,2,102.997325
-2.770041,17,103.803369
1.366763,5,104.093587
0.335755,2,104.20963
0.683837,3,104.34801
1.340792,5,104.580027
-5.16702,12,105.0883
-7.782569,5,105.311882
2.300511,7,105.606434
0.320935,2,105.693402
1.182836,5,105.893434
0.311909,2,105.982649
1.940198,6,106.239185
0.353439,2,106.327069
1.164218,4,106.484567
0.720038,3,106.620805
1.059576,4,106.797317
-8.49062,4,106.963832
0.311285,2,107.042208
-7.524041,7,107.355796
1.020054,4,107.533309
0.674653,3,107.668115
0.741251,3,107.80274
0.78469,3,107.936509
1.10663,4,108.096262
1.389355,5,108.311677
-8.251969,5,108.52314
0.33725,2,108.610115
0.36801,2,108.68958
0.329698,2,108.776887
0.317402,2,108.867487
2.282172,8,109.19483
1.173624,5,109.405219
1.567483,5,109.61904
1.345401,5,109.838648
0.327037,2,109.924883
-8.600531,4,110.116898
0.746347,3,110.257063
1.157517,5,110.518651
0.343948,2,110.615471
-2.543427,18,111.389607
0.325319,2,111.478332
1.290946,5,111.679221
1.840826,6,111.94625
1.459007,5,112.266087
-5.956773,12,112.805914
2.254943,7,113.170654
1.00298,4,113.343537
1.246561,5,113.565162
1.265142,5,113.794081
0.33725,2,113.870102
-4.582962,13,114.428753
0.378156,2,114.516546
0.35568,2,114.605327
0.318145,2,114.695819
2.043499,7,115.000373
1.124286,4,115.167662
0.704146,3,115.30006
2.773649,9,115.700839
0.328853,2,115.7885
0.327208,2,115.876927
1.375812,5,116.089365
1.870023,6,116.334208
-8.588934,4,116.50169
0.33725,2,116.581433
-8.568014,4,116.75962
0.696186,3,116.881382
1.097205,4,117.05024
0.31704,2,117.127666
0.335396,2,117.216036
2.416018,8,117.566538
3.391563,11,118.029588
1.453712,5,118.254515
0.311285,2,118.342134
-7.437181,7,118.65571
3.779699,10,119.083421
1.390631,5,119.306204
-7.255883,7,119.608049
0.357535,2,119.69622
1.565842,5,119.907775
0.366854,2,119.994366
0.364153,2,120.08454
0.31759,2,120.161745
1.695991,6,120.408918
0.336867,2,120.497193
1.46519,5,120.710955
3.25078,10,121.115913
0.322226,2,121.201414
0.317873,2,121.291695
0.311285,2,121.37175
2.2622,7,121.744112
0.318092,2,121.859766
0.325918,2,121.962013
0.376541,2,122.073313
2.378882,7,122.408675
0.313464,2,122.502242
1.730078,6,122.749801
0.33725,2,122.838777
1.048955,4,123.0163
-5.992033,11,123.498823
-7.10882,7,123.793617
2.45384,8,124.148418
0.33725,2,124.226912
-7.972344,5,124.455248
0.355313,2,124.54872
1.041845,4,124.728004
0.379228,2,124.818215
3.140223,9,125.193236
2.629423,8,125.53036
0.354408,2,125.620142
0.33725,2,125.708507
2.783403,9,126.099186
2.230021,7,126.435078
1.078287,4,126.627248
0.359973,2,126.726459
1.056819,4,126.906792
1.139615,4,127.074203
0.717395,3,127.213857
3.990581,12,127.717055
-6.951501,8,128.077192
0.725482,3,128.198407
2.392683,8,128.547236
0.366521,2,128.636635
-8.639722,4,128.814341
2.075284,7,129.119761
0.745927,3,129.252972
1.510947,5,129.479533
0.32535,2,129.568472
0.348787,2,129.656916
-7.18114,7,129.957648
2.956119,9,130.369082
0.33725,2,130.48309
0.312068,2,130.60985
0.732028,3,130.783499
0.324963,2,130.875793
0.715257,3,131.017068
2.720453,8,131.372359
0.311285,2,131.470896
0.359001,2,131.587862
0.345173,2,131.720382
0.695752,3,131.880763
1.770619,6,132.201995
2.968396,8,132.569551
0.349133,2,132.667231
1.852279,6,132.935556
0.336986,2,133.013068
0.708606,3,133.135167
-7.332799,7,133.461826
0.718827,3,133.587315
0.311285,2,133.676214
1.319182,5,133.899055
0.335773,2,133.977897
0.345881,2,134.069353
0.32493,2,134.158863
0.363462,2,134.237043
0.314226,2,134.324775
-8.202731,6,134.598488
2.551094,8,134.921562
0.954893,5,135.134198
-3.215212,17,135.863757
-7.513527,7,136.159482
0.311285,2,136.249176
1.091472,5,136.472883
0.708826,3,136.594848
1.037891,4,136.774924
2.271365,7,137.065663
0.339402,2,137.154158
1.121482,4,137.311443
1.014886,4,137.480261
4.112902,12,138.00815
0.356079,2,138.098712
0.694117,3,138.219152
0.737265,3,138.333291
0.328063,2,138.42075
2.970402,8,138.777529
0.37841,2,138.856464
3.982166,11,139.339085
-7.569639,6,139.604801
1.666402,6,139.941417
0.33725,2,140.056741
2.778517,10,140.492277
1.366104,5,140.707515
0.721031,3,140.839728
-8.634922,4,141.006239
1.086115,4,141.174409
0.33725,2,141.288929
0.338039,2,141.406253
-8.25133,4,141.633702
0.702093,3,141.775632
0.325743,2,141.873895
-6.854161,8,142.22406
1.117093,4,142.380799
1.424405,5,142.599985
-6.726456,8,142.95906
-7.344415,7,143.26854
0.325467,2,143.35824
2.664041,8,143.706347
-7.861389,5,143.919128
0.320464,2,144.007471
0.334632,2,144.096572
4.444194,14,144.683637
1.491505,5,144.887695
1.142007,4,145.065151
1.002387,4,145.246031
2.156956,7,145.55104
0.313122,2,145.638488
0.682804,3,145.774236
0.331659,2,145.863081
3.053285,10,146.29979
0.33725,2,146.390744
1.424876,5,146.604718
0.719242,3,146.736443
0.343863,2,146.825027
-7.960867,5,147.037937
3.91488,11,147.525236
1.904392,6,147.78402
-6.542843,8,148.121925
0.738176,3,148.254652
0.689181,3,148.389952
0.326418,2,148.479553
1.312219,5,148.702081
1.548863,5,148.965792
0.324198,2,149.079501
2.825694,8,149.481911
3.978859,10,149.91903
0.362456,2,150.007457
1.109294,5,150.225625
-4.376547,14,150.852827
2.412799,9,151.318016
3.333543,10,151.779387
-8.604642,4,151.957852
1.456096,5,152.178952
-8.418338,4,152.346804
2.60046,7,152.64623
0.372747,2,152.733819
9.485841,23,153.71639
1.732204,6,153.975523
0.351891,2,154.063184
4.812154,13,154.602536
1.440863,5,154.804499
0.329034,2,154.893734
1.026163,4,155.049823
0.337799,2,155.137799
1.451621,5,155.362973
2.059677,6,155.608921
1.104829,4,155.776762
-8.589333,5,156.001113
2.997186,8,156.355469
0.323399,2,156.441835
0.369182,2,156.529506
0.33725,2,156.618614
1.890995,6,156.887861
8.215455,24,158.063354
2.229131,7,158.389726
-7.579146,6,158.650906
0.332377,2,158.739369
2.521108,8,159.102494
3.971146,13,159.676455
0.333754,2,159.7631
1.409596,5,159.993107
0.700604,3,160.117433
0.328294,2,160.198846
0.327735,2,160.279141
0.746617,4,160.431226
2.942751,9,160.963337
0.335645,2,161.058806
1.030765,4,161.249304
1.827934,6,161.522248
0.755533,3,161.644867
0.73782,3,161.777615
0.324242,2,161.866523
0.739663,3,162.000024
0.333604,2,162.091928
-8.615547,4,162.27126
-8.404578,4,162.440448
0.333435,2,162.529701
0.707482,3,162.663576
0.991362,4,162.819145
0.35599,2,162.909195
0.31893,2,162.998257
4.049451,11,163.479798
1.669885,6,163.73192
0.680221,3,163.854666
-7.661563,6,164.112739
1.785338,6,164.384144
0.359483,2,164.463048
0.33725,2,164.553476
1.060176,4,164.732452
3.615691,10,165.165644
0.344707,2,165.253425
2.550293,8,165.60001
0.728891,3,165.724568
0.370062,2,165.815683
2.017321,6,166.084382
0.37918,2,166.164014
1.321144,5,166.376518
3.723258,11,166.960783
0.68859,3,167.107635
1.774844,6,167.372856
0.330715,2,167.461699
-2.911729,16,168.168388
0.358396,2,168.25778
1.410966,5,168.463879
2.791965,8,168.804453
0.367237,2,168.893854
5.36002,13,169.447747
0.36492,2,169.53712
0.743581,3,169.672816
0.321687,2,169.760641
1.029774,4,169.940669
2.199216,7,170.239896
0.725321,3,170.41169
2.609912,8,170.819459
0.317542,2,170.904398
0.328959,2,171.00069
2.338135,7,171.310302
0.337677,2,171.399558
1.292351,5,171.62297
-8.606271,4,171.79918
0.33725,2,171.88589
-4.559107,15,172.540911
0.732065,3,172.677198
0.33725,2,172.7654
2.346544,7,173.052266
-6.406319,8,173.382978
1.168004,5,173.599962
-7.190987,8,173.943887
-7.115101,7,174.256039
0.327528,2,174.346016
0.73446,3,174.480933
0.34331,2,174.57109
0.380408,2,174.659328
0.335161,2,174.749132
4.690535,11,175.221691
1.170163,5,175.462642
-8.531846,4,175.6958
0.372479,2,175.808321
2.004758,6,176.100288
2.688232,8,176.451835
0.320871,2,176.540359
2.60276,8,176.860667
-7.894821,5,177.086211
-5.806884,11,177.539227
0.355599,2,177.628559
0.716921,3,177.76468
1.774265,6,178.015368
0.311285,2,178.104193
1.806809,6,178.40141
0.311285,2,178.50335
2.236159,7,178.814797
1.756712,6,179.075588
2.935119,8,179.415126
2.524086,7,179.713926
-7.433448,6,179.972883
0.359219,2,180.062083
0.311285,2,180.172707
1.477622,5,180.460809
-7.351916,6,180.749688
0.752149,3,180.892737
0.33725,2,180.983031
0.331492,2,181.075047
0.359894,2,181.163178
4.88198,11,181.630153
1.74017,6,181.901402
1.119618,4,182.081329
0.695806,3,182.206149
0.388207,2,182.294778
2.055944,6,182.573132
1.110098,4,182.752623
2.146271,7,183.044217
-8.404891,4,183.2243
4.062189,13,183.79387
0.335192,2,183.884382
0.313893,2,183.972057
0.38119,2,184.060424
0.360213,2,184.148764
0.343226,2,184.23792
-6.423143,9,184.698243
0.333819,2,184.817219
0.336179,2,184.912142
-8.070232,5,185.146156
0.757586,3,185.282582
0.316187,2,185.376277
0.33725,2,185.463972
2.411567,8,185.815371
1.115659,4,185.981143
-6.409042,8,186.342162
2.197767,7,186.656553
0.32222,2,186.750526
-5.908649,9,187.151334
2.424592,8,187.496566
1.784489,6,187.761916
1.707242,6,188.050767
-6.674296,8,188.396034
1.247964,5,188.615835
-8.523371,5,188.85012
3.483608,9,189.266678
1.500798,6,194.07154
0.381185,2,194.166997
1.441587,5,194.385233
0.74451,3,194.518672
1.623858,6,194.792537
0.354842,2,194.890393
0.320341,2,194.987997
0.339773,2,195.082492
1.806107,6,195.339635
2.431151,7,195.669126
0.318176,2,195.758234
0.334053,2,195.845828
0.751091,3,195.967894
0.695871,3,196.091529
0.753065,3,196.22649
0.322801,2,196.320158
-8.267766,5,196.544353
1.870945,6,196.835244
0.323512,2,196.923317
0.311285,2,197.020521
1.049796,4,197.202005
0.33725,2,197.299844
2.661108,8,197.653827
1.236791,5,197.871161
0.357529,2,197.96448
1.075213,4,198.14943
0.340786,2,198.245436
-7.680744,6,198.503249
2.8646,8,198.857125
1.136849,5,199.072116
1.454077,5,199.304076
3.435557,10,199.780243
1.948933,6,200.12243
1.076332,4,200.324975
1.059471,5,200.544028
0.731165,3,200.685396
1.779161,6,200.947872
0.325832,2,201.036399
0.348616,2,201.115649
0.731636,3,201.248427
0.742209,3,201.376241
0.738234,3,201.508663
-8.330283,5,201.730979
1.059838,4,201.911559
1.068487,4,202.092571
0.325329,2,202.17897
1.791363,6,202.438823
0.384,2,202.535537
0.335629,2,202.632882
0.366644,2,202.737563
0.325668,2,202.856594
2.520867,8,203.228194
1.748348,6,203.468273
0.353966,2,203.555616
0.320614,2,203.64447
0.36028,2,203.732877
0.377019,2,203.820928
1.943166,6,204.090441
0.311285,2,204.178595
0.770009,4,204.352737
3.437104,11,204.826101
0.339379,2,204.913339
3.392731,10,205.336123
3.053359,9,205.726982
-7.132143,7,206.036365
0.813323,4,206.213053
2.436155,8,206.558373
0.311285,2,206.645295
3.542442,10,207.113767
0.317071,2,207.190778
0.693201,3,207.329683
0.363294,2,207.420141
2.418129,8,207.775957
0.703647,3,207.90992
4.92607,13,208.479426
4.058437,12,209.011825
0.72067,3,209.14629
0.72293,4,209.322894
1.206379,5,209.53885
0.350917,2,209.651738
-7.912273,5,209.946387
1.088955,4,210.127285
1.087893,4,210.320018
6.042171,14,210.930898
1.86101,6,211.195759
0.697988,3,211.410835
-6.730083,9,211.867483
0.315612,2,211.959348
0.692668,3,212.096006
1.491287,5,212.316753
-7.499396,6,212.588106
-8.520976,4,212.767195
1.880354,6,213.032711
1.053618,4,213.208323
1.87892,6,213.475284
0.311285,2,213.565376
0.348715,2,213.654238
1.740589,6,213.922877
0.33725,2,214.009461
2.422654,8,214.359478
1.03735,4,214.534812
1.696485,6,214.802577
-8.357491,5,215.00243
5.267595,17,215.712811
0.326225,2,215.790855
0.314404,2,215.881195
1.087893,5,216.102856
0.33725,2,216.192455
1.135116,4,216.368703
0.715928,3,216.504019
0.354844,2,216.592443
0.36716,2,216.680946
0.359386,2,216.767614
0.364821,2,216.860495
-8.049668,5,217.084353
-7.466681,6,217.343232
0.313944,2,217.426993
0.311285,2,217.508556
0.32504,2,217.587046
2.776582,8,217.94754
0.329021,2,218.036121
0.319138,2,218.125908
0.376166,2,218.21483
2.076701,7,218.508291
0.311285,2,218.586042
1.082007,5,218.811452
0.321883,2,218.899505
0.736714,3,219.033188
0.718488,3,219.167676
0.696202,3,219.335009
0.679213,3,219.506573
2.536564,8,219.905789
-8.541531,4,220.102111
1.365425,5,220.391249
2.363105,7,220.737158
0.311285,2,220.817454
3.423495,9,221.22333
-7.604165,6,221.460609
0.736136,3,221.583588
0.322886,2,221.672027
0.358942,2,221.765601
1.148923,5,222.000803
0.370841,2,222.088482
0.365752,2,222.177814
1.491593,5,222.405838
0.336825,2,222.49329
0.729281,3,222.641101
0.339054,2,222.730956
0.317923,2,222.810697
2.193845,7,223.094919
-7.180462,7,223.400495
1.602115,6,223.667302
0.313815,2,223.756413
1.332814,6,224.014845
0.329416,2,224.103505
1.073552,4,224.277223
-4.462223,15,224.933775
1.409549,5,225.172657
0.341312,2,225.260302
5.307118,14,225.893296
0.340212,2,225.987325
0.356085,2,226.080871
0.324901,2,226.181597
-8.689512,4,226.360256
0.701004,3,226.49399
0.327206,2,226.582784
3.579389,10,227.025688
-8.453838,5,227.235382
1.387798,5,227.457893
1.760831,6,227.702591
0.374624,2,227.791729
0.33725,2,227.882587
0.738588,3,228.013957
2.897399,9,228.393808
1.662893,6,228.655428
3.483398,10,229.184643
0.374776,2,229.296629
0.363563,2,229.414052
1.462479,5,229.703812
0.363082,2,229.789887
0.33725,2,229.883705
0.322751,2,229.979297
0.731355,3,230.117389
0.33732,2,230.196645
0.359202,2,230.276051
1.891252,6,230.550416
-5.627668,10,230.990942
0.33725,2,231.079554
0.328982,2,231.16678
1.097592,4,231.346497
0.328034,2,231.436847
1.38229,5,231.65835
0.335291,2,231.745992
0.311285,2,231.835699
1.510696,5,232.059699
0.319097,2,232.146986
3.560654,11,232.594534
0.344008,2,232.684615
3.92117,11,233.172107
-8.044209,5,233.420835
2.048369,7,233.75664
0.356063,2,233.856917
1.11517,4,234.025821
0.722086,3,234.160533
3.454929,10,234.6037
0.350879,2,234.692512
0.355688,2,234.771326
0.323505,2,234.859394
0.993955,4,235.037087
1.950774,6,235.283663
-8.052817,5,235.507823
0.656257,3,235.640007
1.398602,5,235.862463
5.568988,16,236.554033
0.37678,2,236.642521
0.346147,2,236.742517
2.88585,9,237.153889
-7.895729,5,237.365057
1.42382,5,237.587107
0.751153,4,237.768137
0.358935,2,237.857005
0.3708,2,237.944267
0.74777,3,238.078346
0.35733,2,238.169968
0.331509,2,238.26555
0.334295,2,238.373907
2.143853,7,238.78676
0.761433,3,238.960977
2.355183,8,239.388083
0.705871,3,239.51902
1.155233,4,239.703811
0.334953,2,239.792422
1.408995,5,240.013582
2.135162,7,240.315552
0.359692,2,240.393954
2.532469,8,240.727439
2.742979,8,241.083428
2.179293,7,241.374405
0.342293,2,241.463183
0.360617,2,241.54589
0.75608,3,241.68324
0.36453,2,241.773776
0.352278,2,241.861526
0.336448,2,241.950196
3.176496,10,242.379135
0.311285,2,242.456403
2.827389,9,242.839296
-7.990246,5,243.060566
0.351178,2,243.14908
0.752639,3,243.270863
-7.051064,7,243.58377
0.329613,2,243.670884
1.109517,4,243.859474
0.312441,2,243.948253
-7.041152,7,244.275889
0.311285,2,244.363798
0.324801,2,244.444044
1.731694,6,244.715634
2.804146,8,245.063119
0.33725,2,245.157562
0.384084,2,245.244909
4.209036,12,245.790689
0.364474,2,245.88724
1.137166,4,246.080258
1.057845,4,246.266695
1.615477,6,246.524452
0.778238,3,246.656961
0.33725,2,246.735784
1.221767,5,246.950816
0.33725,2,247.027489
6.820804,17,247.799816
0.371797,2,247.915198
0.714409,3,248.046218
0.333593,2,248.138743
2.207934,7,248.45409
0.348806,2,248.54977
0.352102,2,248.665617
2.398098,7,249.068869
0.327336,2,249.165781
1.377679,5,249.403529
0.332507,2,249.493782
0.706912,3,249.613686
0.311674,2,249.703457
-6.730369,8,250.066845
-7.544382,6,250.334204
2.620227,8,250.681258
0.320639,2,250.769688
0.327383,2,250.850681
0.33725,2,250.941136
0.349712,2,251.030375
0.33725,2,251.119537
3.921948,9,251.502543
0.728914,3,251.637728
1.713183,6,251.905418
0.356273,2,251.99254
1.078299,4,252.162392
0.364027,2,252.25164
0.322037,2,252.328914
-7.551473,7,252.622409
1.049987,5,252.846203
0.316633,2,252.940161
0.705386,3,253.081697
1.379976,5,253.309474
1.329204,5,253.548854
0.359387,2,253.637457
1.292926,5,253.853682
0.727235,3,253.984243
0.321417,2,254.075996
0.761646,3,254.198813
1.767169,6,254.466456
-7.51663,7,254.769737
-7.284716,8,255.109622
0.336842,2,255.197109
0.33725,2,255.285411
1.578549,6,255.540327
0.375328,2,255.630301
2.500038,8,255.987201
1.14599,4,256.170686
0.33725,2,256.261987
0.328045,2,256.353782
1.060745,4,256.536291
1.107999,4,256.709531
2.744284,8,257.181407
1.070925,4,257.381117
0.315019,2,257.473475
1.870602,6,257.746282
1.656173,6,258.017589
0.33725,2,258.107025
0.314705,2,258.19726
1.665173,6,258.514436
2.877053,8,258.938484
4.961418,13,259.500469
2.010086,8,259.853826
1.071047,5,260.070278
5.800092,15,260.742313
0.682427,3,260.863213
1.479122,5,261.077253
1.817374,6,261.337804
1.379999,5,261.566429
0.334708,2,261.65586
0.316362,2,261.743098
0.323909,2,261.836846
0.335431,2,261.933058
0.730724,3,262.101775
0.311285,2,262.211514
0.681799,3,262.358259
0.340801,2,262.458543
2.172467,7,262.769413
0.332385,2,262.857924
0.356956,2,262.948999
0.3213,2,263.045922
1.087542,5,263.281895
2.072702,7,263.595078
-8.10257,5,263.816594
0.33725,2,263.894566
0.339996,2,263.983541
1.758764,7,264.308301
0.33725,2,264.398038
2.594641,8,264.753031
1.035734,5,264.986669
2.194274,7,265.321908
0.357222,2,265.414427
0.732551,3,265.539823
0.340063,2,265.636353
0.325137,2,265.725066
1.754345,6,266.019109
-6.676981,8,266.462368
0.363541,2,266.558668
0.705833,3,266.689731
0.369778,2,266.782961
3.723257,11,267.302378
0.327551,2,267.397318
0.311285,2,267.490741
-8.045476,5,267.71711
0.712749,3,267.849066
2.960878,9,268.300115
0.337915,2,268.425642
0.328716,2,268.528641
0.741427,3,268.674888
1.030584,4,268.863504
1.06672,4,269.041757
1.924363,6,269.308578
1.14286,4,269.497828
0.322807,2,269.576308
0.317619,2,269.668573
1.345337,5,269.89137
0.311285,2,269.974091
0.344308,2,270.066113
2.098827,7,270.37827
0.349174,2,270.470712
1.062659,4,270.650737
0.357569,2,270.730239
0.336664,2,270.821921
1.16654,5,271.039182
0.351816,2,271.141592
0.385717,2,271.239869
-8.2384,5,271.468258
1.068662,4,271.644157
2.517541,8,272.014585
0.734447,3,272.147945
1.284085,5,272.358366
0.322675,2,272.437447
3.11117,9,272.822891
1.038915,4,273.000958
0.317644,2,273.090472
0.33725,2,273.192634
0.663153,3,273.345834
0.327166,2,273.43638
0.690917,3,273.588147
0.31787,2,273.694808
-7.955813,5,273.954071
0.692418,3,274.112947
1.390951,5,274.360478
2.144414,7,274.662441
0.380879,2,274.745078
0.687363,3,274.890311
0.33544,2,274.978323
0.358949,2,275.062342
0.31955,2,275.182168
0.311285,2,275.307155
1.017336,4,275.522237
0.311285,2,275.614217
1.349337,5,275.835001
0.332166,2,275.923981
0.371123,2,276.021447
0.329298,2,276.118028
0.336754,2,276.20232
4.168111,12,276.742299
0.356572,2,276.82069
0.708554,3,276.956181
1.4952,5,277.184287
1.040652,4,277.375464
2.159135,7,277.715626
-7.597974,6,278.019511
0.738707,3,278.198075
0.311428,2,278.317158
1.039365,4,278.526548
1.077664,5,278.768296
0.367636,2,278.869131
1.47426,6,279.136043
0.311285,2,279.230569
0.33725,2,279.325874
0.740491,3,279.469189
0.344645,2,279.568112
0.714612,3,279.708031
4.033456,11,280.221538
2.640409,8,280.576457
0.343469,2,280.675274
-6.464868,8,281.066738
0.361017,2,281.169343
0.33725,2,281.252885
0.747831,3,281.391764
1.142064,4,281.57944
-6.791544,9,281.992471
1.354647,5,282.222198
1.821049,6,282.482611
0.323979,2,282.572118
1.555702,5,282.795731
-6.664454,8,283.174794
0.33725,2,283.262156
1.044865,4,283.43682
0.352006,2,283.538813
1.089765,4,283.726367
0.363189,2,283.814355
1.452263,5,284.06391
1.12436,4,284.314443
0.700046,3,284.494648
1.118513,4,284.669025
0.375264,2,284.762179
2.004942,6,285.037944
1.123618,4,285.204083
3.74652,12,285.739424
0.330719,2,285.826869
0.362978,2,285.915842
0.323432,2,286.004778
0.33725,2,286.092053
1.895153,6,286.349614
0.3816,2,286.435838
0.689678,3,286.569494
1.483988,5,286.782541
1.44427,5,286.994359
1.661524,6,287.250892
1.826957,6,291.969156
0.323695,2,292.055509
1.407537,5,292.277771
0.715479,3,292.410146
0.784391,3,292.540115
0.330622,2,292.629897
2.685286,8,293.07521
0.320943,2,293.167037
2.210588,7,293.480402
2.655359,8,293.837048
0.342934,2,293.925684
1.205633,5,294.153048
0.33725,2,294.230922
-8.22279,5,294.463637
0.353463,2,294.556715
0.360999,2,294.646604
0.358297,2,294.734311
0.33725,2,294.826602
2.186368,7,295.147288
1.088454,5,295.369391
1.384002,5,295.601201
1.070945,4,295.778765
2.137447,7,296.089616
0.321304,2,296.177471
0.367215,2,296.264741
0.355195,2,296.342826
4.255246,12,296.866396
1.436602,5,297.077763
2.314338,7,297.395076
0.37119,2,297.48396
1.794613,6,297.826949
0.324517,2,297.941912
1.056994,4,298.118928
0.704333,3,298.260181
0.334645,2,298.351047
1.038646,4,298.533307
4.066738,12,299.05536
1.333733,5,299.264881
5.300585,16,299.969179
0.367941,2,300.057238
-8.330304,5,300.27913
0.346988,2,300.367041
0.32234,2,300.456744
1.141523,4,300.634581
1.148895,4,300.813331
0.317736,2,300.90099
0.319951,2,300.990113
1.126613,4,301.164071
1.101028,4,301.355483
0.322366,2,301.46945
0.349656,2,301.586626
0.33725,2,301.703443
-6.994506,7,302.047349
1.387954,6,302.323312
0.360643,2,302.411904
1.12185,4,302.586162
0.337628,2,302.66447
0.311285,2,302.753415
0.326074,2,302.841702
0.758296,3,302.975553
0.387401,2,303.063683
1.066358,4,303.241699
0.350953,2,303.319347
0.341201,2,303.398394
0.791053,3,303.530598
0.354217,2,303.618148
0.373019,2,303.709244
0.706014,3,303.843238
0.722214,3,303.975163
0.344534,2,304.062583
0.705251,3,304.196016
2.393311,8,304.552375
0.727739,3,304.677075
1.516723,5,304.890044
0.352858,2,304.977844
1.141158,4,305.152062
2.234983,8,305.508885
3.284195,9,305.899926
0.379355,2,305.988802
0.335961,2,306.076818
0.327603,2,306.166269
0.33725,2,306.253989
2.41545,7,306.563783
0.745145,3,306.686425
0.738165,3,306.81898
1.687858,6,307.079589
1.078504,4,307.255453
0.311285,2,307.347448
0.363014,2,307.424998
1.043301,4,307.582824
0.327909,2,307.661148
1.488267,5,307.941045
0.3312,2,308.085088
0.692972,3,308.215698
0.324673,2,308.310999
0.33725,2,308.407632
1.005674,4,308.599042
0.341622,2,308.688131
0.367644,2,308.77493
0.363852,2,308.865922
1.221227,5,309.078357
1.865722,6,309.356773
1.381403,5,309.580085
1.770988,6,309.841677
1.855422,6,310.088165
0.353319,2,310.165068
0.728702,3,310.29733
1.040144,4,310.478327
1.303084,5,310.738444
4.494407,12,311.333446
0.311285,2,311.425524
0.367066,2,311.520539
0.327461,2,311.621202
0.362115,2,311.716409
0.735066,3,311.851833
0.884918,4,312.038665
0.343549,2,312.136426
2.563427,8,312.501018
0.31654,2,312.588706
-7.666551,6,312.850313
-5.594921,12,313.38106
0.33389,2,313.474043
0.358375,2,313.564594
0.366217,2,313.652715
2.364397,7,313.952367
0.74725,3,314.086278
1.907627,6,314.344669
0.324716,2,314.441709
2.250392,7,314.74687
0.316099,2,314.836307
0.376299,2,314.932796
2.424613,8,315.281703
0.359856,2,315.371799
0.311285,2,315.462478
2.535879,8,315.844194
3.214894,9,316.220445
0.715035,3,316.352549
0.31539,2,316.441167
3.053699,9,316.823041
0.379915,2,316.911001
0.386263,2,317.001913
0.33725,2,317.091632
0.326696,2,317.170948
0.332883,2,317.259368
-8.458477,4,317.436692
0.33725,2,317.524386
1.390881,5,317.819191
1.543279,6,318.130563
1.755863,6,318.412109
2.229684,7,318.730976
0.746356,3,318.865155
0.33725,2,318.95551
0.325189,2,319.044439
1.79598,6,319.300231
0.729779,3,319.432109
0.328283,2,319.521099
3.426639,12,320.186595
0.330769,2,320.277961
2.170949,7,320.597361
2.395447,7,320.903609
2.552778,8,321.243065
0.685835,3,321.381667
0.311285,2,321.470437
0.320495,2,321.559378
0.387932,2,321.647607
4.109248,11,322.118813
1.858016,6,322.375726
0.350192,2,322.45302
0.740323,4,322.633943
0.336107,2,322.721594
0.34029,2,322.810476
2.745309,8,323.165233
0.342178,2,323.252807
6.476211,17,323.970564
0.315846,2,324.058601
1.011379,4,324.236119
1.466695,5,324.458515
3.051901,9,324.83701
1.166783,4,325.013401
0.34762,2,325.100632
0.324298,2,325.189125
0.358548,2,325.277101
0.344339,2,325.366085
0.33725,2,325.455648
0.365251,2,325.545652
0.316886,2,325.632965
0.334601,2,325.721085
2.564633,8,326.072946
0.338484,2,326.161525
1.420759,5,326.383142
0.336837,2,326.471229
0.311285,2,326.558421
1.55208,5,326.782112
0.335314,2,326.870254
1.999849,6,327.135839
2.309017,7,327.4759
2.240553,7,327.873933
0.705323,3,328.02425
0.730762,3,328.15574
0.380737,2,328.257688
0.736657,4,328.414709
0.321893,2,328.502927
1.768885,6,328.756085
0.368596,2,328.845453
1.079578,5,329.112378
4.867597,15,329.83023
0.3275,2,329.907214
0.33725,2,330.006943
0.311285,2,330.101596
1.539084,5,330.337614
0.314943,2,330.425331
0.311285,2,330.515074
0.324967,2,330.603862
0.384695,2,330.693046
1.045607,4,330.883487
0.328046,2,330.97292
0.712744,3,331.108124
0.33725,2,331.203197
1.387991,5,331.447788
0.708187,3,331.589801
1.006479,4,331.772862
2.200267,7,332.084975
-8.160708,5,332.29683
0.328291,2,332.389994
0.356661,2,332.491798
0.367469,2,332.579815
1.990594,7,332.897522
0.35737,2,332.985167
1.371373,5,333.197453
0.749704,3,333.337173
0.366519,2,333.435234
2.064791,7,333.735909
1.863687,6,334.019536
1.573772,5,334.262623
1.014463,4,334.454561
0.333671,2,334.542448
-7.831091,5,334.765942
1.82453,6,335.034341
0.322845,2,335.122952
1.010983,4,335.298599
0.704097,3,335.439793
1.941826,6,335.724667
0.325782,2,335.815662
0.326975,2,335.904779
0.312493,2,335.991532
1.363708,5,336.210717
-8.324296,5,336.444401
0.330658,2,336.539778
1.427736,5,336.776069
0.33725,2,336.870705
3.068973,9,337.292186
5.932042,17,338.243902
-8.403935,4,338.447353
1.150385,4,338.637659
0.315241,2,338.718292
6.517958,17,339.499894
0.721012,3,339.63744
0.693393,3,339.786576
1.430975,5,339.998209
0.322769,2,340.086632
0.334918,2,340.177875
0.352834,2,340.258908
0.316524,2,340.344082
0.728966,3,340.47519
2.205039,7,340.80705
1.904558,6,341.083162
0.316518,2,341.173332
-8.19011,5,341.403183
1.468369,5,341.640683
2.197403,7,341.984703
1.180177,4,342.17355
0.317662,2,342.2711
0.336235,2,342.366042
1.497494,5,342.585796
0.708264,3,342.72542
0.718246,3,342.860912
0.31799,2,342.957268
1.199568,4,343.139286
-7.493934,7,343.45519
0.995218,4,343.644983
0.378725,2,343.734053
1.749647,6,344.016261
1.590768,5,344.246473
0.33725,2,344.328288
1.977007,6,344.60576
0.336065,2,344.705054
1.877654,6,344.992471
3.217183,10,345.436675
1.805047,6,345.719271
2.633797,8,346.075164
0.315344,2,346.166484
1.834673,6,346.441162
0.73458,3,346.569557
0.335479,2,346.669399
1.728284,6,346.98583
0.334536,2,347.102225
2.023416,6,347.407009
2.073196,7,347.771726
0.325085,2,347.886267
0.33725,2,348.041656
1.161642,4,348.227629
0.34293,2,348.324957
0.755582,3,348.470585
2.555874,7,348.811914
1.471823,5,349.04306
0.33725,2,349.135972
0.320339,2,349.233456
0.311285,2,349.326877
3.200206,9,349.749835
0.337959,2,349.842182
0.992402,4,350.0239
0.345342,2,350.117626
2.151158,7,350.429657
0.333378,2,350.524986
0.683219,3,350.659059
1.124488,4,350.855167
0.682178,3,350.994551
3.16039,9,351.409885
0.375486,2,351.496903
0.33725,2,351.586291
4.138861,11,352.085378
1.125176,4,352.255828
1.133494,5,352.47206
0.314198,2,352.560324
1.31264,7,352.882123
0.719661,3,353.01993
0.373637,2,353.110826
1.855007,6,353.389807
-8.100657,5,353.617033
1.108808,5,353.836763
0.687295,3,353.970801
0.324448,2,354.071988
2.84691,9,354.487534
0.33725,2,354.579587
1.924726,6,354.836223
0.349628,2,354.927127
3.651413,11,355.408403
1.400793,5,355.631807
-7.620725,6,355.907974
0.740449,3,356.0902
0.311285,2,356.205895
0.31697,2,356.318802
2.954876,9,356.761582
0.322127,2,356.857368
0.329483,2,356.954648
0.749882,3,357.102137
0.331098,2,357.188943
2.072532,7,357.491005
0.700982,3,357.623179
0.336368,2,357.733036
0.376692,2,357.850084
0.373249,2,357.973925
2.241008,7,358.33139
0.313973,2,358.426034
0.318169,2,358.52231
0.715372,3,358.64456
0.706642,3,358.777523
2.532571,7,359.068138
0.694755,3,359.199518
0.77438,3,359.333796
0.331272,2,359.413092
1.403289,5,359.636006
1.165371,4,359.803247
0.790221,3,359.936171
0.356289,2,360.026146
-7.792271,6,360.270799
1.299789,5,360.495296
0.35221,2,360.584332
0.362585,2,360.662206
2.69511,8,361.022598
3.542642,10,361.459562
0.33174,2,361.547402
0.3145,2,361.634801
2.82478,9,362.006727
0.383457,2,362.096292
0.322097,2,362.183574
0.341952,2,362.273015
2.581417,8,362.608793
0.365832,2,362.697742
0.321133,2,362.776528
0.699411,3,362.910458
0.323258,2,363.000847
0.33725,2,363.09035
0.372769,2,363.178966
0.34455,2,363.268187
4.232497,11,363.758443
2.779706,8,364.133972
0.694748,3,364.260545
0.334628,2,364.355516
1.117138,4,364.530511
0.384065,2,364.644485
0.357278,2,364.762663
0.356975,2,364.867306
0.311285,2,364.979116
0.379609,2,365.075078
0.322175,2,365.174823
2.311248,7,365.494414
1.848919,6,365.775182
0.326709,2,365.8675
0.33162,2,365.958521
1.087257,4,366.12494
2.321053,7,366.433788
2.296052,7,366.740968
0.32048,2,366.835963
0.325064,2,366.935075
2.492484,8,367.313709
-8.571657,4,367.498964
0.342942,2,367.614585
2.103864,7,368.042065
0.328649,2,368.142246
1.534108,5,368.377357
0.335688,2,368.478523
1.445372,5,368.715845
1.157631,4,368.893251
0.348476,2,368.985959
2.139738,7,369.294549
0.335507,2,369.385
0.357555,2,369.477125
0.331931,2,369.566147
0.355571,2,369.656655
2.694453,9,370.070448
0.720195,3,370.19484
0.316654,2,370.281991
0.32467,2,370.369918
5.699425,15,371.05641
1.74779,6,371.332117
0.339047,2,371.420499
0.321931,2,371.511536
0.761407,3,371.651568
0.33725,2,371.752741
-7.398685,6,372.030039
0.321251,2,372.118748
0.313302,2,372.21559
0.315497,2,372.308196
1.252127,5,372.537517
0.33725,2,372.63265
1.865722,6,372.903473
6.68861,19,373.829013
0.687987,3,374.004082
0.6874,3,374.149244
2.529121,8,374.510134
0.681283,3,374.641801
0.364102,2,374.734361
1.136605,4,374.91548
1.035329,4,375.105802
1.892334,6,375.364397
1.559238,5,375.576615
0.339207,2,375.666426
0.356039,2,375.761626
0.33725,2,375.85353
0.364614,2,375.947352
0.33725,2,376.03513
1.112191,4,376.2209
0.315567,2,376.302416
0.31985,2,376.392474
0.320693,2,376.483885
0.326134,2,376.573915
1.811666,6,376.846168
0.330071,2,376.939378
1.39994,5,377.168046
4.245496,13,377.800916
0.326989,2,377.917397
0.705211,3,378.075725
0.699716,3,378.220465
4.080093,12,378.790443
0.334655,2,378.872977
0.314863,2,378.964628
1.851138,6,379.259507
0.33725,2,379.358304
0.319586,2,379.44903
2.624608,8,379.803647
1.234321,5,380.020478
0.354251,2,380.100492
2.38631,8,380.459195
1.471714,5,380.681501
0.33725,2,380.771404
2.514656,8,381.127134
0.749831,3,381.259253
0.7662,3,381.394874
0.326688,2,381.482896
0.364681,2,381.573358
0.34524,2,381.660704
1.528893,5,381.865929
0.757331,3,381.989729
1.272613,5,382.213806
3.114594,9,382.625019
0.784454,3,382.814812
2.275584,7,383.161863
0.315512,2,383.254708
0.331867,2,383.335406
0.33725,2,383.427014
1.758709,6,383.695257
0.353726,2,383.782923
0.352999,2,383.869953
0.333361,2,383.94874
0.311285,2,384.038915
0.356912,2,384.127693
2.238854,7,384.430794
1.108489,4,384.610053
0.37247,2,384.697009
0.325702,2,384.784649
1.47384,5,384.996441
2.79272,9,385.397775
0.740852,3,385.530138
0.364288,2,385.618892
1.924046,6,390.353526
1.074467,4,390.510226
0.704665,3,390.646932
1.323028,5,390.873513
3.418094,10,391.319033
1.492074,6,391.664489
3.350409,9,392.092215
0.320481,2,392.183276
3.055779,9,392.60627
3.152285,9,393.030713
0.337813,2,393.125617
1.800814,6,393.407061
1.501241,5,393.619786
0.916491,4,393.803092
3.567749,11,394.296515
0.34431,2,394.374785
1.507003,5,394.601241
0.313346,2,394.699428
0.367636,2,394.795172
0.736736,3,394.935056
0.705183,3,395.05601
0.353463,2,395.148395
0.342041,2,395.237465
1.76352,6,395.528917
1.465796,5,395.747004
2.768829,8,396.099322
0.351937,2,396.188741
0.336775,2,396.278949
0.31966,2,396.367967
1.304576,5,396.58385
0.33655,2,396.672996
1.379811,5,396.884953
-7.646845,7,397.218981
0.372574,2,397.315277
-8.537704,5,397.577615
0.72146,3,397.755176
0.69486,3,397.939772
1.097552,4,398.111995
0.33725,2,398.211941
0.777113,3,398.35787
0.318026,2,398.454091
0.333759,2,398.543658
5.914597,19,399.373602
0.751152,3,399.495808
1.637246,6,399.759019
1.569578,5,399.978471
1.920493,6,400.246721
2.78129,8,400.641414
1.136266,4,400.879881
0.747605,3,401.026667
2.499981,8,401.394892
0.321059,2,401.48393
0.335216,2,401.56092
-7.177913,8,401.899051
2.512333,8,402.248551
1.098724,4,402.430063
0.337193,2,402.518959
0.311431,2,402.606667
0.311285,2,402.686371
6.26245,16,403.385287
5.102457,14,403.994432
2.536418,8,404.32143
2.046907,7,404.625259
2.167234,7,404.929399
0.364291,2,405.019598
0.714857,3,405.151529
0.770465,3,405.28491
0.7103,3,405.420513
0.746829,3,405.555012
1.329213,5,405.771102
0.373489,2,405.858754
1.956635,6,406.107803
1.091417,4,406.283383
0.346068,2,406.362051
5.469819,15,406.98884
1.873988,6,407.251498
0.356703,2,407.329015
0.71411,3,407.46998
0.701669,3,407.666829
0.716781,3,407.842593
3.379644,11,408.324816
1.845309,6,408.594511
0.735061,3,408.729118
0.321852,2,408.816347
0.311285,2,408.905383
0.332359,2,408.987163
2.128073,7,409.307873
1.108845,4,409.485498
0.33725,2,409.578167
2.354884,7,409.892031
0.33725,2,410.008217
1.503295,5,410.287404
0.33725,2,410.37977
0.699219,3,410.518405
1.092386,4,410.692648
1.488867,5,410.946645
2.985356,9,411.316746
2.607818,8,411.662127
0.753163,3,411.796489
0.311285,2,411.887352
3.357058,10,412.345869
2.057909,6,412.615359
1.381092,5,412.836518
2.247995,8,413.209732
0.362687,2,413.297028
3.931282,11,413.739677
0.384956,2,413.836999
0.323931,2,413.927226
0.3801,2,414.015615
0.370355,2,414.108608
1.116274,4,414.295429
0.312433,2,414.38462
1.302075,5,414.618566
4.6864,13,415.168288
0.729769,3,415.309325
3.288321,9,415.666261
0.368723,2,415.755509
3.038429,8,416.111973
0.352517,2,416.205607
0.313729,2,416.294527
0.342997,2,416.384805
2.754553,8,416.727333
1.378575,5,416.952189
0.33725,2,417.028343
2.242758,7,417.332594
1.570838,6,417.632649
0.388428,2,417.763482
0.358929,2,417.885316
0.384017,2,417.983482
0.313179,2,418.08224
0.351429,2,418.17013
2.25907,7,418.483972
-7.935045,5,418.705613
0.37998,2,418.793172
0.322508,2,418.882071
0.340369,2,418.972589
0.311285,2,419.060862
1.860392,6,419.398806
0.741621,3,419.53045
0.311285,2,419.621029
0.727169,3,419.754049
-8.317021,4,419.936552
0.311285,2,420.014181
0.319719,2,420.10414
0.311285,2,420.192944
1.09262,4,420.373885
1.355704,5,420.596087
-5.21366,12,421.155073
0.319786,2,421.243819
1.137597,4,421.394669
2.759092,8,421.747348
0.745225,4,421.903061
-7.512612,7,422.197143
3.218346,10,422.627117
0.311285,2,422.704705
1.559111,5,422.917586
0.313554,2,423.006265
2.159206,7,423.31238
0.319713,2,423.389237
1.468077,5,423.610061
1.099588,4,423.777876
0.374549,2,423.867564
0.764774,3,423.990144
0.33634,2,424.080127
0.372071,2,424.168927
1.085785,4,424.335616
6.020886,16,425.003834
0.325141,2,425.094146
0.340498,2,425.171844
1.070645,4,425.351398
0.735046,3,425.48388
1.449605,5,425.707023
1.507005,5,425.927984
1.031253,4,426.086318
0.33711,2,426.174735
0.330762,2,426.265066
3.928085,11,426.748564
3.820475,10,427.175083
0.327747,2,427.263616
0.319533,2,427.37301
1.486835,5,427.697554
0.32605,2,427.782777
0.33725,2,427.877911
0.341799,2,427.972677
3.378117,10,428.513491
0.367912,2,428.60536
0.357886,2,428.697012
3.915708,11,429.18111
-8.226251,5,429.403907
0.311285,2,429.48286
0.319448,2,429.572479
0.338537,2,429.66133
0.311285,2,429.748871
0.311285,2,429.84033
0.354114,2,429.919128
0.33725,2,429.997898
0.765603,3,430.132279
0.354347,2,430.225828
0.672643,3,430.362357
0.72688,3,430.496004
0.378934,2,430.585767
1.374494,5,430.800996
0.702895,3,430.934924
0.692701,3,431.058588
0.733806,3,431.195138
0.348167,2,431.286071
1.444916,5,431.510747
0.3469,2,431.588267
2.345041,7,431.908724
1.086252,4,432.090743
1.110608,4,432.250315
0.330947,2,432.330822
0.733098,3,432.465744
0.787264,4,432.646153
0.377998,2,432.735572
-8.111338,5,432.925276
0.700176,3,433.052644
0.35498,2,433.143658
1.787763,6,433.401439
0.325796,2,433.493458
0.35007,2,433.586297
2.360099,8,433.957939
2.645285,8,434.289168
4.062599,13,434.833964
1.33554,5,435.049166
2.897621,9,435.400513
0.326713,2,435.489761
1.102277,4,435.655068
1.174269,5,435.868002
1.726371,6,436.131464
1.088997,4,436.311964
-6.85882,7,436.618773
1.092325,4,436.789517
0.311285,2,436.901929
0.353096,2,437.02028
1.868433,6,437.376559
0.33725,2,437.476948
5.864226,17,438.263127
0.311285,2,438.343292
1.169027,4,438.510903
0.730716,3,438.646814
0.725046,3,438.777699
1.902381,6,439.078307
1.821123,6,439.380997
2.068818,7,439.694374
1.057629,4,439.860507
0.358168,2,439.949995
0.331984,2,440.03827
0.350116,2,440.127078
0.749275,3,440.263644
2.722812,9,440.6587
2.446826,8,441.003302
0.345813,2,441.09009
0.71381,3,441.216207
1.707833,6,441.477449
2.90322,10,441.907925
0.368188,2,441.998462
0.739231,3,442.129988
3.043331,10,442.576484
0.758536,3,442.698691
1.00374,4,442.872702
2.313531,7,443.201147
0.347414,2,443.288145
1.621232,6,443.553476
0.327008,2,443.642023
1.822394,6,443.899433
2.203798,7,444.212313
0.728518,3,444.344001
2.582695,8,444.693425
0.314389,2,444.772001
0.315254,2,444.86173
0.362666,2,444.950477
3.847387,11,445.423835
3.358607,10,445.844101
0.33725,2,445.92429
4.85868,13,446.615208
2.122686,7,446.961828
1.791599,6,447.335738
3.447994,10,447.797546
3.61226,10,448.233733
0.311285,2,448.322856
0.33834,2,448.410275
2.245593,7,448.730682
4.912009,14,449.340477
0.711302,3,449.462222
1.443223,5,449.676169
4.284506,12,450.171369
0.358117,2,450.25946
1.341633,5,450.472466
3.787271,11,450.954105
0.773505,3,451.077239
0.355522,2,451.166105
1.070736,5,451.377586
2.816376,9,451.770642
1.236101,5,451.993132
1.762611,6,452.248681
2.516462,8,452.57621
0.328671,2,452.653759
2.923448,9,453.056506
0.316452,2,453.145409
2.476941,8,453.483562
0.33725,2,453.571663
2.686017,8,453.897717
2.60809,7,454.206091
0.729918,3,454.335013
2.550354,8,454.664439
0.74803,3,454.786565
0.76324,3,454.919075
1.39807,5,455.132882
2.587061,8,455.526631
0.336245,2,455.64201
3.221039,10,456.120745
1.119939,4,456.30161
0.712878,3,456.43705
0.326325,2,456.525638
1.516521,5,456.749001
1.651129,6,457.019149
0.358652,2,457.109955
0.331562,2,457.199201
-7.868416,5,457.485404
0.726538,3,457.667619
1.050718,4,457.852584
1.975524,6,458.161008
4.66193,13,458.751892
1.839584,7,459.06132
0.318465,2,459.155135
0.365935,2,459.249397
2.09257,7,459.555383
5.044584,15,460.204022
0.331894,2,460.293598
1.415401,5,460.518306
1.073295,4,460.68607
2.636935,8,461.045422
0.32971,2,461.133528
0.768041,3,461.256189
0.722475,3,461.392411
0.353543,2,461.471671
1.367713,5,461.695046
0.343299,2,461.783215
0.316177,2,461.87185
1.080463,4,462.04973
0.327532,2,462.13798
2.938731,8,462.485099
1.441483,5,462.696064
1.474702,5,462.905661
0.368907,2,462.995861
0.71329,3,463.119379
0.762586,3,463.255958
-5.670198,11,463.738527
2.163074,7,464.052669
1.128963,4,464.220238
1.88033,6,464.491573
-7.926807,5,464.733273
0.312341,2,464.843991
1.169932,5,465.11175
0.706262,3,465.240983
2.101584,7,465.550706
0.311285,2,465.639559
0.31942,2,465.72933
0.356544,2,465.819025
0.373756,2,465.897985
0.350562,2,465.987986
0.333471,2,466.076139
0.360873,2,466.166657
0.345177,2,466.253827
0.383751,2,466.341692
0.326452,2,466.423319
0.351068,2,466.512257
1.568395,5,466.727004
0.349147,2,466.815898
1.885642,6,467.122756
0.33725,2,467.230948
0.728526,3,467.409422
3.130314,9,467.826638
0.347055,2,467.914196
0.727979,3,468.049298
1.522761,5,468.251548
2.304863,7,468.559669
-8.277423,5,468.772971
1.72946,6,469.031959
-8.006149,5,469.246248
0.321426,2,469.335375
1.581431,6,469.590888
0.338423,2,469.679371
0.311285,2,469.768073
4.143975,12,470.252596
0.355309,2,470.340269
0.359843,2,470.419286
1.391926,5,470.623221
0.33725,2,470.712503
1.922053,6,470.979927
0.381303,2,471.067002
2.125199,7,471.379993
0.366114,2,471.467227
2.275265,7,471.752852
0.329989,2,471.830792
1.247998,5,472.044356
0.311285,2,472.13348
2.312292,7,472.418878
0.349853,2,472.497337
0.342009,2,472.587126
1.951952,6,472.835601
0.325642,2,472.923479
1.761617,7,473.229599
0.33725,2,473.317205
1.450224,5,473.560459
1.033414,4,473.782511
-7.066343,7,474.133866
0.381794,2,474.223304
-8.078036,5,474.440125
0.750397,3,474.564159
0.316439,2,474.653204
0.344897,2,474.732768
0.331548,2,474.811691
0.362706,2,474.902036
0.441838,5,475.107346
0.333252,2,475.19638
1.100293,4,475.364038
1.304942,5,475.599446
2.22055,7,475.918135
0.33725,2,476.015863
1.906332,6,476.299566
0.322129,2,476.397346
0.664013,3,476.520199
1.158217,4,476.712587
0.342531,2,476.848048
0.335375,2,476.964122
1.80001,6,477.273771
1.149311,4,477.461819
0.31442,2,477.554292
0.316512,2,477.64191
0.985882,4,477.822166
0.752326,3,477.94356
0.719383,3,478.076329
0.33725,2,478.158006
1.078281,4,478.329613
0.710065,3,478.463894
1.805385,6,478.721823
0.327766,2,478.810591
1.085023,4,478.982888
0.747502,3,479.105013
0.361629,2,479.19355
3.312652,10,479.610789
5.30976,14,480.232902
2.271236,7,480.511662
1.36634,5,480.736612
0.35924,2,480.838154
0.326253,2,480.942684
0.696474,3,481.096801
0.33725,2,481.188645
0.336424,2,481.281338
2.227334,7,481.551995
1.851032,6,481.814225
0.353554,2,481.902266
3.157938,9,486.839714
0.345897,2,486.935444
2.451402,7,487.25692
1.469908,5,487.46346
1.008417,4,487.634646
1.165429,4,487.802798
0.330123,2,487.893318
1.954529,6,488.130348
1.104659,4,488.300767
4.724269,13,488.851891
0.716582,3,488.986263
5.851524,16,489.674461
1.052783,4,489.841291
0.709521,3,489.974586
1.084629,4,490.153533
0.318481,2,490.232831
3.25604,10,490.65268
0.363601,2,490.732373
0.691639,3,490.857151
2.846813,9,491.244048
1.047452,4,491.413627
0.34801,2,491.503298
0.33725,2,491.590237
0.369957,2,491.690701
5.651156,14,492.359658
0.34308,2,492.452151
3.396186,10,492.877352
4.400123,12,493.375577
4.389818,15,494.034291
0.370213,2,494.112383
3.040877,9,494.508258
1.869427,6,494.76844
0.701114,3,494.891915
1.837116,6,495.142284
4.100565,11,495.620282
1.549626,5,495.816289
0.760408,3,495.960679
0.347319,2,496.064753
0.334517,2,496.179349
0.32182,2,496.307366
0.336697,2,496.40415
1.400373,5,496.623718
1.779659,6,496.8889
6.350989,17,497.61004
2.210947,7,497.892739
1.300607,5,498.099841
1.324071,5,498.313984
2.427688,7,498.6045
0.34704,2,498.693405
1.809115,6,498.943657
0.739654,3,499.074855
0.386614,2,499.164929
1.800764,6,499.410275
2.283309,7,499.70699
0.316096,2,499.794263
4.262189,14,500.435722
1.866281,6,500.740586
6.384055,19,501.529868
1.82108,6,501.78618
1.489362,5,502.009951
3.064456,8,502.3569
2.094161,7,502.649528
3.602171,10,503.076739
0.670898,3,503.210003
1.14886,4,503.380202
1.035925,4,503.549796
0.322238,2,503.640773
0.324615,2,503.731864
3.504302,10,504.157075
2.37889,8,504.493202
1.509717,5,504.69872
-8.042488,5,504.913229
0.311285,2,504.995332
0.375168,2,505.100684
2.490436,8,505.444055
3.175494,8,505.856423
1.359187,5,506.129595
0.32786,2,506.2241
3.760077,11,506.719658
-6.089914,11,507.175026
1.069573,4,507.354483
1.851015,6,507.610232
4.750623,13,508.150835
0.672049,3,508.287134
2.444631,7,508.585154
2.099191,7,508.867303
1.68808,6,509.121373
1.044846,4,509.286045
2.612202,8,509.685521
-6.618219,8,510.067234
0.359797,2,510.149348
7.190767,17,510.905736
0.33361,2,510.994813
1.615204,6,511.244969
0.316668,2,511.332708
0.335793,2,511.42129
2.605133,8,511.770789
4.251628,11,512.242277
0.727669,3,512.376859
2.689253,9,512.780002
8.915957,22,513.720326
0.743518,3,513.844919
1.115607,4,514.003654
4.261619,12,514.535493
0.70528,3,514.670234
4.277861,15,515.311381
0.73444,3,515.49585
0.331767,2,515.616848
1.033829,4,515.826506
2.763653,8,516.201846
0.687578,3,516.357982
0.351156,2,516.451913
0.745661,3,516.591144
0.345793,2,516.671288
1.142955,5,516.898229
0.328351,2,516.976197
0.362304,2,517.065148
0.340588,2,517.153941
0.33725,2,517.234351
-1.834741,22,518.166336
1.387776,5,518.373983
1.438009,5,518.586318
1.567055,5,518.832476
1.076351,4,519.075188
1.025045,4,519.283735
0.334192,2,519.371732
4.084449,12,519.926156
1.970293,6,520.161676
0.328697,2,520.258927
0.3287,2,520.347793
1.312601,5,520.551347
3.277293,10,520.994262
8.449876,24,522.007987
0.731193,3,522.131972
5.322949,14,522.720515
2.212544,7,523.038386
3.166889,10,523.459699
14.477384,39,525.089006
0.33725,2,525.167609
0.334578,2,525.256438
0.727541,3,525.369578
5.340405,16,526.210638
0.311285,2,526.292541
0.321037,2,526.384348
1.932866,6,526.635723
4.768649,15,527.284401
1.471977,5,527.493481
1.693891,6,527.763206
3.537011,11,528.284299
6.089058,20,529.187014
2.27621,7,529.479597
1.98776,7,529.793084
0.356828,2,529.884331
0.761133,3,530.018109
0.338859,2,530.108665
1.113216,4,530.283046
0.719552,3,530.417242
1.866793,6,530.663079
3.012751,9,531.063106
1.047543,4,531.239832
0.711142,3,531.374183
1.376933,5,531.579228
1.823659,6,531.838712
0.375672,2,531.928519
1.056241,4,532.089401
1.251191,5,532.306257
1.830053,6,532.577261
1.346249,5,532.789728
0.313745,2,532.880763
0.379775,2,532.968669
2.911527,9,533.362916
3.222157,9,533.778991
0.334387,2,533.856531
4.768463,13,534.441619
0.356373,2,534.531086
0.314566,2,534.621729
1.0688,4,534.784875
3.070898,9,535.175966
2.663522,9,535.625737
-8.349312,4,535.8354
3.78688,11,536.346663
0.735551,3,536.4816
0.717101,3,536.616515
2.473852,8,536.969066
1.016755,4,537.126077
1.803245,6,537.438394
1.185425,5,537.700137
3.098829,9,538.083192
0.364086,2,538.172546
3.732558,11,538.642551
3.330087,11,539.105308
1.366614,5,539.319824
2.987117,9,539.702509
2.026636,6,539.966727
0.786778,3,540.090448
4.657733,13,540.692683
3.103713,9,541.086241
3.371658,10,541.543212
1.854032,6,541.803333
0.334738,2,541.890735
1.678599,6,542.15832
2.800486,9,542.528898
1.491672,5,542.725591
0.318249,2,542.814202
1.738459,6,543.083435
0.734045,3,543.204909
3.377279,10,543.662016
5.019705,15,544.304456
1.805663,6,544.556698
0.381935,2,544.644828
0.753733,3,544.769569
1.295436,5,544.995269
1.415357,5,545.242156
3.263834,10,545.753369
0.703179,3,545.89683
2.585096,8,546.253655
2.686959,8,546.689227
0.377928,2,546.774712
5.466018,14,547.414612
0.70101,3,547.561356
3.159741,9,547.957905
2.582094,8,548.284263
0.389338,2,548.378472
0.7793,3,548.514945
0.721077,3,548.637531
2.999311,9,549.027745
2.88,9,549.435015
2.327199,7,549.72935
1.188318,4,549.91305
3.799091,10,550.334352
0.336143,2,550.423087
1.348217,5,550.623494
2.627864,9,550.992229
4.568608,13,551.540421
0.321906,2,551.629459
0.72155,3,551.771555
3.239653,10,552.189118
1.972184,6,552.456939
1.460409,5,552.682044
0.344196,2,552.770698
1.091225,4,552.946586
2.814098,8,553.29064
4.525021,14,553.90877
2.106397,7,554.2152
1.858874,6,554.481196
0.339173,2,554.57544
0.375985,2,554.65985
0.33725,2,554.740089
0.743039,3,554.866106
-7.480319,6,555.11445
1.132509,4,555.310507
0.373631,2,555.429457
0.720396,3,555.636071
1.053245,4,555.857348
3.493251,10,556.277562
0.362613,2,556.355709
1.471545,5,556.558975
0.38396,2,556.636709
2.619943,8,556.982355
1.47988,5,557.196133
1.484748,5,557.413024
2.534608,7,557.720743
1.707474,7,558.016525
1.601713,5,558.219995
8.842701,23,559.180664
0.311305,2,559.260438
1.118015,4,559.428331
2.171489,6,559.686621
0.761093,3,559.821692
2.560562,8,560.167439
1.652734,5,560.394049
0.746849,3,560.525306
6.360318,18,561.295252
0.382423,2,561.384768
4.846711,13,561.931972
0.346284,2,562.021238
-5.222373,12,562.527552
0.323678,2,562.61515
0.341816,2,562.703562
1.094277,4,562.87107
4.036026,13,563.420511
0.317566,2,563.509844
0.325884,2,563.601516
3.085487,10,564.013443
2.889055,8,564.425327
3.542549,10,564.903358
3.789994,12,565.536515
0.340144,2,565.649191
1.156053,4,565.832699
0.350984,2,565.916451
2.582763,9,566.295942
1.166939,4,566.456063
0.324798,2,566.546509
0.660408,3,566.683224
2.456874,8,567.044354
0.336663,2,567.133112
5.219571,14,567.70825
5.572938,14,568.320336
2.15425,7,568.6165
1.106965,5,568.823131
2.256837,7,569.136552
0.33166,2,569.223647
0.725673,3,569.35925
3.91208,11,569.824717
-7.847929,6,570.072617
0.355002,2,570.160179
5.991196,15,570.80906
1.358649,5,571.034151
0.325578,2,571.112425
0.370803,2,571.191802
0.32232,2,571.281391
0.743463,3,571.407176
1.362335,5,571.622707
0.699529,3,571.748176
0.69273,3,571.874581
0.33725,2,571.962266
4.851057,13,572.492614
0.318402,2,572.581958
0.711094,3,572.705564
0.711547,3,572.842675
0.348329,2,572.935017
1.304703,5,573.181632
1.793566,6,573.514601
2.888786,9,573.927825
2.978416,9,574.298452
0.3315,2,574.376723
2.932291,8,574.730913
0.314295,2,574.819767
1.984912,6,575.102853
2.045738,6,575.46843
1.861295,6,575.750113
3.60474,12,576.309638
3.469613,10,576.729305
1.251617,5,576.959903
4.379569,12,581.818587
0.370168,2,581.912605
0.33725,2,582.011756
1.44938,5,582.284029
0.754848,3,582.447743
-8.522188,4,582.624524
1.545765,5,582.839031
4.372713,12,583.337555
1.479968,5,583.560925
2.91624,9,583.938452
0.33725,2,584.026346
6.616011,17,584.768984
-3.648954,16,585.5782
3.053246,9,586.013412
-6.530955,8,586.34566
1.085794,4,586.524167
0.693184,3,586.647932
14.375721,38,588.240793
6.385588,16,588.929788
4.312205,12,589.43512
3.54726,10,589.892228
0.354092,2,589.986334
2.40249,7,590.315314
2.270776,7,590.634833
6.073603,18,591.513769
3.254023,9,591.926218
2.605282,8,592.277781
3.967816,12,592.7796
0.361408,2,592.861762
0.339097,2,592.946718
3.350578,10,593.377043
1.873492,6,593.635142
0.993374,4,593.808625
0.740425,3,593.938981
2.431211,7,594.267693
0.759729,3,594.408059
1.303494,5,594.627691
4.846244,13,595.234939
-7.95587,5,595.511923
0.347285,2,595.627222
3.226525,9,596.027754
0.323385,2,596.111076
1.426995,5,596.2956
1.064513,4,596.480236
1.734089,6,596.731542
0.371066,2,596.819993
8.090839,20,597.6756
1.47202,5,597.892033
1.872048,6,598.163758
0.323957,2,598.245777
3.539488,10,598.677016
1.410957,5,598.905481
1.537662,5,599.109156
2.436668,8,599.450332
1.317852,5,599.659983
2.757926,8,600.029273
0.327588,2,600.11633
0.33725,2,600.209928
0.334512,2,600.323433
3.314644,10,600.820411
1.354925,5,601.042681
3.39204,10,601.473369
0.32822,2,601.555076
5.140838,13,602.123933
5.222891,14,602.764332
5.482494,15,603.389612
7.12724,19,604.191346
-5.936339,10,604.635423
1.849368,6,604.879644
1.884819,6,605.14907
0.766073,3,605.282866
1.122436,4,605.502005
1.449282,5,605.776602
4.958255,14,606.380878
3.091357,9,606.765755
2.384358,8,607.143157
1.117563,4,607.31936
8.384602,24,608.368085
0.352728,2,608.463558
1.560357,5,608.675263
3.855594,11,609.121367
1.513403,5,609.3657
4.568375,14,610.069051
2.673691,9,610.474808
0.315354,2,610.569405
5.871798,16,611.214379
2.952102,9,611.61657
8.205898,23,612.594402
1.784282,6,612.877572
0.354457,2,612.956509
0.3478,2,613.047791
2.644458,8,613.417944
2.185417,7,613.732287
2.367721,7,614.043838
4.478111,10,614.490675
0.358506,2,614.58012
1.89787,6,614.834829
0.335993,2,614.916367
2.486486,7,615.236263
20.599263,47,617.4304
1.089285,4,617.6193
0.750653,3,617.747371
3.727322,10,618.174582
1.729034,6,618.460978
1.261125,5,618.731112
2.006905,6,619.047056
1.766847,6,619.336145
0.351347,2,619.422306
6.940315,19,620.249813
2.309395,7,620.532091
2.275598,7,620.851474
3.152122,10,621.325882
7.493013,19,622.16459
4.117589,12,622.657426
0.332951,2,622.753737
2.49922,8,623.095623
0.334833,2,623.19345
1.195674,5,623.414703
7.147596,17,624.132069
1.828408,6,624.378666
1.321751,5,624.59296
1.978603,6,624.853657
8.030318,21,625.835289
-6.199522,11,626.35576
2.135838,7,626.659408
-8.110429,5,626.8776
1.448617,5,627.077712
4.333784,12,627.58814
3.492562,10,628.101289
6.1762,18,628.863849
2.703927,9,629.273612
5.924675,15,629.902947
9.531701,27,631.051151
2.821656,9,631.400959
0.72089,3,631.535897
10.906308,26,632.62166
1.046344,4,632.778326
0.328996,2,632.856877
2.323011,7,633.130358
0.333186,2,633.219114
3.509769,10,633.626061
1.192316,4,633.796934
0.682238,3,633.933257
4.790938,14,634.498088
2.08996,7,634.793157
1.930641,6,635.040239
1.384004,5,635.252273
5.472476,15,635.998053
2.245572,7,636.290287
6.081258,18,637.19588
3.140032,9,637.579307
0.763301,3,637.7037
5.889427,16,638.445272
2.230602,7,638.750238
3.212093,9,639.134808
2.926499,9,639.501792
0.99009,4,639.659659
1.83519,6,639.911677
1.1858,5,640.127487
1.989272,7,640.396811
6.009624,15,641.017613
0.356365,2,641.112909
2.944064,9,641.514653
4.000834,12,642.032168
1.512785,5,642.271703
2.059172,7,642.565773
0.352962,2,642.661426
1.843082,6,642.908556
3.791164,11,643.365282
2.702106,8,643.702298
0.32408,2,643.800179
1.865981,6,644.056338
2.134325,7,644.353741
1.150895,4,644.519624
3.337735,10,644.934059
2.349859,7,645.222011
5.300134,14,645.901265
1.639545,6,646.197143
1.649404,6,646.447012
4.396586,11,646.908976
2.589001,8,647.251682
0.358981,2,647.341422
1.394932,5,647.548836
1.743464,6,647.820476
1.264222,5,648.034494
3.167626,10,648.442788
5.047919,14,649.028021
0.698423,3,649.165438
1.445925,5,649.371828
-6.998155,7,649.658643
-4.172806,15,650.274625
1.188558,5,650.490342
-7.512807,6,650.736004
3.765325,11,651.183182
1.469744,5,651.3968
2.807136,8,651.74374
1.440939,5,651.958549
1.378554,5,652.163594
5.346168,15,652.764162
10.495013,26,653.821626
3.118041,10,654.289477
3.095867,10,654.775144
0.728983,3,654.915372
3.240062,10,655.392445
1.514694,6,655.717372
9.890018,25,656.81239
0.362085,2,656.904032
-7.873633,5,657.119834
0.350901,2,657.2097
2.676359,8,657.541069
2.727783,9,657.920587
3.58235,10,658.333631
3.039502,9,658.699142
7.371037,19,659.474989
3.848372,11,659.949986
3.865302,10,660.361319
3.485857,11,660.827913
1.426619,5,661.032723
1.055696,4,661.205644
5.11336,14,661.771243
-7.320103,6,662.024092
2.879084,8,662.34456
0.337746,2,662.432674
7.075706,17,663.136564
0.343645,2,663.21425
5.219526,13,663.859898
6.349376,16,664.573411
0.338864,2,664.662634
3.916029,11,665.181298
0.353047,2,665.294827
0.704273,3,665.450959
2.074312,7,665.74862
1.461582,5,665.949279
1.383453,5,666.14571
1.417357,5,666.361656
2.241719,7,666.665215
1.408664,5,666.859951
3.17764,10,667.315032
2.611376,8,667.627405
2.622809,8,667.950651
8.542596,23,668.92936
1.067412,4,669.100115
0.377482,2,669.179039
1.866392,6,669.420862
5.147732,17,670.150159
1.22047,5,670.373167
1.09982,4,670.530512
1.584226,5,670.762958
0.328227,2,670.852887
2.507483,8,675.784956
6.43648,15,676.392256
-7.961793,6,676.622843
-7.048049,7,676.909885
7.277597,21,677.736211
-3.259256,17,678.465927
2.794829,8,678.788463
4.676404,13,679.305013
2.688622,8,679.629248
1.373439,5,679.834996
4.663721,13,680.364193
5.216036,15,680.931419
2.575443,7,681.2323
12.157741,32,682.601071
1.873348,6,682.852181
0.706808,3,682.972924
2.599196,8,683.298329
9.757639,26,684.386843
3.86987,10,684.899533
3.938088,11,685.37596
4.998395,13,685.883535
3.096019,9,686.210757
6.000175,15,686.799839
3.977344,11,687.230133
3.40014,11,687.656235
1.015556,5,687.862745
2.160515,7,688.128711
2.720817,8,688.459372
3.284437,9,688.826578
5.888287,15,689.425547
1.59573,5,689.620872
1.89316,6,689.894146
2.26944,7,690.178371
18.203745,49,692.289829
12.014183,32,693.562691
-0.033195,27,694.800083
1.558869,5,695.00685
2.117625,7,695.302905
5.374832,15,695.931217
4.297022,12,696.414089
-7.976814,6,696.666172
0.366848,2,696.754512
1.125716,4,696.913446
4.374614,11,697.340695
7.706765,20,698.170337
4.139817,13,698.668252
6.379626,18,699.424592
1.324671,5,699.63904
6.695402,18,700.434172
0.345959,2,700.519188
4.306048,12,701.014191
0.687681,3,701.135258
1.12654,5,701.319344
1.875166,6,701.56871
2.880682,8,701.932067
4.467426,13,702.456229
17.457961,43,704.281535
1.172492,5,704.501515
3.924325,11,704.954134
9.604172,24,705.979424
4.841412,14,706.551974
4.864863,14,707.10742
4.920217,15,707.683475
-6.695668,9,708.033297
0.325073,2,708.113876
6.034282,16,708.749215
0.358504,2,708.838313
2.421201,7,709.193246
2.118261,7,709.518657
-8.038426,5,709.739831
6.067792,18,710.448263
16.492085,46,712.301768
1.070417,4,712.46188
2.699711,9,712.804685
3.966645,13,713.322991
2.619189,8,713.733378
7.093869,19,714.535274
2.600661,8,714.865365
6.576044,17,715.562162
5.745081,16,716.19695
0.756665,3,716.31047
19.63544,46,718.135837
7.518429,21,719.128736
0.340957,2,719.295959
1.524033,5,719.496813
1.532543,5,719.717035
3.344973,9,720.160311
4.195033,11,720.594329
0.697855,3,720.707357
-2.853137,17,721.417832
1.499502,5,721.611924
0.349781,2,721.699936
2.325335,7,721.976583
-7.563818,6,722.208257
0.718261,3,722.333419
2.974027,9,722.693864
2.72938,8,723.023574
1.965702,6,723.322917
8.312897,22,724.278962
1.498577,5,724.484829
12.834199,42,726.180864
1.569932,5,726.397717
0.33725,2,726.490474
6.254993,18,727.200935
0.34384,2,727.279218
4.192459,12,727.880462
3.682808,10,728.327394
28.396847,77,731.43248
1.881547,6,731.686318
1.101547,4,731.843294
14.458736,47,733.827203
2.724915,8,734.167903
2.466114,7,734.462401
1.520678,5,734.66714
5.25438,14,735.242591
0.361921,2,735.320806
1.316021,5,735.527683
14.564815,36,737.054698
-8.394871,4,737.231446
1.597756,6,737.490334
2.948966,9,737.854467
0.737494,3,737.977615
5.1737,14,738.54977
4.407762,13,739.066416
1.987996,6,739.311492
5.207294,15,739.9308
1.854769,6,740.171312
5.240216,15,740.738455
6.555514,17,741.416644
4.575736,12,741.907822
2.803909,8,742.227013
1.91483,6,742.477493
2.559177,8,742.858429
8.151767,21,743.763804
15.700825,38,745.369218
4.738499,14,746.042521
0.314096,2,746.122956
6.606566,17,746.781518
1.903344,6,747.025276
1.826945,6,747.253388
1.807272,6,747.494147
1.774047,6,747.736449
5.848133,16,748.366888
7.867159,22,749.261616
6.487988,16,749.905451
4.235506,12,750.374651
1.079968,4,750.544333
1.460735,5,750.729059
2.251091,7,751.006823
6.395584,16,751.628311
3.627266,10,752.032993
6.059596,17,752.854347
0.326045,2,752.938009
2.490424,8,753.280815
-4.257256,17,753.957742
9.664861,23,755.000491
3.964711,12,755.486855
1.064854,4,755.655111
9.010784,23,756.621075
4.026391,11,757.165711
0.370975,2,757.256909
2.170897,7,757.594754
0.697806,3,757.747828
4.648527,13,758.302326
1.749829,6,758.531882
18.66419,51,760.68873
5.400155,15,765.870939
5.155114,16,766.511692
2.580389,8,766.803803
1.839572,6,767.055368
3.557928,10,767.435313
4.069214,10,767.823466
0.75228,3,767.937263
14.121835,35,769.305614
3.983095,12,769.76946
4.37444,13,770.289069
4.796439,15,770.876988
4.333402,11,771.315396
1.353335,5,771.522711
6.559936,17,772.207265
8.091346,21,773.13963
4.86765,15,773.685947
3.611774,11,774.121204
0.683946,3,774.239566
1.952936,6,774.46857
1.751728,6,774.697294
4.444262,12,775.16981
1.50432,5,775.374172
1.375519,5,775.560654
4.3391,12,776.028419
2.454529,8,776.351598
9.219582,26,777.324168
15.498537,41,778.920695
2.625796,8,779.211673
10.307392,29,780.331595
7.434491,20,781.14966
0.327288,2,781.228358
3.86591,10,781.747283
13.051892,32,783.148459
7.530554,19,783.900764
1.107459,4,784.070167
5.226016,15,784.669322
5.52984,17,785.328675
3.40038,9,785.683585
3.743556,11,786.131733
1.877666,6,786.372044
2.01584,6,786.60097
7.270336,19,787.309304
2.630476,8,787.634132
7.175476,19,788.347484
7.447402,18,789.018661
0.734126,3,789.133635
6.886892,19,789.891025
2.81156,8,790.20255
-6.600667,9,790.565887
10.439246,26,791.755779
4.430076,15,792.465263
13.415952,36,793.876827
0.360827,2,793.955576
2.276596,7,794.242079
1.135562,4,794.400967
7.102849,20,795.19641
16.69303,44,796.897227
3.705984,10,797.296164
12.032238,33,798.631729
12.401667,34,799.99005
1.79891,6,800.305308
7.692798,21,801.119579
2.840946,8,801.423799
6.657979,17,802.200073
4.353117,13,802.761832
2.596132,8,803.08044
2.825927,8,803.416604
1.729436,6,803.668511
6.066058,18,804.406955
-5.973427,9,804.780371
5.518655,15,805.35194
5.145149,14,805.956217
2.837444,9,806.326922
1.880068,6,806.56058
22.424631,55,808.746754
4.570825,14,809.432787
1.648882,6,809.687682
4.165113,13,810.239642
4.88425,14,810.858239
0.375282,2,810.94145
3.033073,9,811.298366
1.808232,6,811.571129
22.873569,54,813.927699
11.079682,26,815.010187
35.853536,64,817.55934
3.489509,10,817.994733
1.5099,5,818.276459
8.356463,23,819.262291
0.323753,2,819.351984
4.950196,15,819.98009
2.277003,7,820.274988
9.213341,28,821.463882
4.87064,13,822.031619
11.257206,28,823.282648
1.545031,5,823.48442
1.486181,5,823.692009
1.824111,6,823.936054
7.975966,21,824.735991
3.01737,9,825.101848
3.032395,10,825.483045
24.93414,76,828.497574
1.165984,5,828.704704
3.259347,10,829.112485
10.897167,26,830.109275
1.032611,4,830.2781
0.349473,2,830.358126
8.695036,21,831.156376
2.074701,7,831.439525
1.33387,5,831.654968
1.444532,5,831.923432
3.063647,10,832.361493
0.387364,2,832.454546
4.790803,13,832.95225
4.823959,15,833.550931
1.70796,6,833.780732
4.004723,12,834.236449
5.973423,20,835.020631
8.888082,22,835.975328
7.602962,22,836.885229
5.029793,13,837.409273
3.887913,11,837.825239
0.717972,3,837.948878
16.865339,48,839.849686
6.55802,17,840.529123
10.65365,25,841.68382
7.261035,18,842.455403
13.039248,33,843.784431
1.885123,6,844.030837
1.077428,5,844.248748
6.262348,18,845.118877
5.33302,13,845.666296
1.003188,4,845.838273
-8.482945,4,845.991806
3.697528,11,846.423007
8.528812,24,847.381635
4.438596,14,847.914395
0.721542,3,848.037191
0.747079,3,848.150707
3.680108,11,848.555689
1.06163,4,848.713775
7.09391,19,853.993123
5.472581,16,854.620731
1.008095,4,854.768154
9.649873,26,855.731225
1.170056,28,856.854123
38.562481,93,860.347897
1.461767,5,860.57783
4.090483,11,861.111571
5.587041,17,861.772336
0.724771,3,861.895691
21.167585,56,864.216973
2.855105,9,864.574033
3.990696,12,865.041615
1.039312,4,865.191034
0.334926,2,865.272574
6.769584,19,865.965069
12.98327,37,867.385724
2.650369,8,867.694692
9.726165,47,869.489011
5.744617,17,870.147789
-0.396521,26,871.258042
4.385777,13,871.746312
18.771997,51,873.836008
6.238615,16,874.515683
2.644447,8,874.841127
8.538238,24,875.793594
13.461255,46,877.580972
4.44755,13,878.087824
5.29595,42,879.748192
4.416392,13,880.330861
1.256269,5,880.544358
10.493559,26,881.678748
7.382622,20,882.547692
4.970075,13,883.074747
8.210794,23,883.986871
1.396151,5,884.185786
2.668253,8,884.505777
15.871012,42,886.198619
11.257967,28,887.294626
8.084466,21,888.098766
2.087415,6,888.363127
22.576867,60,890.889029
5.108068,14,891.450473
8.248023,24,892.385138
-7.456582,6,892.643648
5.236605,14,893.218178
4.598065,13,893.740166
17.290355,82,896.895128
-0.807159,24,897.791461
5.218747,14,898.326854
0.72751,3,898.453721
7.699623,21,899.267128
2.689153,8,899.68427
8.742576,22,900.625221
1.99036,7,900.892885
1.788876,6,901.133063
1.473975,5,901.341865
1.810875,6,901.609658
7.140406,20,902.373331
3.719371,11,902.798182
12.194826,33,904.053967
14.616026,41,905.651858
13.908402,38,907.076629
-7.328467,6,907.30476
3.508479,10,907.718235
1.528107,5,907.905301
10.238883,30,909.171381
1.643244,6,909.414396
3.316447,10,909.915594
1.710398,6,910.163594
14.068817,33,911.419654
7.503056,20,912.181124
1.418449,5,912.367576
1.512114,5,912.583857
22.293032,56,914.751071
2.666116,8,915.064267
-5.039842,14,915.616664
8.079896,22,916.472228
29.681156,76,919.556057
18.429308,67,922.073333
1.097979,4,922.233126
3.586411,10,922.612657
11.454099,31,923.769888
16.423881,42,925.350882
2.567369,9,925.689779
1.793639,6,925.991267
0.744108,3,926.148288
17.964369,53,928.250442
7.056438,18,928.982547
18.027391,41,930.667433
5.495019,15,931.250478
12.044638,34,932.583191
22.28668,52,934.658441
21.854217,68,941.604044
18.077074,45,943.367898
22.830832,57,945.71917
6.933774,24,946.696786
9.796125,29,947.844692
2.50545,7,948.129217
2.85469,29,949.43633
6.729007,19,950.216233
10.287263,29,951.359687
15.96548,38,953.043035
1.082453,4,953.214956
15.292864,43,954.951549
30.12664,63,957.463289
14.482717,41,959.197399
21.525872,50,961.218388
4.943821,15,961.891901
3.317541,10,962.312424
3.772672,12,962.808338
6.990244,21,963.640411
-2.866841,20,964.459812
13.833358,38,965.947034
3.007206,10,966.3534
-3.704552,18,967.098915
35.172277,107,971.490553
9.969114,26,972.50193
14.347843,36,973.930876
16.044409,86,977.376558
4.209419,13,977.890801
23.417748,55,980.2812
13.472425,33,981.611356
5.396066,17,982.295502
34.034164,99,986.156454
8.68757,22,987.025681
4.326282,12,987.526711
3.183928,8,987.854242
5.266816,16,988.658367
13.203075,35,990.056465
13.134279,30,991.250639
24.920483,73,994.070573
2.447683,8,994.396383
3.022713,9,994.764596
5.171638,15,995.356668
9.417458,82,998.756521
22.739328,54,1000.808993
0.097483,27,1001.864205
12.819078,53,1003.886547
5.376578,15,1004.464314
3.603904,10,1004.852857
13.342966,35,1006.298971
14.277652,51,1008.445042
1.518592,31,1009.632294
10.032323,25,1010.584015
15.779838,47,1012.391285
-3.292507,18,1013.105556
4.268609,12,1013.576112
4.733819,14,1014.140897
22.542868,56,1016.424358
10.855471,29,1017.57282
6.684301,17,1018.372308
7.230453,20,1019.140279
15.551053,48,1021.024227
3.539421,10,1021.427451
35.059966,83,1029.087892
6.480783,20,1029.896925
10.701685,32,1031.125269
28.020131,65,1033.821414
3.306906,9,1034.193835
18.247397,50,1036.143747
18.952293,46,1038.080636
56.677058,129,1043.210158
-3.095687,15,1043.788778
7.542647,21,1044.601302
26.578703,105,1048.712742
4.45074,12,1049.198784
9.649981,26,1050.288763
19.161623,87,1053.759084
14.262956,32,1054.978514
33.813929,76,1058.066964
3.049653,10,1058.450815
-6.554579,10,1058.846389
-1.109959,32,1060.180091
8.035393,23,1061.091091
2.639482,8,1061.402554
10.765961,58,1063.590672
34.751237,93,1067.244006
25.605224,99,1071.063914
23.458608,75,1073.877212
3.179944,9,1074.210896
5.39294,14,1074.736444
5.755853,16,1075.319701
35.341307,124,1080.065462
7.279325,24,1080.969102
33.984091,74,1083.748077
-4.117488,16,1084.340877
26.375655,76,1087.331502
29.923028,73,1090.033292
36.294878,128,1094.925484
13.44766,37,1096.381991
13.293745,59,1098.662483
26.176905,85,1101.931437
1.186136,5,1102.128507
13.395123,35,1103.569858
7.5992,22,1104.406569
-7.190472,7,1104.67096
18.911233,76,1112.03527
2.020973,6,1112.275544
28.950131,76,1115.189127
8.977588,26,1116.307475
14.197381,37,1117.752631
2.370049,7,1118.028444
4.72835,14,1118.541372
-2.369992,21,1119.32359
1.003028,4,1119.472954
31.160834,81,1122.500452
13.746231,35,1123.769787
3.454014,10,1124.141697
7.224842,22,1124.957624
32.171146,83,1128.089313
8.267073,20,1128.859775
36.802961,121,1133.52739
34.617213,110,1137.706536
17.211183,43,1139.477673
22.091813,56,1141.558422
4.86224,14,1142.079731
25.518204,69,1144.65519
25.085162,79,1147.829678
1.654143,6,1148.057862
5.007475,14,1148.579459
24.541282,56,1150.683707
28.572014,82,1153.651179
15.896009,67,1156.339791
10.257987,26,1157.323912
-5.627599,13,1157.818018
-4.959,15,1158.353291
25.629894,103,1162.079125
5.912924,38,1163.474334
3.742047,11,1163.901815
1.333104,45,1165.804322
4.603604,13,1166.284463
37.332846,101,1169.947226
7.718846,19,1170.658322
28.284209,81,1173.653399
27.878082,80,1176.642373
4.330161,13,1177.124493
16.066155,42,1178.694651
9.873229,29,1179.781924
14.291288,103,1183.658525
5.809499,16,1184.342767
9.064568,26,1185.313951
35.342394,88,1192.87073
10.021377,27,1194.008292
4.062409,12,1194.476451
13.686684,42,1196.031496
8.768934,29,1197.089627
29.258863,125,1201.757293
33.627517,90,1205.161478
6.535908,19,1205.855749
23.184484,80,1208.871886
25.373977,89,1212.128585
1.544758,5,1212.329273
12.021719,58,1214.516622
2.442646,35,1215.827177
-5.867965,13,1216.378508
16.062277,41,1217.915526
37.794866,117,1222.123353
9.648225,25,1223.137396
6.096049,20,1223.884953
27.068411,90,1227.29037
33.434244,130,1232.173761
13.054143,59,1234.627082
61.136891,176,1241.231856
9.940344,29,1242.358846
46.26104,155,1248.54907
44.848238,145,1254.2241
27.070148,83,1257.312341
49.280079,134,1262.5674
11.973823,31,1263.751066
41.457849,116,1268.120739
16.178864,78,1275.506915
53.059114,142,1280.95087
29.460414,138,1286.301795
31.984344,114,1290.797798
24.948205,92,1294.417552
18.596413,90,1297.940961
29.785086,103,1302.042896
-7.107068,8,1302.352636
63.082841,162,1308.646952
10.449859,26,1309.665679
28.444859,82,1312.916123
10.345699,53,1315.039361
7.915874,20,1315.852193
28.624868,100,1319.726878
29.558605,101,1323.773362
29.570759,76,1326.641765
31.895002,85,1330.024896
39.712225,102,1333.976856
21.287368,77,1336.920757
-5.703975,12,1337.348355
31.514486,87,1340.796761
27.289412,92,1344.158149
3.048743,32,1345.335151
65.94415,176,1352.181013
35.416066,109,1360.661883
6.849939,41,1362.248457
31.18971,95,1365.660798
45.755826,132,1370.788226
33.342061,87,1374.00408
55.193446,161,1380.204719
60.404519,133,1385.268389
-4.871756,16,1385.858605
-0.275092,27,1386.858016
-3.447786,19,1387.654762
27.967774,104,1391.483676
56.215448,165,1397.807925
47.405966,145,1403.32379
32.420571,77,1406.162989
-3.935271,19,1406.992649
35.256708,157,1412.869134
-0.046798,25,1413.817356
24.581512,116,1418.207978
8.81198,49,1420.099916
13.383149,64,1422.487195
28.417422,102,1426.376796
62.322399,161,1432.394562
50.37665,176,1443.24816
3.118356,8,1443.538118
18.082795,81,1446.647245
29.313511,120,1451.033327
5.414823,12,1451.474703
62.732989,169,1457.899303
35.212815,115,1462.011351
67.679704,169,1468.215333
19.067365,105,1472.086426
19.017597,83,1475.160884
59.628477,176,1481.509296
9.438335,54,1483.477853
23.136105,107,1487.400902
28.758376,115,1491.577774
51.322596,153,1497.187953
24.423928,107,1501.190036
45.612934,113,1505.328369
57.324697,176,1511.765867
8.421183,64,1514.223629
50.171345,164,1524.835796
25.101864,87,1528.047857
25.970309,105,1531.889637
10.091884,53,1534.097915
0.384199,28,1535.114694
58.497178,143,1540.370807
67.812694,168,1546.829081
60.603765,176,1553.63923
43.171397,97,1557.311033
41.752706,120,1561.934848
35.349525,104,1565.79839
33.782411,101,1569.535418
3.717495,34,1570.782583
27.251526,102,1574.744531
-3.961854,17,1575.385388
44.325337,129,1580.263975
10.113422,52,1582.338536
55.468257,120,1586.868929
51.564626,120,1591.309126
57.020637,148,1596.779414
-5.95497,11,1597.181606
65.121558,171,1608.171101
21.974335,97,1612.010597
26.744808,83,1615.189768
50.66817,136,1620.342214
48.082398,124,1625.120973
24.831605,95,1628.645993
35.806441,117,1633.208702
28.356089,103,1637.103591
43.669404,117,1641.667446
56.680819,176,1648.339998
13.880392,39,1649.908156
-1.709494,20,1650.685932
28.730087,91,1654.043168
66.024532,176,1660.816321
12.034684,66,1663.139354
42.714858,134,1668.080983
30.72077,72,1670.83379
19.201867,53,1672.728638
41.863907,102,1676.499386
55.810784,154,1686.606557
-0.179498,26,1687.560907
66.404231,168,1694.09875
14.544,39,1695.547199
64.450559,176,1702.291076
41.386287,163,1708.492311
-4.545599,16,1709.143753
26.930463,71,1711.86384
61.309257,153,1717.633828
25.100205,86,1720.959673
49.230772,172,1727.555338
-2.049458,18,1728.240236
18.857404,76,1731.069738
28.479187,67,1733.590498
49.268497,176,1740.254673
6.530587,86,1743.446375
29.458473,72,1746.206885
21.261385,72,1748.953193
55.172891,176,1755.39493
47.533203,176,1766.455255
31.018931,98,1770.055323
62.135718,172,1776.864386
60.85486,168,1783.30031
49.347193,176,1790.389222
59.61349,157,1796.08392
53.593482,139,1801.119852
11.879156,60,1803.276913
33.999456,92,1806.764919
44.691778,161,1812.542443
21.74576,111,1816.760177
58.215188,176,1823.018611
30.105265,107,1827.072005
52.141166,147,1832.279085
3.709307,12,1832.815547
44.203682,152,1838.365228
37.130543,142,1847.914058
14.172864,73,1850.721498
4.942339,43,1852.25773
27.109436,107,1856.167976
33.556283,103,1859.993048
8.546296,75,1862.727675
4.334965,37,1864.179738
3.602778,35,1865.452892
68.905904,147,1870.87754
26.071337,86,1874.048897
12.227035,56,1876.073422
60.933759,175,1882.435594
53.724931,144,1887.776896
68.013573,165,1893.835987
66.999258,158,1899.563329
19.314875,86,1902.92329
3.058011,31,1904.069092
15.828599,88,1907.261835
5.042066,50,1909.06829
37.466418,157,1914.865333
69.693666,154,1920.518955
19.824728,72,1927.48065
-6.992749,8,1927.773674
64.800207,169,1934.119979
14.822556,66,1936.498762
40.387424,117,1941.043176
21.704395,93,1944.404307
60.191619,176,1950.924103
32.260007,70,1953.410256
21.424878,67,1955.891862
46.001124,172,1962.110782
22.155872,56,1964.221378
17.82339,79,1967.033509
68.286564,169,1973.360499
-1.065064,22,1974.151559
24.57043,90,1977.43799
9.856553,53,1979.373412
0.655907,35,1980.750765
50.023182,110,1984.779251
18.019267,77,1987.535379
35.13873,92,1991.037574
22.861924,100,1994.603102
41.233916,147,2000.081738
66.630262,173,2010.623383
27.851128,100,2014.176944
70.380563,156,2020.021629
66.297467,150,2025.437235
20.191551,68,2027.937085
-2.100562,28,2028.957016
71.534021,147,2034.38352
20.173978,85,2037.490644
60.689659,144,2042.837329
29.867777,105,2046.579198
44.690507,124,2051.247148
20.286732,53,2053.123164
9.51557,48,2054.798462
29.857004,81,2057.844003
67.670073,157,2063.610177
-5.349286,12,2064.044226
15.946393,66,2066.437967
63.45679,137,2071.464614
55.402704,141,2076.518958
63.456564,165,2086.928719
1.927487,28,2087.926264
36.831697,125,2092.38183
24.451813,99,2096.238631
38.814797,126,2100.741926
0.160098,27,2101.705209
-4.818589,13,2102.178573
65.818877,161,2108.106668
20.048274,74,2110.738689
26.841488,90,2114.003813
57.156242,122,2118.45127
16.607819,67,2120.99792
21.199372,73,2123.567134
66.103603,152,2129.232781
10.856112,57,2131.336837
68.984386,160,2137.264981
56.516038,149,2142.594203
62.12708,129,2147.44033
56.155018,148,2152.756558
10.692875,60,2155.149165
62.574729,176,2166.136676
68.251978,153,2171.546291
37.525324,115,2175.948141
-4.083782,17,2176.563023
-2.111273,20,2177.260896
70.835181,148,2182.624574
26.464708,82,2185.650358
55.602363,127,2190.265844
18.535198,76,2192.938323
69.245921,149,2198.487371
57.807639,130,2203.432959
20.900816,92,2206.766681
62.524288,168,2213.08846
32.09368,125,2217.712118
69.284021,152,2223.283182
68.407154,152,2228.902479
67.372762,149,2234.517893
0.455749,26,2235.473042
31.256737,110,2239.501328
69.339926,145,2249.142805
26.993979,86,2252.493231
23.736177,75,2255.169961
26.067375,87,2258.272502
18.620943,80,2261.405461
71.29766,147,2266.645943
68.584153,148,2272.145604
26.578945,88,2275.229143
65.438388,132,2280.059701
65.732646,157,2285.800274
68.708752,151,2291.430164
62.502949,130,2296.187812
-5.737666,11,2296.610043
12.714163,49,2298.380701
-3.357587,17,2299.019046
53.961435,129,2303.796535
3.153472,33,2305.073295
69.202959,149,2310.48277
8.309455,24,2311.343462
22.860065,69,2313.9332
18.772817,62,2316.14327
59.979269,126,2325.097117
66.630069,149,2330.61472
68.420304,167,2336.541086
25.411716,101,2340.243358
61.278486,159,2345.868719
5.984735,37,2347.215055
66.021047,155,2352.921818
61.738286,161,2358.849845
69.646376,158,2364.43154
10.002353,57,2366.620161
68.639257,151,2372.089928
64.037199,144,2377.286028
22.313696,73,2379.994054
68.981186,148,2385.380358
67.113119,152,2390.839662
69.900661,149,2396.211083
62.76291,145,2405.874764
65.539549,160,2411.898374
64.144783,172,2418.313009
61.88065,176,2424.652499
24.622802,88,2428.05666
56.285093,176,2434.391251
66.553848,169,2440.696592
65.337919,161,2446.626884
67.066517,158,2452.171263
48.403134,123,2456.772216
30.034427,110,2460.656227
19.801039,89,2463.97511
18.814459,80,2466.913278
61.646089,176,2473.278446
66.839741,171,2483.739508
68.811499,154,2489.418274
69.406112,149,2494.756807
73.321572,151,2500.322591
55.804219,155,2506.163501
60.62889,136,2511.068099
-0.299229,26,2511.9944
70.871021,150,2517.680462
65.078529,168,2523.866961
54.976125,131,2528.670221
44.3821,166,2534.927478
19.533138,71,2537.505623
-5.989416,11,2537.895634
33.937654,88,2541.269051
53.052543,140,2546.47272
70.791175,149,2552.01007
53.96302,133,2556.848414
65.774169,158,2567.103113
19.272593,70,2569.627598
43.007183,119,2573.976466
71.646608,156,2579.656245
66.380989,153,2585.361619
67.138951,142,2590.431351
10.954721,52,2592.392876
13.576544,52,2594.441535
66.152692,151,2599.899197
72.84663,143,2605.31684
71.3172,145,2610.758933
29.015268,83,2613.958971
12.151865,30,2615.080968
67.608567,149,2620.818711
66.690764,147,2626.269159
67.906132,147,2631.898207
46.66902,129,2636.594869
