#{"t_start": 1773418928.0909991, "env_id": "continuous-highway-v0"}
r,l,t
-0.039847,13,5.524787
-1.600398,11,5.826948
-1.136962,12,6.154017
0.07819,13,6.51909
-1.076816,12,6.869458
-1.338123,11,7.171979
-0.491283,12,7.510684
-0.467755,13,7.887362
-0.356467,13,8.248778
-0.062744,13,8.622415
-1.504032,12,8.943938
-1.576686,11,9.249397
-0.776234,12,9.593462
-0.841111,12,9.9279
-0.777685,12,10.268958
-1.917465,11,10.576644
-0.637744,12,10.916781
-0.346625,13,11.285872
-0.400571,12,11.622309
-1.794711,10,11.892178
0.292945,13,12.26504
-1.096251,11,12.587391
-0.919485,12,12.918034
-0.856893,13,13.284116
-1.383615,11,13.584537
0.504912,15,14.011628
-0.76435,12,14.351373
-0.330447,12,14.676374
-0.775978,13,15.048151
-1.326861,11,15.355412
-0.322211,12,15.691139
-0.346035,12,16.027382
0.665882,14,16.427799
-0.356297,12,16.769172
-0.913311,12,17.109888
-0.782615,11,17.414433
-0.062097,14,17.811646
-0.119741,13,18.181797
0.436392,14,18.57843
0.063303,14,18.959983
1.004674,15,19.387216
-0.608326,12,19.717189
-1.415398,11,20.029844
-0.615357,11,20.336634
-1.021837,12,20.664407
-1.607714,11,20.96701
-1.288465,12,21.298001
-2.25576,10,21.589687
-0.975068,12,21.925085
0.027438,13,22.297216
-0.226771,13,22.660398
-1.831228,11,22.976084
-1.665393,11,23.294785
-0.813768,12,23.640329
-1.451814,11,23.947808
-0.049663,12,24.275528
0.667851,13,24.641055
-0.580381,13,25.006319
-0.785304,13,25.366556
-0.959293,11,25.685351
-0.02468,12,26.034232
-0.674307,12,26.365323
-1.663326,10,26.641175
-0.685783,12,26.976623
-0.991045,11,27.293004
-1.870227,11,27.598111
-0.788399,12,27.941386
-1.417046,11,28.263142
-0.003,13,28.624414
-2.344423,10,28.90696
-1.776211,10,29.187351
-0.658405,12,29.531833
-0.322498,12,29.869421
-1.775741,10,30.147871
-1.101445,12,30.469486
0.241217,14,30.872458
-0.038635,14,31.269815
-1.656954,11,31.587509
-1.177213,12,31.932458
0.171235,13,32.302045
-1.333763,12,32.62832
-1.685672,10,32.907164
-0.602479,12,33.259984
-1.120002,11,33.57375
-1.369458,11,33.887678
0.091554,12,34.217285
-0.079075,13,34.580181
-0.836397,12,34.9214
0.818424,15,35.33533
-0.832619,12,35.672163
-0.320074,12,36.005204
-0.262454,13,36.375433
-0.705626,11,36.677698
-0.886449,12,37.032753
-0.915443,12,37.37065
-0.76001,13,37.7334
-0.91778,12,38.074693
-1.370844,11,38.400173
-0.8514,13,38.766105
-1.166122,12,39.115356
-0.756986,13,39.495772
-0.795478,13,39.867161
-0.853052,12,40.209224
-1.013689,12,40.548233
-0.56479,13,40.9189
-0.707269,11,41.245012
-0.425826,13,41.61117
-1.020187,12,41.964535
0.070824,14,42.368641
-0.469981,13,42.734882
-0.098448,13,43.114141
-1.46983,10,43.405713
-1.909518,11,43.717217
-0.161614,13,44.069187
-1.219022,11,44.382022
-1.121604,12,44.725307
-0.831995,12,45.091903
-1.595964,11,45.439442
-1.234247,12,45.836578
-1.382876,12,46.257488
-1.484611,11,46.66716
-0.389198,13,47.135986
-0.547733,13,47.611818
-0.146031,13,48.091027
-1.935358,10,48.505962
-1.25146,12,49.03089
-1.249032,12,49.508704
-0.254388,12,49.984498
-0.788657,12,50.466523
-1.341547,12,50.9045
-1.266057,11,51.333279
0.479025,14,51.884545
-2.11696,10,52.271583
-1.076435,11,52.719266
0.108528,13,53.272916
-0.525405,13,53.791112
-1.016113,12,54.249996
-1.298167,11,54.653026
-0.206006,14,55.173614
-0.349342,12,55.629736
-0.457079,12,56.079057
-0.450879,13,56.574183
-1.374598,11,57.033875
-2.074079,10,57.455834
-1.55257,11,57.8711
-1.1879,11,58.261465
-1.98737,10,58.679382
-1.986313,10,59.053989
-1.532982,11,59.477414
-1.820205,11,59.916725
-0.272727,12,60.372942
-1.445491,11,60.88865
0.094684,13,61.42975
-0.271802,13,61.920857
-0.182948,12,62.367462
-1.740975,10,62.763105
-1.904166,11,63.220655
-1.776901,10,63.693679
-1.394045,12,67.925862
-1.026439,12,70.346999
-0.876825,12,70.792748
-0.128955,12,71.302838
-0.31195,13,71.854846
-1.781096,10,72.285275
-2.408022,10,72.643141
-0.088467,13,73.326134
0.438573,14,73.858285
-0.482647,13,74.462094
-2.365313,10,74.94817
-0.166233,13,75.669364
-1.365829,11,76.16918
-0.684086,13,83.087233
-1.83238,12,83.577707
-0.389306,13,84.432796
0.195409,14,85.112606
-0.336771,13,85.85291
0.540272,14,86.665874
-0.48832,12,87.428908
-1.373893,12,88.067281
-1.173352,11,88.756546
-1.298619,11,89.370495
0.5525,14,90.20541
-2.71432,9,90.813367
-0.627525,13,91.584356
0.116455,13,92.409246
-1.547931,11,93.081943
0.230817,13,93.719661
-1.013443,11,94.204591
-2.386546,10,94.680037
-0.06186,12,95.226869
-1.297333,12,95.956631
-1.98993,10,96.431825
-1.130263,11,97.024269
-0.646413,14,97.627595
-0.34647,14,98.395327
-0.234628,13,99.01069
-1.79298,11,99.769212
-1.922865,10,100.437115
-0.266452,13,101.170314
-1.781514,11,101.757237
-1.733112,11,102.323266
-0.975125,11,102.822922
-2.629214,9,103.310417
-0.050455,16,104.146524
-1.226721,11,104.742668
-0.518597,13,105.497603
-0.538939,13,106.196442
0.116489,14,106.989691
-1.181371,12,107.523984
-0.318288,13,108.159082
-0.497749,13,108.78555
-1.10544,12,109.342683
-0.095474,13,110.09364
-1.205664,12,110.685916
-1.751041,11,111.31824
-0.819297,12,111.891106
-0.734651,12,112.523246
-0.703012,13,113.164521
-1.782294,12,113.674927
0.298287,15,114.477149
-0.483709,12,115.08899
-1.327588,12,115.78928
-1.324766,12,116.4475
0.388427,13,117.028355
0.680122,15,117.888591
-1.043999,12,118.549918
-0.758666,12,119.19972
-2.150737,11,119.915945
-1.790304,10,120.6099
-0.756207,12,121.235683
-1.436651,11,121.851011
-0.549103,13,122.671187
0.128069,14,123.493429
-1.360223,10,124.027017
-1.448515,11,124.512122
-1.694221,11,125.034797
0.767351,14,125.833928
0.708408,15,126.751945
-0.530933,12,127.401369
-0.748049,13,128.212683
-1.409089,11,128.817878
-1.865924,11,129.422673
0.053609,14,130.198793
-1.20165,12,130.879361
-0.553873,12,131.451251
0.536018,15,132.306293
0.616538,14,133.200034
-0.536809,13,133.982758
-0.853221,12,134.73782
-1.351463,12,135.641129
-1.95276,11,136.307611
0.10189,13,137.010583
-0.999109,12,137.780931
-2.065347,11,138.494874
-0.110587,13,139.187855
0.018029,13,139.89434
-1.24392,12,140.5575
0.31235,14,141.203047
-0.753996,11,141.902743
0.280889,14,142.742602
-0.730011,12,143.516962
-1.056393,12,144.220687
0.179815,14,144.972513
-0.952266,13,145.519105
-0.690757,13,146.310632
-0.641445,13,147.070251
-0.975702,13,147.844434
-0.243458,13,148.550424
-0.282252,13,149.303484
-2.401479,10,149.792517
-1.150944,11,150.240001
-1.548881,11,150.80311
-1.224503,11,151.496231
0.521615,15,152.326394
-0.840234,12,152.935074
-0.599516,12,153.647516
-1.037758,11,154.234449
-1.371814,11,155.039161
1.093898,14,155.928579
-0.968983,13,156.646272
-2.0191,11,157.363211
-1.08144,12,158.115477
-1.770273,10,158.78487
-2.403007,10,159.334282
0.353188,14,160.184407
-0.569173,13,160.857652
-1.132582,13,161.445594
-0.536246,12,162.187216
-0.550247,12,162.908077
-1.797546,11,163.525282
0.374973,13,164.32551
-0.837507,13,165.129588
-0.083194,14,165.983683
-0.40522,13,166.77124
-1.098224,11,167.490172
-0.569478,14,168.270599
-0.402389,14,169.103495
-2.181166,10,169.590387
-1.549021,11,170.244408
-0.459006,13,171.03343
-0.238849,12,171.799163
-2.221626,10,172.365676
-2.346468,10,172.973384
-1.552741,11,173.582587
-0.823499,12,174.265389
-0.475767,13,174.863019
-0.585344,13,175.416808
-1.073352,12,175.99506
-1.096305,11,176.794443
-0.869831,12,177.465299
-0.918597,12,178.239695
-2.510482,9,178.74846
-0.648181,12,179.418128
0.235994,12,180.093262
-0.657023,12,180.879199
-0.848188,12,181.572675
0.002452,13,182.32955
-0.790191,13,183.069036
-1.753679,10,183.678988
-0.918063,11,184.240574
-1.151864,13,184.890296
-0.001943,15,185.750379
-1.705358,10,186.373605
-1.863951,10,186.800578
-0.459262,13,187.30176
0.023709,14,188.015228
-1.424016,11,188.639412
-0.629928,12,189.167303
-1.603018,11,189.73303
-0.527711,12,190.257451
0.091036,13,190.872414
-1.67491,11,191.423594
-1.668851,11,192.053592
-1.359216,12,192.582065
-1.236269,12,193.115873
-1.435497,13,193.882455
-0.888316,11,194.503363
-1.045625,12,195.201199
-1.162061,12,195.788505
-0.93094,12,202.066566
-1.258734,11,202.544445
-0.91208,13,203.103144
-1.450814,12,203.664199
-0.459256,13,204.135558
-0.919371,12,204.635476
-1.602769,12,205.128339
-0.855403,11,205.5547
-0.117459,13,206.085661
0.598363,16,207.108103
-1.271013,12,207.598198
-0.991113,14,208.212925
-0.087784,13,208.753645
-0.961491,13,209.2603
0.441593,16,209.886018
-1.287126,11,210.308659
-0.599809,13,210.819562
0.438805,14,211.373797
-1.220001,13,211.903769
-1.453416,11,212.322714
-1.048039,12,212.790423
-0.397175,13,213.289514
-0.387567,13,213.812062
-1.046973,12,214.305066
-1.143036,11,214.760568
-0.348397,12,215.221158
0.282781,14,215.746313
-1.769033,10,216.139757
-1.049331,14,216.687426
-0.563793,13,217.260852
0.211359,13,217.734641
-0.53112,13,218.211366
-1.557609,12,218.63348
-1.212789,13,219.159695
0.845759,15,219.722482
-1.446836,11,220.131213
-0.85409,13,220.61069
0.200337,15,221.164056
-0.829619,13,221.695751
-0.36352,14,223.114558
-2.145411,11,225.129154
0.52194,15,227.2721
-1.395538,12,228.553753
0.186006,15,229.132885
-0.829081,14,229.682737
-1.491712,11,230.075143
-0.78444,12,230.52037
-1.587383,12,231.049098
0.785831,15,231.607206
-1.651442,12,232.055379
0.280093,15,232.617749
-0.295411,13,233.132465
-1.782354,11,233.669941
0.581502,16,234.283993
-0.619516,13,234.790466
-0.513842,14,235.344769
-1.432561,11,235.768635
-1.105283,12,236.255773
-0.875726,12,236.706909
0.030093,13,237.199445
-1.543493,12,237.653361
0.346039,16,238.249492
-1.546744,11,238.675019
-1.261096,13,239.175752
-1.552314,12,239.631497
-0.334258,13,240.111793
-0.849279,13,240.621798
-0.381954,13,241.137017
-0.451446,12,241.571286
-1.624019,12,242.038023
-0.515157,15,242.595708
-0.290211,12,243.040742
-0.279898,16,243.649054
-1.334174,12,244.089301
-0.460303,13,244.57908
-1.230097,12,245.048114
-0.29559,13,245.542323
0.481468,14,246.079156
-1.787224,10,246.474193
-1.583966,11,246.878373
-0.776116,12,247.344696
-0.966035,11,247.776669
-0.314507,14,248.330446
-1.244724,11,248.743358
-1.910838,11,249.166973
-0.247788,14,249.72497
-0.090633,15,250.278349
0.504234,13,250.783271
-0.66714,12,251.245497
-1.419389,12,251.699395
-0.573719,13,252.192212
-0.678537,12,252.658131
-1.541163,11,253.062284
-0.242073,14,253.580566
0.043995,14,254.120569
-1.414413,12,254.590963
-2.022922,11,255.000287
0.327463,15,255.571581
-0.869287,13,256.058281
-1.268132,11,256.454577
-1.913005,11,256.850828
-1.083537,13,257.321651
-1.030234,13,257.794852
-0.441686,13,258.258754
-0.438154,12,260.49653
-0.313855,13,264.50777
-0.396944,13,266.47633
-1.114002,12,266.893378
0.843362,16,267.474072
-1.075358,13,267.953574
-1.177294,12,268.364899
-0.517768,14,268.863269
-0.378179,14,269.372492
0.563942,15,269.917895
0.739764,15,270.442168
-0.4018,13,270.89325
-0.74612,12,271.316304
0.012942,13,271.767076
-1.116307,11,272.158165
0.663326,14,272.624489
-0.77185,11,273.004253
-0.823419,13,273.459229
-0.939026,12,273.890945
-2.421676,9,274.200639
-2.227716,10,274.553008
-1.189446,12,274.997851
0.35461,16,275.590733
0.388667,14,276.086453
0.055426,14,276.581562
0.709276,15,277.119014
0.14985,13,277.588608
-0.071104,14,278.083995
-1.11087,12,284.180916
-1.014762,13,284.78496
-0.33023,13,285.25352
-0.467821,13,285.738885
0.857042,15,286.264367
-0.404895,13,286.729326
0.428701,15,287.267776
-0.888571,12,287.696231
-0.397912,13,288.148809
-0.228304,14,288.652775
0.0843,15,289.153888
-0.689625,13,289.595127
-0.910194,13,290.033314
-1.24265,11,290.415595
-1.298777,12,290.836427
-1.306822,13,291.29203
-1.526473,11,291.667605
-0.701264,12,292.084766
-1.517754,12,292.499696
-0.549525,14,292.977249
-1.268435,11,293.361785
-1.389094,12,293.777091
-1.868663,11,299.887942
-2.282699,10,301.98823
-0.43011,15,302.541925
-0.659602,13,303.010265
-0.827025,12,303.407347
-1.016753,13,303.841864
-1.315467,11,309.388513
-0.589666,14,309.787497
-1.934544,12,310.126675
-0.590324,13,310.492445
-0.295256,15,310.946819
-1.774434,12,311.294555
1.319746,17,311.777036
0.032255,15,312.226463
1.106966,17,312.704032
-0.466915,12,313.050891
-0.564352,13,313.42977
-0.545859,13,313.815382
-2.176533,10,314.10729
0.040092,13,314.476914
-0.678488,13,314.833004
-0.677796,14,315.226767
0.079851,13,315.599971
-0.455894,14,315.996901
-1.047464,13,316.364879
-0.024489,17,316.875811
-1.035128,13,318.553185
0.417782,15,318.963322
0.012748,14,319.348884
-0.022828,16,319.818992
-0.281672,15,320.257975
-1.014232,14,320.667006
-1.127674,13,321.04404
0.25378,13,321.413376
-1.825469,12,321.750577
-1.009491,13,322.130856
-1.406067,13,322.501578
-1.257891,12,322.841484
-0.430722,14,323.229622
-0.982624,13,323.594442
-2.096618,11,323.914143
0.368881,14,324.303035
-1.251712,12,324.62731
-0.623528,12,324.966906
-1.214611,13,325.332317
-0.229479,14,325.717985
-1.511975,11,326.031765
-0.531536,14,326.430952
-1.396654,13,326.7976
0.254224,14,327.193772
-0.408598,14,327.574264
-1.574651,11,327.905942
-0.466252,14,328.337511
-1.460732,12,328.705147
-0.392415,13,329.087002
-0.41823,14,329.524767
-2.042356,11,329.84341
-1.726157,11,330.180154
-0.689995,15,330.629098
-0.681739,12,330.976887
-0.741006,13,331.348392
-1.361517,11,331.7021
-0.409325,14,332.11994
-0.98238,12,332.460882
-0.307816,13,332.834281
-1.204447,12,333.201342
-0.475324,13,333.567993
-2.281712,10,333.862094
0.384115,15,334.285984
-0.596039,14,334.687698
-2.419634,11,334.998859
-1.365999,11,335.311017
-2.492766,10,335.60071
-0.398507,14,335.996362
-0.433568,14,336.407171
-0.385972,13,336.783022
0.632146,15,337.222358
-1.686432,12,337.566819
-1.664675,11,337.881519
-1.354086,13,338.245858
-1.293533,12,338.597566
0.536425,17,339.085756
-1.831353,10,339.369727
0.518588,15,339.786736
-1.196397,12,340.121679
-0.502373,13,340.494961
-1.39509,12,340.836243
-0.175596,14,341.23878
-0.26432,15,341.659328
-1.026333,12,341.997538
0.545345,14,342.388174
0.66531,16,342.840837
-0.97651,13,343.196317
-0.935591,14,343.59547
-1.67312,12,343.939849
-1.228884,13,344.310879
-1.451259,12,344.658351
-0.830683,13,345.025501
-0.849744,13,345.39727
0.313205,13,345.766062
-0.470566,13,346.141665
0.351478,14,346.545702
-0.544069,14,346.943016
-1.277718,12,347.283864
0.233875,15,347.711264
-0.307326,15,348.139881
0.745373,16,348.596533
-1.62302,11,348.907709
-0.116959,15,349.320462
-1.753661,11,349.641236
0.116789,14,350.050633
0.220708,15,350.477887
-0.592483,12,350.826123
-1.367409,12,351.179557
0.074877,14,351.582124
-1.561435,12,351.936458
-0.010862,14,352.341202
-0.83212,14,352.743799
0.012831,13,353.113961
-0.2455,14,353.525713
-1.125912,12,353.874741
-0.809633,13,354.245854
-0.126544,14,354.638774
-2.055786,11,354.950612
-0.565905,13,355.326733
-0.909254,14,355.737271
-0.702903,14,356.12889
-0.924838,12,356.478782
-0.129234,15,356.895716
-0.587843,14,357.307253
-1.14907,12,357.65344
0.780563,15,358.067821
0.08908,16,358.512909
0.033254,15,358.937443
-0.805737,12,359.26516
-1.982913,10,359.553316
-0.796192,13,359.926783
-0.58218,12,360.266377
0.790928,16,360.714505
-0.389991,13,361.099324
0.342591,18,361.626209
-0.183171,14,362.023044
0.474596,15,362.451927
0.778106,17,362.922673
-0.700154,12,363.275548
-1.927422,12,363.634879
-0.62862,14,364.032786
0.3746,15,364.465651
-0.51723,12,364.793234
-0.999674,13,365.162457
-0.669364,12,365.511165
-2.441507,10,365.786595
-1.635267,11,366.113624
-0.325737,13,366.487697
-1.218498,12,366.827461
-1.207349,12,367.163028
-0.2442,14,367.555565
0.111641,14,367.957645
-0.724254,12,368.301986
-2.155367,11,368.620108
-0.119915,15,369.053796
-0.77828,14,373.961102
0.240949,15,374.398428
-2.229157,12,374.731439
-0.31741,15,375.157048
-1.628967,12,375.503833
0.382055,15,375.996798
-0.819384,13,376.430867
-1.91278,12,376.805114
-0.397012,13,377.180539
0.038173,15,377.61005
0.401324,16,378.063317
-1.875097,11,378.399501
0.118676,17,378.883799
-0.674573,14,379.273361
0.477603,16,379.723526
-0.205249,15,380.142136
-0.546201,16,380.585134
-0.098512,15,380.997776
-0.338502,13,381.376448
0.692288,16,381.8157
0.797204,17,382.279822
-1.129199,13,382.647813
-2.03224,11,382.972304
0.273778,17,383.436011
-0.486963,14,383.839871
-0.5054,14,384.220965
-1.302284,11,384.532922
0.897871,17,385.010539
-1.899505,12,385.355249
0.8311,17,385.83519
0.203755,16,386.290245
0.533545,15,386.718045
0.339201,16,387.189552
-0.094394,14,387.582574
-0.053773,14,387.990077
-1.157384,13,388.359328
-1.174434,12,388.722956
-0.979738,13,389.092785
-0.580283,14,389.499455
-2.072689,11,389.811685
-0.509438,14,390.202216
-0.212305,16,390.651204
-0.416146,16,391.100444
-0.520044,13,391.462455
-1.123456,14,391.86702
-0.300907,13,392.256737
-0.303604,15,392.686131
-0.030691,17,393.17228
-0.855977,14,393.586462
0.31301,15,394.015351
0.240266,15,394.442001
-2.088501,10,394.731608
-0.231576,16,395.166267
-0.893809,12,395.506413
0.390893,19,396.056911
-0.113724,15,396.484981
-0.035399,16,396.941834
0.024756,15,397.354641
-0.862444,15,397.791414
0.946297,16,398.241879
-2.186511,11,398.549545
1.001572,17,399.012502
-1.987907,11,399.309245
-0.751078,14,399.687147
-0.512959,14,400.077898
-0.78283,14,400.466588
-1.561155,12,400.80324
-1.584512,13,401.160801
-1.062193,13,401.545731
-0.288991,15,401.977439
-0.693289,14,402.368587
1.248116,21,402.959823
-0.01692,14,403.359221
-0.517234,14,403.754621
-0.386018,16,404.201621
0.487371,16,404.672597
-0.205577,15,405.082184
-0.490673,13,405.461601
-0.715689,13,405.819155
-0.561215,15,406.244011
-1.793331,11,406.560467
0.033647,15,406.986277
-1.4522,12,407.334303
-0.712661,14,407.726377
-1.22238,14,408.120277
0.684891,16,408.575275
-0.347215,14,408.988488
-0.813646,13,409.350699
-2.164082,12,409.676779
-1.30532,13,410.057912
-0.404483,15,410.494633
-0.778056,13,410.863278
0.749568,17,411.363166
-0.547541,15,411.795356
0.8289,18,412.3083
0.180229,17,412.794885
-1.659098,12,413.132163
-1.294292,13,413.511117
0.031695,16,413.961689
-2.257574,10,414.240258
0.255175,16,414.696872
-0.534956,14,415.085144
-0.755346,13,415.459824
0.420977,14,415.856772
-0.748609,14,416.266555
-0.301881,15,416.706511
-1.669452,12,417.047217
-2.064244,13,417.423853
0.591363,17,417.898506
0.289522,16,418.34732
-0.761816,14,418.757889
-0.176474,16,419.207457
-1.304059,14,419.612599
-1.361036,13,419.97959
-0.868304,14,420.373701
-1.599346,13,420.752431
-0.511851,16,421.201383
0.030437,15,421.639272
-1.951252,11,421.943283
0.260855,17,422.426252
-1.125027,13,422.78383
0.638906,15,423.196918
-1.572829,12,423.542613
-0.900585,14,423.951507
-0.56907,14,424.337657
0.696513,16,424.800501
-0.716443,13,425.182475
-0.766025,14,425.592242
-0.553945,12,425.955992
-0.973161,12,426.299056
-0.530767,15,426.718375
-1.085516,13,427.106486
0.275924,16,427.560475
-1.082122,14,427.964307
-0.351192,13,428.34333
0.135958,16,428.796548
-0.523293,13,429.153428
-0.458007,16,429.610975
-0.351146,14,430.00159
-1.471078,12,430.338977
-1.237571,13,430.712628
0.814452,18,431.227117
-1.441397,13,431.603203
-0.558516,13,431.985027
-2.249839,11,436.783878
-0.123561,15,437.214885
-0.6278,15,437.632436
-0.94728,13,438.013569
-1.006554,13,438.389673
0.050278,15,438.815347
-1.51191,13,439.182471
-0.75087,14,439.594668
-0.550011,13,439.945803
-1.240698,13,440.321206
-0.823631,14,440.704122
-0.795106,14,441.113872
-0.459163,15,441.527978
-0.069587,16,441.977868
-0.12318,15,442.39071
-1.451825,12,442.747564
-0.043286,15,443.148648
-1.152438,12,443.498091
0.627029,18,444.013538
-1.922599,12,444.351359
-1.277538,13,444.717482
0.19626,15,445.12
-1.129962,13,445.486296
-0.583063,15,445.914052
-1.823482,14,446.320996
0.089804,14,446.709337
-0.999705,13,447.079219
-0.050086,16,447.529367
-0.314105,15,447.946963
-1.663215,13,448.314158
-1.7305,12,448.664629
0.085109,15,449.087443
-0.79184,14,449.471941
-0.350121,14,449.876959
0.255242,16,450.329768
-0.12204,15,450.748614
0.371757,15,451.182759
-1.108569,14,451.583819
0.174589,15,452.017942
-2.222322,12,452.34899
0.068429,16,452.795412
-1.193686,14,453.1859
-1.295207,13,453.545951
0.621823,19,454.088988
-1.438859,13,454.459218
-0.567492,15,454.901054
-0.306703,15,455.327913
-0.320586,16,455.790963
0.571465,16,456.234227
0.399683,15,456.646156
0.472135,18,457.147686
-0.946395,15,457.573176
-1.175089,13,457.962258
-0.720953,14,458.360021
-0.509335,14,458.766309
-0.076439,15,459.193454
-0.856689,14,459.589734
-0.606568,16,460.040639
-1.873755,13,460.407614
-1.16427,14,460.798072
0.372752,18,461.319129
-1.26769,14,461.715958
-1.188404,12,462.065048
-0.530183,13,462.430112
0.187242,15,462.851617
-0.482002,15,463.280433
0.832763,18,463.798274
-2.103914,11,464.104138
0.043958,15,464.531221
-0.642983,14,464.931226
-0.427387,14,465.324044
-1.790609,12,465.650421
-1.273787,13,466.026811
-0.378136,15,466.448761
-0.150974,18,466.964911
-1.42914,13,467.324886
0.313751,16,467.762294
-1.624116,13,468.132613
0.771206,19,468.674136
-1.458444,13,469.060309
0.040054,14,469.452472
-1.705221,13,469.827
-1.334566,12,470.161729
-0.530708,14,470.565328
-0.312948,16,471.024079
-1.212224,13,471.379594
-0.181742,16,471.831815
0.899017,17,472.321152
-0.778292,16,472.763987
-1.391682,14,473.181908
0.14975,15,473.634454
0.045676,14,474.121946
-0.777866,14,474.56702
-0.472181,14,474.982507
-0.455766,16,475.442158
-0.331868,16,475.894287
-1.902354,12,476.230411
-1.506272,13,476.609503
-0.012217,18,477.111231
0.022264,15,477.547688
0.443032,20,478.097461
-0.456163,14,478.504025
-0.405536,14,478.905561
-1.291943,12,479.250085
-1.47956,12,479.593668
-1.356731,13,479.971916
-0.577591,14,480.363195
-0.705079,15,480.794457
-0.704852,14,481.180615
-1.055815,14,481.57835
-0.851768,14,481.977088
-0.514377,14,482.365041
0.065379,16,482.815327
-0.143018,16,483.261824
-0.845357,13,483.623515
-0.681193,13,484.004996
-1.550989,12,484.352468
0.044883,15,484.770692
0.172202,16,485.224195
-0.58001,14,485.620697
-0.096209,16,486.072422
-1.397098,13,486.443209
-1.011601,13,486.813525
0.320163,16,487.25951
-0.068073,15,487.691729
0.688451,16,488.142079
0.348396,17,488.639977
-1.50593,12,488.970773
0.351074,16,489.428906
-0.895938,13,489.805023
-0.578964,16,490.256227
-0.136853,15,490.682039
0.510106,15,491.112694
-0.07977,16,491.552009
-1.654529,12,491.910774
0.648061,17,492.386571
0.29203,15,492.813738
-0.144746,15,493.228681
-0.847408,13,493.587147
-0.353695,16,494.043712
-1.048189,14,494.435684
-0.162375,15,494.868909
1.470207,21,499.946803
-0.4444,16,500.390345
-0.865087,15,500.814043
0.267141,18,501.315401
-0.431483,15,501.738873
-0.103328,16,502.203089
0.977202,17,502.671284
-0.855078,14,503.057697
-0.596724,16,503.513437
-1.258478,13,503.875744
-0.090142,17,504.344277
-0.216816,16,504.796697
-0.105977,15,505.212163
-0.6956,14,505.61444
0.724312,20,506.187655
-0.88642,15,506.609916
-1.742936,13,506.963348
-0.737741,16,507.412005
-1.089526,14,507.800333
0.063808,16,508.365842
-0.429831,15,508.868315
-0.487541,16,509.334655
0.020838,18,509.856281
-0.672837,15,510.280998
-0.816994,14,510.679072
1.397318,21,511.245458
-1.221618,14,511.632881
-0.043723,16,512.062226
-1.125319,14,512.447398
-1.265146,13,512.809485
0.043236,18,513.293422
-0.880659,14,513.694591
-0.926177,14,514.081976
0.08704,16,514.537355
1.520832,21,515.113696
-0.730006,14,515.504094
-0.492513,14,515.908326
-0.095619,16,516.340679
-0.735936,15,516.768903
0.309376,18,517.276552
-0.469863,17,517.759274
-0.262513,17,518.239208
-0.37765,16,518.680354
-0.270179,15,519.102264
0.439747,18,519.618167
1.189776,22,520.237525
-0.468137,16,520.690211
-0.501253,16,521.144423
-1.326956,14,521.545952
0.40126,15,521.985806
0.23768,18,522.491105
-1.069335,15,522.912838
0.067362,16,523.368926
-1.364513,14,523.782729
-0.303403,16,524.233975
-1.20665,13,524.597401
1.089714,17,525.067985
-1.641567,12,525.411023
0.173898,17,525.886943
-1.628376,14,526.283223
-1.224237,15,526.704046
-0.045109,15,527.129768
0.758765,22,527.734485
-0.772687,15,528.154693
-1.511213,13,528.522491
-1.588626,14,528.910216
-0.139147,16,529.363343
-0.103039,17,529.816695
-1.947454,12,530.150175
-1.155607,14,530.532382
0.790242,18,531.037588
-1.288374,14,531.428423
-1.073084,14,531.826628
-1.365225,14,532.220957
-0.274721,15,532.627577
-0.142786,17,533.097716
-0.857957,15,533.5168
-1.53312,13,533.884522
-0.290356,14,534.272326
-0.598846,16,534.732732
-0.116858,16,535.184659
-0.910934,14,535.589158
-0.292287,15,536.007168
-0.291983,16,536.46611
-1.027773,15,536.864924
-0.90702,16,537.311619
-0.371111,14,537.701057
-1.865103,13,538.079738
0.021682,18,538.595205
-1.365621,13,538.976152
-0.614077,15,539.394108
-1.073268,15,539.819642
0.62175,20,540.377453
-1.092797,15,540.797597
-1.313126,14,541.198227
-0.739606,14,541.586852
0.948167,19,542.126869
-0.807125,15,542.539865
-0.145426,17,543.017977
0.114348,17,543.486274
-0.267143,17,543.97071
0.322446,20,544.559899
-0.330241,15,544.978255
-0.301517,17,545.463756
-0.994759,15,545.886677
-0.690635,15,546.319394
-2.053844,13,546.682105
-1.224702,13,547.059778
-0.751471,14,547.440937
-1.039272,14,547.849568
-1.86981,12,548.176172
-0.623478,14,548.560209
-0.774295,16,548.99911
-0.958621,14,549.388675
0.760096,18,549.884636
-0.282469,16,550.309561
-1.205583,13,550.675965
0.274725,18,551.163649
-2.164303,12,551.499815
-0.646759,17,551.958293
0.389733,18,552.468454
-0.241321,17,552.938052
-0.581475,14,553.338144
-2.078507,12,553.676087
0.556389,20,554.253386
-0.852355,16,554.701532
-1.74211,14,555.096076
-0.590542,16,555.526994
1.213754,21,556.125368
-1.127215,14,556.53448
-0.804653,16,556.963875
1.05729,18,561.909723
-2.446651,11,562.218433
-2.253038,12,562.543314
-0.63376,16,562.991219
-2.285709,12,563.314986
0.507955,19,563.854261
1.230246,22,564.467053
0.115583,17,564.936547
0.261003,18,565.445986
0.542029,16,565.884977
-0.311952,16,566.32642
1.149784,22,566.950033
-0.664473,16,567.399263
-1.041394,15,567.81113
-1.394436,14,568.188188
1.302672,24,568.865625
-0.47917,18,569.381867
-0.393368,16,569.825145
0.593795,18,570.313355
-1.24543,15,570.725955
-0.310537,17,571.193463
-0.20569,18,571.68586
1.45496,22,572.296482
-0.873038,15,572.709722
0.080059,16,573.166324
0.591372,18,573.667252
-0.647579,15,574.082847
-1.317203,15,574.505846
0.433843,19,575.014343
0.2804,18,575.509461
-0.876555,15,575.912779
0.8176,20,576.476279
0.197807,17,576.947563
0.521055,18,577.433615
0.515938,19,577.948838
-0.076663,19,578.466089
-0.487298,15,578.882888
-1.456314,14,579.280186
0.515941,20,579.847229
0.569951,17,580.326495
-1.240104,15,580.740328
-0.169372,16,581.18489
0.001858,17,581.662079
-1.242033,12,581.979091
-0.29303,15,582.393415
-0.157301,18,582.886096
-0.412917,17,583.356376
0.173394,18,583.86456
0.652373,17,584.336563
0.904872,21,584.926097
-1.385908,15,585.336078
-0.225553,17,585.795416
0.054469,17,586.25422
-0.119315,16,586.707855
0.136147,18,587.201873
-1.742574,14,587.582798
-0.10891,18,588.080105
-0.6071,14,588.462046
-1.492378,13,588.831505
-0.855353,16,589.269526
-0.614883,15,589.690301
0.280323,18,590.190876
-1.08484,13,590.539507
1.221002,21,591.135611
1.445631,23,591.777145
0.492798,18,592.280803
0.685947,17,592.75262
-1.042642,13,593.108973
0.658961,19,593.637353
-0.047918,17,594.111022
-0.208947,17,594.580288
-0.195837,17,595.050862
-0.13394,16,595.48565
0.431966,18,595.969655
1.084429,21,596.562228
-0.976074,14,596.952606
-0.140087,18,597.45294
-0.490471,16,597.879156
-0.960828,15,598.303941
1.768078,26,599.042055
-1.182364,14,599.438711
0.269183,19,599.969329
0.026501,19,600.492367
0.070373,17,600.955916
-1.814514,13,601.314362
-0.566918,14,601.713745
-0.435894,18,602.21413
1.655834,26,602.929717
0.34509,22,603.526661
-1.452136,13,603.901222
-0.945838,15,604.314835
-0.299221,18,604.907375
-0.829535,15,605.388447
0.426341,21,605.961794
0.00086,17,606.443966
-1.300394,14,606.842006
0.322106,17,607.303586
-0.521013,16,607.721261
-0.599246,15,608.130694
-1.784398,14,608.515839
0.691548,18,609.00835
-0.836914,15,609.4249
0.735498,19,609.944189
-0.414366,16,610.403185
-0.801603,15,610.825272
-0.733411,15,611.245523
-0.817977,14,611.626877
0.047067,19,612.13492
-0.565242,17,612.597383
-0.748023,15,613.010177
-0.787375,17,613.437364
-0.0344,16,613.881887
-0.871453,15,614.289234
-0.668765,15,614.706239
-1.451926,15,615.112369
-0.894315,14,615.48538
-1.395029,14,615.856428
0.050141,17,616.31942
-1.017403,13,616.683209
-1.136705,14,617.062032
0.523774,18,617.529539
-0.189354,16,617.945558
-1.221514,14,622.78405
-0.601263,17,623.241438
-0.751445,16,623.660645
-1.765715,14,624.042462
-0.280765,17,624.50264
-0.282541,17,624.953307
-1.427915,14,625.33434
-1.716203,12,625.656379
-1.267631,14,626.030339
0.329295,20,626.55968
-1.092771,16,626.993559
-0.599788,15,627.384846
-1.041827,15,627.769881
0.117607,16,628.178375
-1.237097,15,628.583325
-0.304497,16,629.005615
0.374959,21,629.555315
-0.12077,18,630.032003
0.46865,20,630.551768
-0.441583,15,630.954547
-2.120471,12,631.260358
-0.161976,17,631.727518
-0.857042,14,632.10666
-0.217389,19,632.600325
1.06504,21,633.158689
-0.250147,16,633.603241
-0.606304,16,634.048686
0.524559,19,634.541988
0.542929,19,635.058285
-0.431339,17,635.517147
0.504779,21,636.077382
-1.833952,14,636.451257
0.628833,19,636.971296
-0.614448,16,637.398261
-1.521377,14,637.779726
-1.368202,15,638.267176
-1.177933,15,638.71228
-0.921051,16,639.16189
-0.472975,17,639.638529
-0.330746,18,640.145126
-0.391043,15,640.580042
-1.046313,16,641.011389
0.7288,21,641.570939
-0.936375,16,642.003945
0.228345,18,642.474415
-0.857608,15,642.89392
0.695524,21,643.466851
-1.258046,15,643.877928
-1.345278,15,644.272567
-0.823621,16,644.711873
-0.328279,16,645.142128
0.045778,19,645.654032
-1.716541,13,646.012338
0.349387,18,646.486396
-0.723235,17,646.939062
-0.268117,18,647.428498
0.095456,18,647.928943
0.32122,21,648.513918
-0.513826,18,649.002265
0.456607,19,649.520043
-0.461964,17,649.991943
-0.070768,16,650.418518
-1.498172,14,650.806228
-1.296934,16,651.243818
-0.203732,18,651.732471
-0.329812,17,652.193598
-0.373192,17,652.651988
0.738644,19,653.179027
-1.19197,15,653.589916
0.854249,21,654.151424
0.20339,18,654.643043
0.663668,19,655.147502
-0.473676,18,655.638308
-0.705904,16,656.070043
-0.508797,15,656.462759
0.145741,17,656.930007
0.636836,20,657.461867
0.088686,17,657.931744
-0.260397,17,658.394793
1.04408,22,658.989636
0.052103,20,659.531283
0.072896,18,660.013796
-1.985602,13,660.357244
-0.367793,17,660.815554
-0.851675,17,661.273166
-1.850666,13,661.638569
-0.49583,16,662.075828
0.960272,22,662.666357
-0.607936,16,663.102485
-1.609953,13,663.47439
-1.629444,13,663.830278
0.79318,23,664.44392
-0.252869,18,664.92502
-0.636096,15,665.318143
-0.657199,14,665.702835
-0.569834,15,666.104245
-0.236048,17,666.582128
0.604759,19,667.091081
-1.751465,13,667.439206
0.180117,18,667.918067
-0.456545,16,668.325156
-2.025711,13,668.671577
-0.063446,17,669.133411
-0.387075,16,669.560454
-0.235292,18,670.059897
0.750696,21,670.628094
-0.62137,17,671.08739
-0.314509,16,671.517159
-0.567584,16,671.949027
-1.397589,14,672.324638
-0.654539,16,672.757716
0.389316,19,673.285225
-0.443274,16,673.70678
-1.280087,15,674.11771
1.694166,22,674.726466
-0.131227,17,675.170704
-1.466561,14,675.54152
0.404083,21,676.111509
-1.889901,13,676.454056
-0.708406,16,676.883412
-0.31233,15,677.295988
-0.386399,16,677.731278
0.544089,20,682.693195
-0.961023,16,683.129945
-1.557374,14,683.493284
-0.549151,17,683.951722
-0.572341,17,684.391078
0.085535,18,684.869624
-0.912852,16,685.285385
0.925097,23,685.891085
-0.101357,18,686.358131
-0.541687,17,686.807508
0.53143,21,687.363434
-1.050491,14,687.722765
-0.377266,18,688.188873
-0.878659,17,688.647404
-1.756903,14,689.039866
1.266989,25,689.705433
0.109274,21,690.267289
0.110306,20,690.802669
-0.429137,16,691.234279
-1.163452,16,691.655102
-0.467045,17,692.124186
0.08288,15,692.523619
0.607747,23,693.152094
-0.050228,19,693.647157
-0.047935,19,694.154007
0.492477,19,694.642423
0.444582,19,695.15297
-0.483152,18,695.624379
-1.584098,15,696.034978
-0.397792,18,696.510836
-0.444545,16,696.949833
-1.300191,15,697.350617
0.805042,20,697.880719
-1.12081,16,698.313061
-0.723484,17,698.756284
0.930813,24,699.409869
-1.389319,15,699.815991
-0.294996,18,700.300958
-1.046324,16,700.724878
0.075413,18,701.211313
-2.040135,13,701.570352
0.377985,19,702.085498
-0.651306,16,702.496709
-0.83548,16,702.929662
-1.499545,13,703.269483
-0.092902,19,703.808665
0.896553,19,704.335027
-0.487612,17,704.796907
-1.123841,15,705.213334
-0.299246,19,705.739133
-0.960199,15,706.142184
-1.046792,16,706.57859
0.843857,21,707.166295
-0.781417,15,707.564008
1.25584,22,708.153451
0.062951,19,708.678379
-1.746189,14,709.061652
-0.283965,17,709.518668
-1.731432,13,709.868797
-0.195255,19,710.389199
0.147124,18,710.888241
1.273264,22,711.479252
-0.988736,15,711.879281
-0.447885,18,712.389409
-0.313735,17,712.857322
-0.517835,15,713.26006
0.442445,22,713.862529
0.107385,21,714.417077
-0.278704,17,714.872109
-1.713655,14,715.255139
0.398965,18,715.732559
0.602236,19,716.249743
-0.558007,16,716.675505
-0.739548,17,717.141284
-0.09032,17,717.594032
-0.139977,18,718.0713
0.733724,20,718.605794
0.781755,22,719.208716
0.247403,20,719.739003
1.007333,26,720.431807
-0.93628,16,720.870682
-1.159437,16,721.30603
-0.586875,17,721.756775
-0.652922,16,722.185734
0.016612,17,722.664694
-1.134712,14,723.046327
1.183535,20,723.581466
0.323696,17,724.042755
-0.780813,16,724.483426
-0.876428,16,724.924188
0.015107,19,725.431781
-0.413308,18,725.89624
0.018011,19,726.415902
0.034127,19,726.92206
-0.906596,16,727.360111
-1.717709,12,727.686699
0.515542,20,728.218813
0.861637,23,728.848884
-0.210257,16,729.279685
0.423554,20,729.825265
-0.350273,18,730.309006
-47.331267,200,735.555161
-0.639901,17,736.008922
1.100855,22,736.579667
1.043197,23,737.174986
-1.580938,15,741.980869
1.090297,27,742.665974
-0.030813,17,743.123199
-0.401697,19,743.613246
-0.539894,18,744.086294
0.425111,20,744.605752
-0.612603,17,745.0517
0.199807,19,745.550161
-0.154414,18,746.027998
-2.747038,11,746.320004
0.205511,20,746.841563
-0.759765,16,747.27004
-1.064548,15,747.67966
0.316302,21,748.250455
-0.495158,17,748.684254
-0.276945,18,749.161461
-1.191661,14,749.526679
0.570942,21,750.058609
-0.015622,19,750.546399
-0.185381,18,751.0023
0.114742,19,751.486673
-0.862767,16,751.906373
0.389986,20,752.421852
0.624711,22,752.993
-0.85364,15,753.395429
-0.795709,17,753.848304
-0.113746,17,754.296655
0.199789,18,754.77503
-1.118372,15,755.185014
-0.011136,19,755.693086
0.625556,21,756.242707
-0.261451,17,756.684462
0.420013,20,757.199519
-2.532338,12,757.525763
-0.329455,18,757.995053
-0.21955,18,758.476701
0.966242,23,759.105452
-0.827802,17,759.563312
0.670478,20,760.110836
0.175153,18,760.603642
0.110683,18,761.094056
-1.272731,15,761.500356
-0.241407,18,761.993168
-1.512776,14,762.381471
-0.535853,17,762.843375
-0.886486,16,763.290196
1.179037,26,763.984617
-0.234316,19,764.48465
0.307947,18,764.962217
-0.210894,16,765.395784
-0.769996,17,765.880466
-0.116938,18,766.387002
0.627581,21,766.951627
-0.39091,18,767.439622
-0.829818,16,767.96146
0.315204,19,768.619988
0.041035,20,769.215259
-1.578468,14,769.617893
-1.238565,15,770.045521
-1.236517,15,770.484245
0.895916,21,771.053475
-0.348139,19,771.577914
-0.168238,18,772.069725
0.983959,21,772.637311
-0.165346,19,773.152739
-0.511193,17,773.632174
-0.827924,17,774.098725
-0.310786,17,774.570604
-2.049321,14,774.958975
-1.415804,15,775.366377
0.194763,21,775.940328
0.237771,20,776.477565
0.399964,20,777.036072
-1.14121,14,777.434566
-1.487768,14,777.816099
-1.265201,15,778.217715
0.400693,20,778.772484
-0.186742,19,779.289412
-1.144183,14,779.670915
-0.687469,16,780.099734
-0.516151,16,780.534637
-0.30616,19,781.039907
-0.147934,19,781.56099
-0.919907,15,781.96984
1.271468,26,782.673347
-0.183186,19,783.178547
0.614445,20,783.724828
0.252656,19,784.256006
-0.470048,17,784.706304
-0.89545,15,785.109369
-0.604144,17,785.565539
-1.213439,15,785.985685
-0.464244,18,786.478667
-0.425023,17,786.933916
-1.476427,14,787.300224
-1.166672,16,787.720397
0.792843,21,788.269824
0.626859,24,788.913329
0.600783,24,789.512352
-0.71058,16,789.926622
-1.021781,16,790.336619
0.788317,20,790.86085
-0.260731,15,791.268167
-1.255363,15,791.671364
1.119074,22,792.257366
0.246275,21,792.779537
0.899703,20,793.287313
0.550064,20,793.818071
-0.681046,17,794.291651
-1.044382,15,794.712883
-1.330347,15,795.110306
0.387816,22,795.692376
1.443911,23,796.304331
-0.858091,15,796.709502
-1.146763,16,801.618001
0.163034,20,802.170048
-1.038445,16,802.605903
0.435047,20,803.156838
0.552813,22,803.775513
-0.802113,17,804.232819
0.22206,19,804.735439
-0.666544,18,805.209885
0.320939,21,805.780518
-0.465101,17,806.231105
-1.324334,15,806.629545
-0.363752,17,807.073474
-0.086756,20,807.610456
-1.667866,15,808.005338
-0.048296,17,808.450182
-0.202033,20,808.980185
-0.893862,16,809.409869
-1.616984,14,809.770345
-0.89715,16,810.203133
1.037332,24,810.835868
-0.405418,19,811.333782
0.772549,23,811.921003
0.207137,22,812.484201
-0.209749,19,812.99287
-1.971738,12,813.314471
-0.253,19,813.830322
-0.406056,17,814.300038
-0.612193,17,814.738048
-0.084067,19,815.234408
1.713664,22,815.816231
-0.152639,18,816.297162
1.335998,24,816.918734
-1.613321,14,817.289449
-0.19988,19,817.776246
-0.959995,15,818.187538
0.343476,21,818.739761
-0.239461,19,819.248116
0.589141,22,819.846385
0.106862,20,820.391161
-2.240933,13,820.74782
0.185613,22,821.344975
0.556033,22,821.929755
0.669543,22,822.512755
-44.233856,200,827.881044
0.211256,21,828.44398
0.094949,20,828.990871
-0.902466,17,829.443571
0.610223,22,830.037118
0.683093,23,830.656669
-0.268155,18,831.149045
-0.97741,16,831.579111
0.287149,20,832.105612
0.15315,20,832.630404
0.284011,19,833.132903
0.046707,22,833.706308
0.470846,20,834.232593
-0.022289,19,834.737507
0.741658,21,835.284609
-0.854487,17,835.741781
-44.353137,200,840.86053
-1.024054,15,841.252842
-0.062912,19,841.738626
-0.951802,15,842.120023
0.531208,26,842.820344
-0.152966,19,843.319458
-1.263199,15,843.712468
-0.358704,18,844.213143
0.768722,21,844.767269
0.25405,20,845.299081
0.153355,18,845.764334
0.823156,26,846.455408
-0.972353,16,846.882925
-1.390833,14,847.252016
0.934489,26,847.956434
-0.603179,16,848.399032
-0.334934,18,848.886087
0.912312,23,849.491012
-0.606279,18,849.965901
0.147461,19,850.487978
-0.167841,19,851.010159
0.708201,20,851.535764
-0.447398,19,852.025702
-1.045751,16,852.435235
-0.806405,17,852.895409
0.225868,19,853.402447
-1.759265,14,853.772609
0.779252,23,854.379235
0.388363,18,854.83731
0.927153,22,855.391177
-0.446626,17,855.83233
0.806766,27,860.927151
-0.324094,18,861.38091
0.377563,22,861.927255
-0.306726,19,862.395851
-1.570295,15,862.762597
-1.742867,14,863.108366
-1.012286,17,863.546524
0.016039,20,864.054672
0.075322,20,864.567215
-1.230643,14,864.928627
-0.641178,17,865.371852
-1.907113,13,865.707956
-0.975125,16,866.119323
-0.378662,18,866.576029
-1.619428,15,866.959055
-0.701262,17,867.386166
1.21407,23,867.964605
-0.595081,18,868.4317
-0.067,19,868.923996
0.275558,23,869.51623
0.883132,24,870.134914
-47.790996,200,875.181533
-0.606676,18,875.652121
0.692132,24,876.273467
-2.011251,13,876.610455
1.263197,27,877.316403
-0.44504,17,877.755615
-0.570062,17,878.178425
0.540151,25,878.789395
-0.538323,16,879.207887
-0.692758,17,879.637809
-0.281207,19,880.107206
-0.111063,20,880.602975
0.669287,22,881.144709
-2.163511,13,881.486638
-43.692189,200,886.656592
-1.021121,16,887.074637
0.707045,22,887.648584
-0.292536,18,888.117579
-0.512126,18,888.57733
0.080425,18,889.042871
-0.524861,19,889.535842
0.663521,19,890.027282
-0.0251,20,890.535181
-0.62288,17,890.950777
0.488858,20,891.472145
-0.79031,17,891.913504
-1.036364,17,892.354843
0.472413,22,892.911552
-0.242187,19,893.384808
0.215561,22,893.917579
-0.118684,18,894.37386
-0.663149,18,894.806257
-0.666257,17,895.237016
-0.536804,18,895.701496
0.496122,23,896.285398
0.640922,22,896.952581
-0.209111,19,897.452783
0.439613,24,898.075264
0.308664,23,898.654259
-46.214261,200,903.698045
-52.641382,200,908.558294
-44.680057,200,918.02855
-0.501662,18,918.484859
-44.921306,200,923.313728
-0.627299,18,923.772436
0.958812,24,924.378462
-0.402408,18,924.82479
-1.016744,17,925.261701
-0.568851,17,925.696634
-0.102311,18,926.151235
-0.80664,17,926.582139
-0.443321,19,927.086545
-0.086115,20,927.583257
-0.074645,20,928.08343
-0.012607,20,928.583164
0.742071,22,929.161871
0.407737,22,929.708014
-1.173575,15,930.084509
-0.265961,18,930.535546
-43.172413,200,935.756596
-42.94728,200,940.923318
-0.248986,18,941.376138
0.786251,24,941.995084
-1.022372,16,942.414251
-0.965402,16,942.833303
-0.724567,17,943.28377
-0.372553,19,943.795147
0.551137,24,944.452574
1.129695,23,945.066578
-0.817865,16,945.502644
-1.196261,15,945.910742
-0.939475,16,946.339501
-0.706323,16,946.774049
-1.266656,14,947.165508
-1.550654,15,947.58926
-40.75652,200,952.773395
-0.171688,18,953.242408
-1.61194,15,953.634128
-0.716714,17,954.083136
-0.92483,15,954.470146
-0.104332,21,955.023042
-0.62647,17,955.447762
0.627107,21,955.997702
-0.952461,16,956.411844
-0.091043,19,956.931122
-0.408286,18,957.391816
-0.18217,19,957.872838
0.012326,19,958.35718
-0.91611,16,958.770647
-0.13353,17,959.213364
-0.174615,19,959.703892
0.610979,22,960.271254
-0.64377,17,960.700539
0.172623,20,961.207822
-0.856529,15,961.578469
-0.789091,18,962.030458
-0.35806,19,962.497474
-0.381833,17,962.932085
-1.167732,15,963.331127
-0.06735,20,963.843464
-0.006109,19,964.342845
-0.880719,17,964.790354
-0.340808,17,965.217435
-0.130319,19,965.710273
-0.369597,18,966.170698
-1.32286,16,966.572037
-41.743706,200,976.064532
-1.299407,16,976.479131
0.183636,20,976.988271
-0.227542,19,977.471328
0.550574,21,978.002122
-0.843819,17,978.424522
-0.69827,17,978.851665
-0.009803,21,979.390898
-0.858868,17,979.812116
-0.61284,18,980.257774
-0.073313,19,980.770196
-1.535516,15,981.146673
-0.384314,17,981.589571
0.263743,21,982.170098
-0.941704,17,982.62291
-0.688961,17,983.059298
0.335976,21,983.614667
-42.254555,200,988.743122
-1.078421,16,989.17002
-1.686534,15,989.563653
-0.551314,16,989.978053
0.275424,22,990.518046
-1.82818,13,990.843925
0.401377,22,991.406335
-0.090247,20,991.931015
1.145547,24,992.558972
-0.590537,18,993.025257
-1.39827,14,993.398478
-0.327124,19,993.884778
0.20764,20,994.418911
0.515352,20,994.961564
-0.727466,17,995.414328
-0.669902,17,995.852827
-0.181568,19,996.357645
-1.338204,16,996.771102
-0.967514,16,997.205069
0.400774,23,997.799698
-0.124141,20,998.329479
-1.816833,14,998.723104
-0.66575,16,999.140979
0.027651,20,999.681735
0.867955,24,1000.31297
-44.479579,200,1005.584251
-0.460373,18,1006.080811
-1.256131,15,1006.47789
-43.781469,200,1011.534057
0.739242,23,1012.127145
-1.203153,16,1012.528619
0.703411,21,1013.069093
-0.163453,20,1013.614017
-0.664963,17,1014.060987
-43.001671,200,1019.229733
0.284433,21,1019.743975
-1.628243,15,1020.113339
1.063833,27,1020.774045
0.295637,20,1021.278857
0.576353,20,1021.815782
-1.180453,16,1022.239321
-1.222299,16,1022.662881
-44.647477,200,1032.572911
-0.765084,17,1033.016073
-0.769217,17,1033.482525
-2.181562,13,1033.819463
-0.457897,18,1034.319012
-44.698683,200,1039.679841
0.652171,23,1040.274817
-1.868331,14,1040.643233
-1.923809,13,1040.998857
-1.919135,14,1041.369811
-0.886108,16,1041.789994
0.129429,20,1042.312926
-0.41371,17,1042.770159
-1.705657,14,1043.164429
-0.587519,18,1043.647927
-0.809551,17,1044.096396
-1.335664,16,1044.533397
0.679018,23,1045.145304
-1.826278,14,1045.527687
-0.262799,18,1046.012282
-0.906013,17,1046.451617
-0.875854,16,1046.883357
-47.95044,200,1052.088249
0.577155,24,1052.718553
-43.413964,200,1057.893549
-0.726642,17,1058.356437
-1.494745,14,1058.725235
-0.968774,15,1059.115362
0.280112,20,1059.650329
-0.455077,17,1060.100073
-1.379174,15,1060.503044
-1.374133,14,1060.86119
-1.266173,15,1061.254301
0.965782,24,1061.884507
0.487452,22,1062.456158
-0.206296,19,1062.955449
0.260493,20,1063.491238
0.979492,27,1064.191711
-0.388968,17,1064.652169
-0.369619,18,1065.140207
-1.326761,16,1065.579336
-2.093696,12,1065.908221
1.281647,26,1066.584808
-1.06018,16,1067.008874
0.283302,23,1067.615366
-0.178624,19,1068.113955
-0.32167,18,1068.591848
-0.192927,19,1069.107236
0.086732,21,1069.6605
0.260713,19,1070.158962
-1.363782,15,1070.560219
-0.823138,17,1071.018724
0.241839,20,1071.542365
0.176856,21,1072.087882
-0.531082,18,1072.561502
-0.161871,19,1073.048793
-0.934721,16,1073.468095
-0.202751,19,1073.958711
-0.392535,17,1074.422318
-0.373789,18,1074.895745
-0.725432,16,1075.334141
-0.838437,17,1075.792175
0.177269,22,1076.376311
-0.787469,17,1076.824915
0.784923,31,1077.643667
-0.465409,17,1078.082458
0.608344,21,1078.63373
-0.607624,17,1079.074472
-0.138905,19,1079.570526
-0.890284,16,1079.979972
-0.703437,18,1080.448675
-0.127544,20,1080.96054
-0.708872,17,1081.390573
-0.950289,16,1081.79708
-0.007029,20,1082.319772
0.170149,19,1082.798923
-40.347059,200,1092.389613
0.549021,21,1092.956277
-1.366006,14,1093.357576
-1.538702,15,1093.767187
-45.711567,200,1098.993454
-30.017726,200,1104.357706
0.541344,20,1104.874844
0.196792,19,1105.378006
-1.756624,14,1105.748514
-40.7288,200,1110.939169
-0.822537,17,1111.384647
0.064974,18,1111.85485
-1.740733,13,1112.204015
-1.940752,13,1112.551781
-0.276152,19,1113.055113
-0.916072,15,1113.447403
-44.254653,200,1118.760812
-0.856018,16,1119.196879
-0.454866,16,1119.62185
-0.846488,16,1120.073298
-0.753663,15,1120.485551
0.975275,20,1121.019744
0.00077,19,1121.515632
-1.846311,13,1121.871763
-1.498266,15,1122.275571
-0.116546,20,1122.799253
0.00118,17,1123.246159
-0.239158,17,1123.691271
-1.966477,14,1124.064735
1.085741,23,1124.657634
0.916656,22,1125.228341
0.736384,20,1125.750067
0.806476,19,1126.242597
-0.298524,19,1126.725914
-0.043355,18,1127.21338
-1.397896,15,1127.612146
-0.644621,15,1128.02691
-1.37695,15,1128.429514
-0.514397,16,1128.835874
-1.421,13,1129.206477
0.025014,20,1129.746702
0.11959,20,1130.300573
-1.447557,15,1130.704438
0.127785,19,1131.219846
-0.086881,20,1131.75658
1.014891,23,1132.385289
-0.51211,17,1132.8567
-0.106852,18,1133.334175
-0.771339,16,1133.777248
0.705673,22,1134.387592
0.248977,20,1134.937354
-0.924696,15,1135.340388
-1.964994,13,1135.697027
0.086897,20,1136.229493
0.373547,20,1136.766897
1.616755,23,1137.401548
-1.431343,13,1137.733482
1.135963,23,1138.335464
-0.784865,15,1138.74609
-1.361648,15,1139.139557
-2.415897,12,1139.476023
-1.268667,15,1139.858645
-0.082945,18,1140.328593
-0.912379,15,1140.728829
-0.059329,18,1141.207323
-0.996113,16,1141.632842
-0.504596,16,1142.050947
-0.64164,17,1142.489441
0.770489,21,1143.022485
0.073589,18,1143.476896
0.455736,18,1143.943542
0.444474,21,1148.905689
-0.75981,16,1149.330688
-0.222843,17,1149.775883
-34.444293,200,1154.927658
-0.662646,16,1155.468166
0.849171,23,1156.161727
0.54579,18,1156.636502
-0.842798,17,1157.07671
-0.034425,18,1157.548572
-1.285406,14,1157.905451
-1.459353,14,1158.26153
0.289353,19,1158.72625
-0.45897,17,1159.14841
-1.649984,14,1159.509507
0.245638,19,1160.010851
-1.009632,15,1160.384675
0.874423,22,1160.927793
-0.412959,17,1161.362705
0.71546,23,1161.946084
1.209642,20,1162.460209
0.020235,16,1162.848911
-1.011348,14,1163.208539
0.773905,20,1163.719927
-0.386859,17,1164.153998
0.24095,20,1164.67006
-0.320575,19,1165.159422
-0.627087,17,1165.593997
-1.54508,13,1165.922971
-0.941688,16,1166.336997
-1.131203,15,1166.721104
1.412673,24,1167.335184
-0.925626,15,1167.723564
-0.391479,18,1168.173812
-0.988171,16,1168.602313
-1.492506,14,1168.965117
-0.069434,19,1169.476739
0.95214,23,1170.071581
-0.278601,18,1170.538875
-0.63641,17,1170.967177
0.908709,22,1171.524654
0.146732,20,1172.053336
-1.423558,15,1172.42859
0.861243,21,1172.976713
-0.991399,16,1173.388252
-0.641181,16,1173.798697
0.122332,21,1174.356332
-0.866855,15,1174.738342
-0.296937,17,1175.181425
0.367564,19,1175.689089
-0.501417,17,1176.155346
1.157422,22,1176.718121
-0.292008,18,1177.168814
-0.186709,19,1177.669944
0.443483,21,1178.217851
-0.821525,15,1178.59938
0.209083,19,1179.083991
0.162334,18,1179.564981
-1.547261,14,1179.93134
-0.410397,17,1180.361557
-2.17123,12,1180.677712
-0.122396,20,1181.182109
-0.379961,17,1181.626791
-0.328819,17,1182.056197
0.219866,19,1182.538451
-0.597687,16,1182.954223
0.491931,20,1183.473598
0.601332,20,1183.977101
-0.55019,16,1184.39189
-0.160528,16,1184.817104
0.417982,18,1185.29151
-0.522644,18,1185.748698
-0.377547,18,1186.214855
-1.369795,14,1186.565323
0.274045,18,1187.041156
0.670577,21,1187.566494
-0.0091,18,1188.03286
-1.51047,15,1188.42219
-1.240721,15,1188.829305
0.856665,22,1189.434287
-0.848658,16,1189.841285
-0.971783,15,1190.218505
-1.488293,14,1190.571402
-0.216303,18,1191.039012
0.312999,18,1191.499094
-0.798456,16,1191.888315
0.777007,21,1192.425064
-1.007797,15,1192.829782
-1.071004,15,1193.194711
-1.472427,14,1193.54746
0.710533,23,1194.115504
0.599373,19,1194.606609
0.370719,20,1195.104136
0.305237,19,1195.593522
-1.027586,15,1195.986013
0.49484,19,1196.480977
0.560429,19,1196.954254
-0.956984,15,1197.330685
-0.542529,16,1197.73625
-1.2254,15,1198.117374
-0.786269,15,1198.497352
0.964885,23,1199.071009
0.064794,18,1199.537014
-0.795418,16,1199.948838
-0.468908,17,1200.386339
-0.695112,16,1200.788239
-0.582122,17,1201.232865
-0.332797,16,1206.066964
-1.263057,15,1206.472069
-0.630616,15,1206.861762
-0.753068,16,1207.28763
0.884685,21,1207.846476
-1.395723,15,1208.236902
-0.333147,17,1208.68751
-0.842861,16,1209.103774
-0.999316,15,1209.494172
0.506937,16,1209.907094
-0.083565,17,1210.359912
-0.323457,19,1210.842118
-1.594698,14,1211.221853
0.085487,18,1211.695125
-36.638991,200,1216.90664
0.821677,20,1217.423966
-0.783697,17,1217.859587
-0.261185,17,1218.301982
-0.349575,16,1218.708541
-2.381966,12,1219.032078
0.926279,19,1219.528219
-1.451605,13,1219.863096
0.007084,19,1220.331531
-1.165724,15,1220.723073
-0.549473,16,1221.13888
0.499537,18,1221.609723
-0.999502,14,1221.961375
-0.156978,18,1222.414473
-0.590729,16,1222.823638
0.262047,17,1223.267086
-0.031718,17,1223.709643
0.115879,18,1224.176546
-0.218005,17,1224.610528
-0.695111,15,1224.998672
0.544681,21,1225.541463
0.284452,20,1226.053534
-0.084282,19,1226.553655
1.745817,27,1227.235833
-0.36963,17,1227.671549
1.504168,23,1228.267113
-0.097331,17,1228.706867
-0.642323,17,1229.150396
-0.537846,16,1229.585752
-0.517055,17,1230.021738
0.441279,16,1230.429764
0.584436,19,1230.939552
-0.345961,17,1231.40299
-0.446232,17,1231.86879
-0.410593,16,1232.32081
-1.906746,13,1232.657147
-0.406576,16,1233.093095
-0.837022,14,1233.487229
0.200767,17,1233.957956
0.439543,19,1234.487211
0.009855,19,1235.014241
-0.284786,17,1235.465446
-1.845096,13,1235.821713
-1.744885,13,1236.184406
-0.826385,15,1236.595192
-0.317995,16,1237.035378
0.389977,20,1237.556483
-1.941106,12,1237.897623
-0.505967,15,1238.304178
0.234853,21,1238.866622
0.375611,18,1239.363702
-0.624304,15,1239.793262
-0.229515,17,1240.262884
0.631869,21,1240.827405
-0.292439,18,1241.304993
0.301532,18,1241.790293
-0.906875,15,1242.190075
0.664015,22,1242.786694
-1.290595,14,1243.153672
1.147052,22,1243.752127
0.911175,18,1244.220882
-0.323156,17,1244.682283
-0.846299,16,1245.115054
-0.179587,16,1245.545322
-1.423953,14,1245.906665
0.337604,20,1246.437423
-1.574533,14,1246.802514
-0.582344,17,1247.259794
-0.768142,16,1247.679549
0.531212,20,1248.226297
0.249873,18,1248.710559
-0.851751,16,1249.12806
1.011753,23,1249.752878
-0.366731,16,1250.166995
-0.572163,16,1250.601373
-1.122086,16,1251.033963
-0.961728,15,1251.437493
-1.358263,13,1251.795651
0.5068,20,1252.331404
-1.148368,15,1252.749115
-0.760692,15,1253.155038
0.164529,18,1253.645984
1.468224,26,1254.346234
-0.666703,15,1254.751748
-0.559326,17,1255.214047
-0.177662,17,1255.684288
0.686522,21,1256.244394
0.823998,17,1256.702073
-0.670542,16,1257.115422
-0.375045,17,1257.569978
-1.482256,13,1257.919241
-0.840018,16,1258.344777
-1.767638,13,1258.681404
-1.125448,14,1259.064863
-1.635473,14,1259.449636
-1.057514,16,1259.886791
-0.766543,16,1264.773832
-0.731544,15,1265.183984
0.413755,22,1265.785466
-0.267193,16,1266.227138
-0.237968,18,1266.712308
-1.200385,14,1267.100497
-1.211806,15,1267.507329
-0.49857,17,1267.97638
0.195734,20,1268.526988
-1.227079,15,1268.934214
0.660291,20,1269.499613
-1.417335,14,1269.875161
0.291336,19,1270.387947
-1.09546,14,1270.773619
0.688173,22,1271.370139
-0.322436,17,1271.825668
-0.31055,19,1272.34725
0.473936,22,1272.956956
-1.311012,14,1273.336321
-0.335693,16,1273.773813
0.394013,17,1274.248871
0.547491,19,1274.769246
-0.292142,18,1275.26175
-0.242053,18,1275.746203
0.322147,19,1276.264468
-1.165956,15,1276.671329
-0.545091,16,1277.093098
0.871557,21,1277.660079
-0.675587,17,1278.109931
1.294963,24,1278.692175
-0.725144,16,1279.095809
-0.299743,19,1279.574598
1.488027,25,1280.239837
-1.517134,13,1280.578436
-1.160579,15,1280.968458
-0.39312,17,1281.39523
-1.971804,13,1281.731516
-1.640182,14,1282.092764
-0.567191,17,1282.537314
-1.028412,14,1282.904424
0.063025,18,1283.463628
0.006557,17,1283.934604
0.206083,19,1284.473079
0.018074,17,1284.947206
1.380402,25,1285.634175
-1.395065,15,1286.039805
-0.582029,17,1286.500391
-0.697926,16,1286.934871
-35.72189,200,1292.371927
-0.376827,17,1292.825117
-0.048994,18,1293.327517
0.46838,19,1293.850695
-0.130209,17,1294.312745
-0.229962,18,1294.794327
-0.384536,17,1295.254518
-0.849617,14,1295.653009
0.897669,22,1296.252879
-1.745218,14,1296.639978
-0.121152,17,1297.108336
0.397337,21,1297.687688
-0.716693,16,1298.125434
-0.326257,16,1298.571445
-0.05917,16,1299.018382
1.003258,23,1299.664114
-0.173899,18,1300.155111
-1.010441,15,1300.565044
-1.464851,14,1300.965893
0.378987,20,1301.504053
-0.861152,16,1301.945263
-0.589292,17,1302.398459
-0.996703,15,1302.817275
0.029305,17,1303.278103
0.239972,20,1303.819807
0.616198,20,1304.382712
0.028176,17,1304.86169
-1.727591,13,1305.219539
-1.383468,14,1305.602919
0.071268,19,1306.116653
-0.953099,15,1306.53626
0.021677,18,1307.023121
-1.228019,15,1307.439267
-0.191884,17,1307.889098
0.586297,18,1308.376168
-1.528946,13,1308.730884
-0.319845,19,1309.240021
-0.309808,18,1309.739955
-0.283987,17,1310.217695
-1.266168,15,1310.616609
-0.255073,17,1311.105413
-0.574712,17,1311.56416
0.90226,23,1312.21323
-1.879796,12,1312.546406
-0.914049,16,1312.992405
0.301355,21,1313.574514
0.939828,23,1314.192554
-0.972695,14,1314.589109
-0.368345,17,1315.053909
-0.933266,16,1315.496161
-1.607151,14,1315.881238
-0.150929,18,1316.372612
0.724298,20,1316.926536
-1.145426,15,1317.330074
-0.089236,17,1317.796691
0.128938,17,1318.26859
-1.112853,14,1318.646491
-0.787044,17,1319.11969
-0.776384,16,1319.561262
-0.350143,18,1320.058223
-0.509724,15,1324.90156
0.14526,20,1325.457309
-0.157655,18,1325.963945
-1.813985,14,1326.339329
-0.213558,17,1326.812629
0.074489,19,1327.344544
-0.703449,16,1327.783014
0.033794,18,1328.285625
-1.048645,16,1328.722367
-0.164438,19,1329.260785
-1.142542,15,1329.678611
-0.912511,16,1330.116584
0.198644,20,1330.680958
-0.092654,19,1331.192882
-0.718592,17,1331.654963
-0.252035,17,1332.121223
-1.119251,15,1332.518369
-0.149384,17,1332.995196
-0.080323,19,1333.494639
-1.823061,13,1333.845138
0.810441,18,1334.334052
-1.384364,14,1334.717982
-0.817663,16,1335.160081
-1.304966,15,1335.552133
-0.799399,15,1335.951497
-1.006234,16,1336.381564
1.40722,26,1337.081961
-0.615311,17,1337.543447
0.009102,18,1338.022941
-0.259279,17,1338.4854
0.316526,18,1338.979437
0.114892,21,1339.55092
-0.26004,17,1340.007943
1.217956,24,1340.655023
-0.558648,18,1341.137929
-0.264955,19,1341.664037
0.115982,20,1342.212885
-0.073862,18,1342.7082
0.583792,20,1343.278103
0.566969,21,1343.862664
-0.977269,16,1344.293645
0.401015,18,1344.804053
0.026361,20,1345.376431
0.36648,19,1345.90953
-1.012803,16,1346.350591
-0.593592,17,1346.822522
-1.259341,15,1347.246474
-1.519025,15,1347.656992
0.53789,19,1348.173151
0.683452,22,1348.782499
-1.941668,14,1349.159555
-2.007245,13,1349.524976
-46.870636,200,1354.907503
-0.842078,16,1355.354465
0.38434,19,1355.864987
-0.301352,19,1356.36711
-0.193661,19,1356.874063
-0.962235,15,1357.286344
-0.646391,16,1357.725687
-0.071223,16,1358.154597
-1.074771,16,1358.57512
-0.096024,19,1359.085125
-0.571181,16,1359.539012
0.119324,18,1360.019791
-0.076651,18,1360.504902
-0.473874,18,1361.019102
0.150267,19,1361.545332
0.660337,23,1362.191891
0.655226,23,1362.826284
-0.109484,17,1363.284683
-0.510511,18,1363.785836
-1.481486,15,1364.189838
0.415329,21,1364.781084
0.240057,19,1365.304461
-0.594677,17,1365.766799
0.177277,20,1366.313028
0.091028,19,1366.841847
-0.714005,16,1367.276472
-0.507013,18,1367.773376
-1.178954,15,1368.189846
-0.344535,17,1368.667086
-1.198753,16,1369.10108
-2.134654,13,1369.477315
-1.061723,15,1369.899463
0.077387,19,1370.433959
-1.534415,15,1370.839464
0.009772,18,1371.32657
-0.812979,16,1371.797463
-0.451805,17,1372.307715
0.813683,24,1373.04933
-0.872636,16,1373.66067
-0.656266,17,1374.683063
0.111768,22,1376.26186
-0.86484,16,1377.250149
-0.79059,17,1378.582155
-1.70202,14,1379.430473
-1.095439,15,1380.326195
-1.211899,14,1381.391044
1.046474,21,1382.693915
-44.019758,200,1403.713611
-0.963155,15,1404.577091
-0.993978,17,1405.908206
0.005991,18,1406.994431
-1.334729,15,1408.017011
-0.229522,19,1409.080924
-0.982377,15,1410.152141
-0.182258,18,1411.769331
-0.391855,18,1412.783615
1.495717,27,1414.338008
0.2091,20,1415.832983
-0.307727,18,1417.07693
0.264702,17,1418.147072
-0.727248,15,1419.351192
0.543156,19,1420.562019
0.187865,19,1421.940266
-1.135936,15,1423.112204
-0.749482,16,1424.450427
-0.663467,16,1425.513848
1.033265,23,1427.390374
0.041498,19,1429.154718
-0.588277,16,1430.051084
-0.762325,16,1431.240891
-1.578636,14,1432.300032
1.641146,24,1433.959346
-0.326767,18,1435.120631
0.557539,22,1436.623557
-0.151933,19,1437.718816
-1.335265,15,1438.444336
-0.245777,17,1439.767661
-1.473724,14,1440.564247
-0.97885,17,1441.835901
0.890118,22,1443.470846
0.692191,21,1444.774596
0.453976,18,1445.87609
-0.858207,16,1446.97062
-0.344983,17,1448.016765
0.463539,19,1449.193752
1.382679,23,1450.621761
0.985942,20,1452.069583
-1.376467,15,1453.327805
1.300081,22,1455.307661
-0.433723,18,1456.555167
-1.007534,16,1457.687616
-0.558158,18,1458.794853
-0.157022,19,1460.118652
0.401406,19,1461.680568
-0.292695,17,1462.900031
-0.55931,17,1464.252632
0.884784,22,1466.00546
-1.074811,16,1467.180874
0.273142,17,1468.445739
-1.154565,16,1469.494293
-0.057826,16,1470.494168
-0.020272,19,1471.922044
-1.483498,14,1472.969736
-0.581496,18,1474.284735
-1.0816,16,1475.34016
-0.240707,18,1477.016119
-0.24111,19,1478.193673
-0.336554,18,1479.358962
-0.338986,18,1480.236843
-0.609165,16,1481.128325
0.503109,19,1482.709694
-0.490451,18,1483.74776
-0.305365,17,1484.794964
-0.223331,18,1485.773793
0.052845,19,1487.113906
0.368319,20,1488.727367
-0.643964,17,1489.977064
-0.786285,16,1490.993683
-2.208514,13,1491.784913
-0.491877,17,1492.804718
0.016926,19,1494.155547
-1.412737,15,1495.265837
-1.111357,15,1496.433567
-0.850468,17,1497.968157
0.427315,21,1499.210907
0.710186,23,1500.571529
-1.412937,15,1501.33938
0.460231,20,1502.62212
-0.591346,16,1503.750194
-0.560979,18,1504.950881
-0.640503,16,1505.982721
-0.453624,16,1507.058088
0.184329,19,1508.458625
-1.456764,14,1509.22463
0.917603,25,1510.860215
-0.990339,15,1511.660408
1.206515,21,1513.365576
-1.002195,16,1514.560215
0.068663,20,1515.853649
0.792507,23,1517.489969
0.295616,19,1518.941691
-1.154463,15,1520.478849
-0.132867,18,1521.832108
-0.224059,19,1523.33667
-1.433772,15,1524.496369
-0.412434,16,1525.932753
-0.409107,16,1526.846227
-0.075899,19,1528.02299
-0.202239,17,1528.992371
-0.086483,19,1530.760663
-1.509682,15,1531.808309
0.225004,18,1533.062804
0.253679,20,1534.196745
0.563369,20,1536.02548
-0.243112,18,1537.60815
-0.322989,16,1539.100247
0.041442,19,1540.672617
0.036509,17,1541.626633
-1.123375,15,1542.971915
-0.828,16,1550.1043
-0.63098,17,1551.031953
-0.571583,17,1552.257547
-0.692849,17,1553.034802
0.236282,20,1554.232766
-0.778281,17,1555.476831
1.624641,24,1557.012564
1.162785,22,1558.317195
-1.214265,15,1559.657045
0.049718,20,1561.090834
-1.245715,16,1562.076569
-1.487319,15,1562.739598
-0.027541,19,1563.577899
0.368953,22,1565.110952
-1.214803,16,1565.965072
0.204026,20,1567.707456
0.589249,24,1569.654503
-0.324519,17,1571.646644
-1.214183,15,1572.491406
0.720633,22,1573.906689
-1.1882,15,1574.971909
-0.636498,17,1576.075346
0.176306,18,1577.355719
-1.347284,15,1578.5632
0.463244,20,1580.580421
-1.189662,15,1581.399482
-1.25641,14,1582.119525
-1.063998,16,1583.381827
-0.791711,16,1584.483741
-0.796714,17,1585.687725
-1.097533,16,1587.558764
0.379375,21,1588.863785
0.242923,21,1590.234604
-0.697051,16,1591.358464
-0.529955,18,1592.311982
-1.622081,14,1593.332175
-1.027948,17,1594.650595
-0.110315,18,1595.951815
-2.267463,13,1597.14546
0.626861,19,1598.141038
0.413306,19,1599.780871
0.951128,20,1601.171529
0.466198,21,1602.472816
-0.526593,17,1603.515737
0.962893,23,1604.872713
-0.567177,17,1606.407347
0.667109,22,1607.666977
0.25673,20,1609.306217
-1.849953,13,1610.097416
-1.74363,14,1611.167265
-1.541532,14,1612.002293
-0.663911,15,1612.778276
0.05821,20,1614.460659
0.522682,20,1615.663627
-0.628576,17,1616.841572
1.064633,23,1618.940298
-0.737502,16,1620.478759
0.463921,21,1621.779525
0.755736,25,1623.48994
-0.372242,16,1624.33816
-0.384105,17,1625.687691
0.803924,21,1626.947168
-0.239943,19,1628.604746
-0.394087,17,1629.871766
-0.112378,18,1630.824433
0.130613,19,1631.938515
-2.131915,13,1632.851705
-0.675016,16,1634.209339
-0.32786,19,1635.413798
0.034664,19,1636.418948
0.06455,17,1637.940828
0.204909,19,1639.413235
-1.099369,16,1640.430475
-0.000589,19,1642.365652
0.114874,19,1643.726741
-0.761624,16,1645.071577
-0.102148,19,1646.244726
-2.290436,12,1647.188152
-0.224569,18,1648.42618
0.516689,20,1650.45044
-0.619872,16,1651.827184
0.148835,20,1653.102089
0.157988,20,1654.28066
-0.97056,16,1655.307068
-1.117477,15,1656.200834
-0.297606,17,1657.178191
-0.249573,18,1658.037981
0.409569,20,1660.1889
-0.340737,18,1661.447018
-1.459237,15,1662.288313
-0.21653,18,1663.585492
0.655779,21,1665.422447
-0.557625,17,1666.411951
0.748574,21,1668.098222
-0.007752,19,1669.305841
-1.142724,15,1670.102252
1.435497,25,1671.976975
0.899235,25,1674.029072
0.017158,19,1675.700093
-0.932517,16,1677.335979
-0.481053,18,1678.349475
-0.016689,18,1679.311828
-1.207124,14,1680.033113
-0.605227,17,1681.261866
-1.144038,15,1682.157126
0.399292,21,1683.254622
-0.711825,17,1684.859141
-1.390533,15,1686.318011
0.533102,22,1687.96036
-0.921595,16,1689.117323
1.163592,24,1690.809633
-0.403968,17,1692.114109
0.389401,23,1694.122357
-1.465405,13,1695.498041
-0.584918,17,1702.87484
0.536867,19,1704.307125
-0.223717,18,1705.753764
-0.128154,19,1707.010813
0.695009,22,1708.813924
-1.003298,16,1710.74916
0.745825,22,1712.209878
-0.51559,17,1713.298781
0.259309,20,1714.883396
-1.792162,14,1715.819747
-1.425644,14,1716.701185
0.207028,19,1718.228851
-0.132413,18,1719.957051
-0.118695,18,1721.052814
0.664128,20,1722.488656
0.839575,22,1724.02488
-0.469979,17,1725.218957
0.343983,21,1727.219488
-1.518773,15,1728.570869
1.319377,23,1730.362287
0.156235,20,1731.665788
0.417325,20,1733.036819
-0.408197,17,1734.148381
-1.088121,16,1735.929614
-1.302741,15,1737.206142
-0.090473,19,1738.716832
-0.383894,16,1739.841144
-0.831785,17,1740.876668
-37.902045,200,1754.386403
0.050011,19,1757.032826
-0.323751,18,1758.259109
-0.894596,16,1759.362368
-0.319524,17,1760.232982
-2.363522,12,1760.953176
-1.224389,16,1762.18311
-36.049916,200,1775.767204
0.308493,20,1777.184683
0.036808,20,1779.558305
0.989023,23,1781.137075
1.004456,24,1783.263976
-0.303231,18,1784.175522
-0.650856,17,1785.198848
0.076442,18,1786.385696
0.484555,20,1787.638586
0.297337,22,1789.065075
-0.166593,18,1790.151856
0.199847,18,1791.132726
0.572471,22,1792.315897
0.882273,21,1793.61381
0.378962,19,1794.837697
0.686135,22,1796.002591
-1.086638,16,1796.890734
-0.140099,19,1798.195709
-1.1706,15,1799.136683
-1.075193,15,1800.180782
0.074597,20,1801.582874
-0.924537,16,1802.586572
0.371475,19,1803.730585
-0.303847,18,1804.839951
-0.200366,17,1805.977766
-2.012567,13,1806.9066
-0.348667,17,1807.97371
-0.533911,18,1809.234368
-0.83503,16,1810.284566
-1.378444,15,1811.236655
0.582634,22,1812.734124
-1.194572,15,1813.774987
-0.19737,19,1815.217677
-0.023219,17,1816.18689
0.482909,20,1817.391174
0.638296,20,1818.705283
0.390392,21,1819.901846
-0.739989,16,1820.784508
-0.137792,18,1821.995019
-0.397691,17,1823.308048
-0.627767,18,1824.560293
0.207768,20,1825.751598
0.410374,20,1827.057195
0.498736,22,1828.790184
0.553939,21,1830.426216
-1.207282,15,1831.277425
0.857045,22,1833.19208
-0.450095,18,1834.443174
-0.546462,17,1835.594659
-0.111144,17,1836.903742
-0.246988,18,1838.2
0.116377,18,1839.284073
1.061588,22,1840.607767
0.737045,20,1842.038422
0.331153,21,1843.386804
0.672817,23,1844.841541
0.111269,18,1852.251772
0.229857,18,1853.42391
-0.137178,18,1854.60862
-1.131311,16,1855.627188
0.762192,23,1856.952513
-0.278193,19,1857.995893
0.036258,18,1859.121344
0.056416,20,1860.802875
-0.301437,17,1861.816666
-0.935573,16,1863.144752
0.855761,22,1865.166068
-2.033736,13,1866.557108
1.010997,22,1868.338239
-0.390521,19,1869.934105
1.233507,23,1871.665949
-0.882427,17,1873.906267
-1.643577,14,1875.784278
0.524038,22,1876.964057
-1.971145,14,1877.696643
0.583297,22,1879.602269
0.026589,19,1880.696638
-1.497238,15,1881.605312
-0.716652,16,1883.208277
0.79094,23,1885.473943
1.224296,24,1886.874947
0.234304,18,1888.124335
-0.16016,18,1889.570592
-1.314464,16,1891.523552
-32.96774,200,1904.671622
0.032874,19,1906.124255
-0.27817,18,1907.397591
-0.62174,16,1908.249693
0.391342,21,1909.332759
-36.813919,200,1921.853663
-1.2307,16,1922.947518
0.74296,24,1925.139947
-0.813997,17,1926.17573
0.151116,19,1927.232922
-2.091959,13,1927.978396
-0.917571,17,1929.097494
-0.438022,19,1930.371217
1.46627,25,1931.942052
0.31743,21,1933.193305
-0.778011,16,1934.289737
0.095707,18,1935.354012
-32.550667,200,1948.526521
-0.4643,18,1949.867737
0.051061,19,1951.046674
-0.108252,18,1952.256745
-0.683466,16,1953.140405
0.358145,19,1954.142465
-1.018565,17,1955.729691
-0.084247,19,1957.165988
-0.869579,17,1958.485826
1.146781,25,1960.252793
-0.575675,17,1961.40239
0.01221,19,1962.866447
0.511609,22,1964.666325
-1.664017,14,1965.751557
0.77257,24,1967.590989
-0.227886,19,1968.860897
-0.076692,19,1970.011201
0.98269,26,1971.285464
0.644811,21,1972.375118
0.066995,18,1973.05461
-1.446335,14,1973.50623
-0.439545,17,1974.037745
-0.184456,17,1974.574496
-0.232941,19,1975.174789
-1.995876,13,1975.606186
-1.255596,16,1976.118111
-0.366639,19,1976.716709
-1.270738,15,1977.197716
-0.305963,17,1977.742891
-0.649,17,1978.273841
-0.541174,17,1978.83534
-1.039907,16,1979.322666
0.36959,20,1979.968054
-0.329768,17,1980.500357
-0.742635,17,1981.054629
1.183352,23,1981.792687
-0.787784,17,1982.323668
-1.007392,16,1987.90285
0.029052,18,1988.461295
-1.011345,16,1988.956916
-1.023035,16,1989.466942
-1.115757,15,1989.934579
0.277603,19,1990.508512
-0.931125,16,1990.983666
0.332427,21,1991.607678
0.876936,22,1992.255222
-1.03004,16,1992.716422
-0.325748,18,1993.225988
0.162674,20,1993.80456
-1.774999,14,1994.207498
1.02259,22,1994.801869
-1.371864,14,1995.180959
-0.094375,19,1995.691765
0.845879,20,1996.250572
0.329728,19,1996.784676
-1.635167,14,1997.183151
-0.272299,18,1997.661169
-0.312226,18,1998.19819
-0.258086,18,1998.778647
0.283982,20,1999.422943
1.731095,35,2000.39593
0.465574,20,2000.958971
0.707079,21,2001.5518
0.720871,22,2002.146969
0.478858,20,2002.686193
-0.053339,18,2003.176329
0.556366,19,2003.696526
-1.003733,16,2004.135737
-0.103294,20,2004.695694
-0.608495,17,2005.164452
-0.156968,19,2005.701133
0.137063,19,2006.221855
-0.11706,19,2006.74069
-1.067177,16,2007.184972
1.313611,24,2007.836433
0.760029,23,2008.465546
-0.168859,19,2008.995185
-0.954276,15,2009.432442
0.144623,18,2009.936246
-0.380948,17,2010.420644
-0.293427,18,2010.924398
0.811921,20,2011.481686
-0.5532,16,2011.922944
0.314707,18,2012.421537
-1.846849,14,2012.826225
-0.621663,17,2013.310002
-0.700637,16,2013.753098
-0.093634,17,2014.211529
0.054066,18,2014.705562
0.325905,20,2015.274616
0.263075,19,2015.811486
1.836235,25,2016.504441
0.669081,19,2017.050956
0.48221,21,2017.631629
-0.547987,18,2018.135437
-0.507022,18,2018.638337
0.516083,21,2019.216356
-0.690519,17,2019.670752
1.241306,23,2020.306986
-0.74929,16,2020.763649
-0.390723,18,2021.260967
0.750885,22,2021.862722
0.349683,17,2022.326435
-0.781933,16,2022.760361
0.572986,21,2023.328208
-0.24854,17,2023.789006
-0.467464,17,2024.244821
-1.016572,16,2024.692312
-1.483584,15,2025.109736
-0.628066,16,2025.554263
-0.391926,17,2026.019135
-1.526716,14,2026.402207
0.027096,20,2026.941163
0.037916,19,2027.457159
-0.408471,17,2027.905534
-1.428224,14,2028.288744
-1.436153,15,2028.678833
0.47167,20,2029.224233
-0.903848,16,2029.644764
0.471064,21,2030.193584
-0.420367,17,2030.644416
-0.194552,18,2031.130115
1.36036,23,2031.758197
-0.308782,18,2032.238278
1.57644,25,2032.905354
-0.073628,18,2033.395822
-0.600914,17,2033.861186
-0.190151,18,2034.360435
0.359585,23,2034.992505
-0.971986,16,2035.444871
-0.657915,18,2035.953941
0.673204,21,2036.51893
-0.928444,16,2036.971049
-0.32451,19,2037.487247
-1.277789,15,2037.895077
0.582123,21,2038.458009
-0.831076,16,2038.883745
-0.850602,16,2039.332974
-0.323796,18,2039.821328
-1.283429,14,2040.212525
0.730497,20,2040.770924
0.299837,19,2041.295976
-0.792892,17,2041.765109
-1.188633,15,2042.173052
0.319769,21,2042.728551
0.205538,20,2043.266515
2.162571,30,2044.08512
0.074511,18,2049.029278
0.673276,22,2049.613921
-1.376078,15,2050.017459
-1.770154,14,2050.374594
-0.945912,17,2050.844979
-0.378592,17,2051.307038
0.258237,20,2051.844189
-0.395634,18,2052.335551
0.15048,20,2052.868988
0.2892,21,2053.454162
-1.542844,14,2053.829436
0.171202,18,2054.320543
0.337996,20,2054.874732
-0.436321,17,2055.334305
-0.41872,18,2055.840088
-1.086206,15,2056.238925
0.255271,21,2056.797395
-1.514707,14,2057.177474
-0.060031,18,2057.669646
-1.370908,15,2058.089612
0.707682,21,2058.670952
-0.60345,17,2059.142003
-0.352036,17,2059.611072
-0.169038,18,2060.103777
-0.783516,16,2060.548385
0.220096,20,2061.075017
-35.796313,200,2066.510608
-0.603108,16,2066.954859
-0.484583,18,2067.45351
0.525068,19,2067.989995
-0.838571,16,2068.430856
0.533448,21,2068.981111
-0.494462,18,2069.481255
-0.846355,17,2069.945797
-1.731163,14,2070.329777
-1.8991,13,2070.684641
-0.814872,16,2071.117781
-0.56705,17,2071.587
0.727925,22,2072.178745
-1.582557,15,2072.600028
-0.69299,15,2073.014453
0.865352,22,2073.606737
-0.396562,16,2074.034634
1.071027,25,2074.712876
-1.620617,13,2075.076222
-0.016527,19,2075.58954
-1.046537,16,2076.029132
-0.193273,18,2076.529305
-0.343911,17,2076.982039
1.964163,24,2077.630054
0.46588,22,2078.221661
0.329297,19,2078.743864
-0.64199,17,2079.196111
0.090411,18,2079.673358
-1.197147,16,2080.126907
-1.043749,16,2080.572851
0.191329,21,2081.17227
0.015463,20,2081.722406
-0.823141,17,2082.179645
-0.251369,19,2082.696045
-0.206048,19,2083.201627
1.075012,23,2083.845699
-1.684554,14,2084.229823
1.235847,24,2084.88079
-1.862344,13,2085.222858
-1.276694,15,2085.634061
-1.479445,14,2086.025887
-0.148259,17,2086.49573
0.327324,19,2086.998479
0.841925,23,2087.629148
-0.046718,21,2088.204939
0.483232,21,2088.781241
-0.75154,17,2089.248598
0.162204,20,2089.80488
0.532128,20,2090.353194
-0.386087,18,2090.844227
0.77447,22,2091.440048
-1.001676,16,2091.874278
-0.179482,18,2092.354581
0.156937,18,2092.855951
-0.157904,17,2093.318074
0.22465,21,2093.894006
-0.894342,16,2094.322267
-1.090167,15,2094.709378
-0.266634,17,2095.15724
-0.535538,17,2095.613639
-1.12571,16,2096.043851
1.896278,24,2096.703703
-0.474806,17,2097.166676
-0.581458,17,2097.62861
-0.455919,18,2098.114278
-0.052082,18,2098.592687
1.402803,29,2099.375096
-1.172648,15,2099.785007
0.613624,21,2100.367949
0.536668,22,2100.963772
-0.992047,15,2101.372692
-0.847449,16,2101.808502
1.707746,27,2102.517946
-0.678747,16,2102.955568
0.543808,19,2103.465286
-0.837876,17,2103.916777
-0.008755,18,2104.402099
-1.024388,16,2109.275711
-1.618988,14,2109.655599
-0.87472,15,2110.068682
-1.191284,15,2110.489734
-0.591795,17,2110.954303
1.61665,27,2111.673957
0.855736,24,2112.31443
-0.99941,15,2112.736282
-0.352354,18,2113.218827
-0.963817,15,2113.632677
0.653939,22,2114.235189
-1.802043,14,2114.624347
-0.085077,19,2115.144156
-0.350025,18,2115.640899
0.368391,21,2116.208791
0.125041,19,2116.733227
-0.908343,15,2117.142402
-0.201644,19,2117.682065
-1.521353,15,2118.097984
1.367095,26,2118.805464
-0.567899,16,2119.227492
0.231688,20,2119.780088
-0.281139,18,2120.275278
-1.537256,14,2120.682861
0.514383,18,2121.179225
-0.707809,17,2121.641704
-0.24413,17,2122.104375
-0.912908,16,2122.543713
-1.087256,16,2122.98049
0.22987,19,2123.511704
-0.04825,18,2123.998987
0.139445,18,2124.495514
1.054987,22,2125.088214
-0.375235,18,2125.575546
-0.682839,17,2126.038656
-0.173897,18,2126.534477
-2.501264,12,2126.867407
-0.449564,18,2127.346152
-0.021412,18,2127.830801
0.259,19,2128.356215
-1.153934,15,2128.771515
-0.152649,17,2129.240351
-1.396496,14,2129.610675
0.649298,20,2130.152784
0.506833,20,2130.717005
0.270481,19,2131.238125
-1.453001,14,2131.62148
-1.326884,15,2132.010518
-1.97603,13,2132.352339
0.663166,22,2132.936962
-0.452426,17,2133.398079
-0.938509,14,2133.779672
-0.909711,16,2134.200601
0.481386,21,2134.75025
-0.626268,17,2135.193853
-1.227373,15,2135.600565
-0.543328,16,2136.037155
-0.806779,15,2136.443619
-0.23958,18,2136.938678
-0.575799,17,2137.392528
-1.662775,14,2137.756306
-0.640972,17,2138.20077
-1.416127,15,2138.613129
-0.473026,17,2139.166555
-1.775622,14,2139.684211
-0.110362,19,2140.224725
0.847585,23,2140.879427
0.006281,18,2141.383302
-1.703237,14,2141.787896
0.369067,21,2142.347971
-2.278958,13,2142.703602
-0.337146,17,2143.157531
-1.15223,15,2143.580163
-0.247098,18,2144.073362
-0.794565,16,2144.501299
-1.199799,16,2144.945129
0.216878,19,2145.470037
-1.264937,15,2145.876255
0.54879,19,2146.394774
0.364188,20,2146.945114
0.310565,19,2147.462614
0.694841,22,2148.04452
-1.927485,13,2148.415907
0.987422,22,2149.006219
-1.652985,14,2149.385349
-0.389602,18,2149.875884
-0.557816,17,2150.345994
0.092163,18,2150.84062
-0.620108,17,2151.299592
-1.565735,14,2151.678268
0.010015,18,2152.157172
0.487799,22,2152.75309
-0.407554,17,2153.219612
-0.589886,18,2153.703599
0.107311,20,2154.237694
-0.454801,17,2154.681237
-0.387181,17,2155.139724
-0.600827,18,2155.625996
-0.65038,17,2156.097234
-1.192091,16,2156.52667
-0.401665,17,2156.988148
-1.033511,16,2157.425431
-1.090562,16,2157.847783
-0.184972,18,2158.331165
-0.127997,18,2158.814327
0.119357,19,2159.330617
0.332543,20,2159.872813
-1.038823,16,2160.317577
0.43751,19,2160.818288
0.629684,19,2161.33545
-0.475647,17,2161.813544
-1.483202,14,2162.194662
0.927166,24,2162.826257
-0.413112,17,2163.278263
0.519779,19,2163.795827
-0.573873,16,2164.227211
1.422425,23,2164.839897
-0.545378,16,2169.696624
-1.002096,17,2170.162269
0.388984,20,2170.690685
-0.177847,19,2171.19891
0.120133,21,2171.769867
0.848839,24,2172.424042
0.518573,21,2173.012905
-0.841973,16,2173.441857
-0.056839,20,2173.98677
0.069409,19,2174.497078
0.501302,20,2175.038409
-0.22424,18,2175.524496
0.076702,19,2176.035227
-0.552741,17,2176.481073
-0.800222,16,2176.903278
-0.773907,16,2177.333293
-1.217673,16,2177.76934
-0.185403,19,2178.27972
0.393056,18,2178.757315
-0.352705,18,2179.247627
-0.948434,17,2179.715784
-0.381133,18,2180.202047
0.679139,22,2180.805986
-0.248917,19,2181.325637
-45.107355,200,2186.669649
-0.058309,18,2187.15359
0.212888,20,2187.701725
0.432897,19,2188.209913
-0.939148,16,2188.642073
0.49984,20,2189.203476
0.609791,20,2189.746095
0.691473,21,2190.302388
-0.26458,19,2190.815234
-1.684902,14,2191.205584
-0.454793,18,2191.698526
0.007646,18,2192.183212
-1.355267,15,2192.588228
0.289245,19,2193.115532
0.346569,18,2193.577729
0.4305,21,2194.127588
0.537946,19,2194.628275
-1.535382,15,2195.014661
-1.57016,14,2195.38012
-0.443548,16,2195.81216
-1.393334,14,2196.183546
0.035547,20,2196.710434
0.289064,19,2197.218501
0.684622,22,2197.792904
-0.273151,18,2198.253469
-1.68698,14,2198.634402
0.231487,18,2199.120529
-0.124504,19,2199.630756
-0.90639,16,2200.052622
0.039288,19,2200.545525
-0.276801,17,2200.995766
-0.936224,16,2201.408336
-0.209832,18,2201.892726
-1.024822,16,2202.334176
1.048634,23,2202.945581
-0.477826,17,2203.40746
-0.653979,16,2203.842672
-0.211972,18,2204.327057
-0.105588,20,2204.849748
-0.11848,18,2205.310103
-2.139001,13,2205.640569
-0.40477,17,2206.072578
-0.704303,17,2206.515289
1.123332,23,2207.115435
0.746783,20,2207.627516
1.233663,25,2208.261163
-0.477628,17,2208.689573
0.285047,19,2209.161728
0.79629,22,2209.724052
-0.469427,18,2210.178176
-0.716193,18,2210.649992
-0.139414,19,2211.142899
0.503508,19,2211.620672
-0.853451,17,2212.054684
0.882185,21,2212.595087
-0.247592,18,2213.042236
-0.811467,17,2213.458663
0.321267,17,2213.891801
-1.192686,15,2214.325832
-1.029499,16,2214.726427
-0.403638,18,2215.213251
-0.419132,18,2215.675401
0.547383,21,2216.219819
0.035502,18,2216.686556
0.96538,24,2217.30399
-1.518091,14,2217.662516
1.247763,24,2218.282573
0.162873,21,2218.813744
0.58486,20,2219.332262
0.218105,19,2219.818016
-0.350693,18,2220.270741
-0.978692,15,2220.662759
-1.989707,13,2220.992123
-0.72047,17,2221.435679
-0.606145,17,2221.879355
0.410345,21,2222.420564
-1.162855,15,2222.807485
-2.094102,13,2223.139638
-0.0176,18,2223.602002
0.242846,20,2228.544194
-0.416198,18,2228.995444
-1.454172,15,2229.394643
-1.045198,16,2229.806072
-0.478949,19,2230.295192
0.254878,19,2230.804924
0.982308,23,2231.387751
-0.829342,17,2231.831421
-0.719009,18,2232.287734
-1.169329,15,2232.673952
-1.648596,14,2233.031361
0.288264,21,2233.578952
0.610915,21,2234.130395
-0.80193,17,2234.55696
-0.3129,17,2234.997996
-1.11192,15,2235.380441
-0.383177,19,2235.869853
0.505813,21,2236.415315
0.490992,21,2236.952724
0.654498,22,2237.517457
0.175276,20,2238.027518
0.944925,21,2238.569969
-1.417952,15,2238.935563
-0.173102,19,2239.419068
0.466473,19,2239.914901
-0.678915,17,2240.34912
-0.932972,15,2240.744298
0.995147,24,2241.365154
-0.080103,18,2241.834845
0.61733,23,2242.405705
1.049288,25,2243.034949
-0.825032,15,2243.414907
-0.612852,17,2243.856801
0.381273,20,2244.373106
-34.948552,200,2249.471062
-1.434453,15,2249.843041
-0.443029,17,2250.265285
-0.282758,18,2250.725105
0.257545,20,2251.218426
-34.45234,200,2256.238596
-1.18591,16,2256.653467
0.716606,21,2257.212666
0.139959,19,2257.693384
-0.115891,19,2258.190945
-1.685997,14,2258.558031
0.729388,22,2259.13018
0.843699,23,2259.711365
1.021736,25,2260.32604
-1.175191,15,2260.715075
0.445112,21,2261.240345
0.862382,25,2261.880847
-1.217627,15,2262.261716
0.861056,23,2262.828759
-0.08224,18,2263.290111
0.090651,21,2263.824656
0.777123,21,2264.365434
-1.154598,15,2264.759077
0.074485,19,2265.22822
0.240969,22,2265.796667
-0.905454,17,2266.238984
-0.789183,17,2266.656609
-0.938312,16,2267.080719
-1.23139,15,2267.504163
0.452858,20,2268.005455
-0.879824,17,2268.438987
0.556012,23,2269.025237
-0.264945,18,2269.497095
-0.08549,19,2270.04457
-0.790685,16,2270.499682
0.391866,19,2270.999954
0.647643,20,2271.51738
0.185182,21,2272.076821
-0.039007,17,2272.501027
0.411164,22,2273.043595
0.702601,21,2273.556988
0.545275,19,2274.038745
-1.487751,14,2274.398074
0.057575,18,2274.837172
0.187909,20,2275.329548
0.072277,18,2275.789342
0.381954,20,2276.285673
-0.454501,17,2276.704129
-0.151172,18,2277.160157
-1.560885,15,2277.538592
-1.224949,16,2277.940493
0.681288,24,2278.549164
-1.005324,15,2278.938974
-0.87812,17,2279.373772
0.566742,23,2279.948494
0.103707,20,2284.879004
-0.600408,18,2285.348433
-0.575187,18,2285.845632
-1.681818,15,2286.243247
-0.535749,17,2286.698314
-0.190392,19,2287.17785
-0.821894,17,2287.614001
-0.457464,18,2288.059176
0.163402,18,2288.512958
-0.745993,17,2288.941296
-0.846741,17,2289.372217
0.501889,21,2289.888261
0.187354,20,2290.38591
-0.37945,18,2290.824497
-0.347367,18,2291.283589
-0.601335,18,2291.735015
-0.585798,15,2292.109241
0.426135,21,2292.651678
-1.488751,15,2293.030394
1.284231,27,2293.707849
-0.417964,18,2294.166243
0.880892,26,2294.834657
-0.798006,17,2295.272382
-0.352519,18,2295.728282
-1.472427,15,2296.126772
0.449779,22,2296.68446
-0.007829,18,2297.13256
0.859979,22,2297.69223
-1.453738,14,2298.055433
-0.126264,20,2298.556085
-0.363287,18,2299.02234
-0.307045,19,2299.516734
0.835302,24,2300.120981
-0.501147,17,2300.557586
1.202827,25,2301.203308
0.770689,22,2301.776007
1.568261,30,2302.53478
-0.10546,20,2303.040298
0.302492,21,2303.577392
-0.047754,20,2304.062191
-1.054084,16,2304.466188
0.417629,21,2304.988648
1.002268,24,2305.606697
-1.158467,15,2305.988889
-0.481205,18,2306.456031
-1.108041,15,2306.848158
-0.668057,17,2307.280545
-0.427998,18,2307.73104
-1.02623,16,2308.142803
-1.500104,15,2308.538277
0.714187,23,2309.127556
1.066655,22,2309.682055
0.385783,20,2310.183848
0.18952,20,2310.70755
-1.501252,15,2311.098051
0.45178,22,2311.678428
0.30815,20,2312.194208
-2.004451,13,2312.528944
-0.121335,20,2313.041308
0.605223,22,2313.614801
-0.131682,19,2314.10015
0.1955,20,2314.628495
-0.442161,18,2315.095743
1.130176,24,2315.717563
-0.174293,18,2316.17505
-0.233687,18,2316.632554
-31.051787,200,2321.618037
-0.187558,19,2322.108284
1.311738,27,2322.794132
1.865997,28,2323.490916
-0.842516,17,2323.931625
-1.838404,13,2324.267444
-0.017508,20,2324.768255
0.407705,21,2325.297689
-0.681045,16,2325.710465
-0.1732,18,2326.182502
-1.145277,16,2326.583736
-0.819717,17,2327.025125
0.510903,22,2327.593777
-0.258419,17,2328.017259
0.927783,24,2328.632914
1.151934,25,2329.263999
-0.359038,18,2329.71859
0.04435,19,2330.213353
0.50491,21,2330.744755
-0.369824,18,2331.192347
-0.245689,18,2331.626982
1.280087,25,2332.258031
0.789005,23,2332.83093
-1.117055,16,2333.231386
0.719438,22,2333.784629
0.102959,20,2334.298995
-0.01324,19,2334.786382
-0.301917,18,2335.242192
-0.233327,19,2335.753751
-0.003568,19,2336.246569
0.533805,21,2336.807765
