#{"t_start": 1770750673.9230628, "env_id": "highway-v0"}
r,l,t
59.416564,100,32.458061
4.980137,6,33.958952
71.932377,100,60.57746
4.909914,6,62.100928
4.034357,6,63.718219
35.538923,40,74.853333
15.903996,19,80.192588
42.146165,51,94.248932
6.090472,7,96.073046
9.117595,11,98.973042
56.060358,100,124.566812
74.201995,100,150.585916
69.586865,100,176.866385
16.197308,19,181.740583
17.776212,22,187.439895
1.863508,3,188.214197
9.213448,12,191.245559
63.193325,76,210.818015
5.441154,7,212.628002
7.756929,10,215.250699
69.035801,100,241.209906
34.468439,42,251.778894
5.071741,6,253.347641
11.610477,14,257.006039
9.695384,11,259.875261
69.52766,100,285.802133
51.532812,63,301.907996
8.001419,11,304.807199
14.806084,16,308.939143
4.981454,6,310.497518
59.57105,100,336.569105
64.033867,84,358.729977
2.137962,3,359.56286
48.052766,100,386.894888
15.730648,20,392.362685
18.983358,24,399.007107
12.822324,14,402.61891
1.072364,2,403.166139
67.508753,100,429.927847
74.768827,100,456.513633
29.019813,35,465.843071
72.449639,100,492.79067
5.911111,7,494.702132
3.942626,5,496.062733
1.998071,3,496.890825
3.400325,5,498.261842
40.404989,100,524.755638
73.509654,100,556.825935
2.854742,4,557.823503
8.946269,11,560.684525
3.765521,5,562.010856
83.286492,100,588.59356
28.319525,100,615.00709
79.19587,100,642.076523
27.845352,33,650.917279
1.914385,3,651.581474
69.100667,100,678.101975
72.690662,100,704.080812
76.047651,100,730.169135
68.458569,100,756.552055
76.090066,100,783.154375
12.841495,15,787.422685
6.664407,9,789.829769
84.075912,100,816.54832
73.958814,100,841.873603
1.868744,3,842.669705
6.823369,9,845.068451
68.97964,100,871.304013
42.666667,100,897.392996
9.604888,14,901.175175
77.622122,100,928.193243
69.65242,100,954.887615
39.78778,50,967.464854
66.936413,100,993.540449
81.007801,100,1019.632442
67.885926,100,1046.29014
11.967768,16,1050.764707
1.10149,2,1051.304043
62.925058,74,1070.863143
72.411127,100,1103.660297
78.338179,100,1130.476689
74.743156,100,1156.580106
34.164895,100,1182.327245
71.701752,100,1208.52071
66.811458,100,1234.232986
73.788265,100,1260.178703
76.632399,91,1283.647688
76.866555,100,1309.682101
2.845867,4,1310.730832
17.533233,21,1316.230892
75.340627,100,1342.33029
67.629896,100,1368.111553
67.347095,84,1389.385286
74.922891,100,1415.172867
82.151791,100,1441.226388
79.493608,100,1467.562592
71.620974,100,1493.341134
75.045024,100,1518.957424
49.682527,66,1535.81504
47.582917,63,1552.266421
12.785226,15,1556.183741
66.139122,100,1582.016634
80.166461,100,1607.712558
73.276769,88,1635.686043
61.903314,79,1655.866556
75.092809,100,1681.640011
67.537512,79,1701.864487
55.248345,72,1720.265435
78.92873,100,1745.814119
77.613975,100,1771.247947
5.853823,7,1773.063281
80.386967,100,1798.308126
74.230385,100,1823.803334
82.096255,100,1849.33783
73.449894,100,1874.87962
77.851951,100,1900.421139
83.477508,100,1926.881524
78.872538,100,1953.731176
74.406513,100,1981.171059
10.928021,13,1984.652089
69.522271,100,2012.275039
77.486495,100,2039.554277
79.364984,100,2066.334489
83.170884,100,2092.037149
78.15827,100,2117.789844
75.779774,100,2143.618116
77.632127,100,2174.463769
75.955615,100,2200.775445
75.001636,100,2226.73119
77.695653,100,2252.989322
81.910855,100,2278.056727
75.198108,100,2304.247473
74.853351,100,2330.311952
73.540302,100,2356.660593
76.446071,100,2383.413859
78.488937,100,2409.934209
79.104122,100,2436.904933
79.890985,100,2463.394944
41.870973,53,2477.255483
73.490461,100,2503.540637
81.055326,100,2529.688918
77.485104,100,2556.273711
74.452512,100,2582.1733
60.378495,74,2601.307767
76.068935,100,2627.053314
78.070171,100,2653.033076
80.916415,100,2679.22337
71.375848,87,2702.918109
81.732682,100,2734.4216
81.578546,100,2760.23169
75.420672,100,2785.914813
81.39971,100,2811.355173
80.762981,100,2837.012845
76.709231,100,2862.954861
80.836094,100,2888.358363
80.600695,100,2914.383561
78.101716,100,2940.194307
74.048202,100,2965.777306
74.147098,100,2991.01076
82.280272,100,3016.676896
77.77982,100,3041.837494
75.756002,100,3067.305425
78.585026,100,3092.838192
82.299679,100,3118.661876
77.624756,100,3143.999545
81.608993,100,3169.663525
75.005886,100,3196.466424
78.467739,100,3222.662863
76.502868,100,3253.43077
81.585269,100,3278.991744
75.064428,100,3304.905118
82.109425,100,3330.229024
77.728428,100,3356.213312
72.402298,100,3382.028999
77.010382,100,3408.096827
80.43271,100,3433.633449
75.594215,100,3459.138248
75.554204,100,3484.907256
72.876466,100,3511.057817
75.428234,100,3536.944146
75.327598,100,3562.612316
77.067303,100,3589.135531
35.332667,44,3600.885767
83.406403,100,3627.962484
76.814122,100,3654.355537
73.369868,100,3681.005035
79.69208,100,3707.428706
79.700854,100,3734.756785
76.728231,100,3762.315744
81.976637,100,3792.713857
82.438398,100,3818.685153
82.743098,100,3844.12282
77.158926,100,3870.051355
77.190438,100,3895.365716
76.609409,100,3920.656428
84.408497,100,3946.02119
81.719644,100,3971.406664
77.445294,100,3996.957333
76.010176,100,4022.412565
76.255376,100,4047.70938
76.940076,100,4072.891014
77.374245,100,4098.384115
82.336855,100,4124.005785
79.601371,100,4149.625146
83.365501,100,4175.154819
81.557522,100,4200.613562
80.87164,100,4225.803383
78.676764,100,4251.317838
79.230838,100,4276.629114
74.405928,100,4302.18386
81.171369,100,4332.217595
80.492009,100,4357.603423
78.406661,100,4383.088185
74.297392,100,4408.667838
81.923618,100,4434.088102
81.49289,100,4459.84387
78.428556,100,4484.995969
74.179775,100,4510.421776
83.310463,100,4535.873889
76.58217,100,4561.185587
73.935262,100,4586.645568
83.595427,100,4611.666472
80.94558,100,4637.130272
81.787249,100,4662.5669
81.595797,100,4688.149301
79.799957,100,4713.382125
81.580839,100,4738.640285
77.476865,100,4764.090412
74.482346,100,4789.657248
81.667398,100,4815.427675
83.725722,100,4845.753211
82.820809,100,4871.292745
80.957806,100,4896.677335
73.833754,100,4922.28209
76.709476,100,4948.068516
79.589911,100,4973.74152
81.386638,100,4999.742812
77.391863,100,5025.003761
75.591801,100,5050.961467
81.506249,100,5077.326459
75.632219,100,5104.025941
81.736455,100,5129.932752
74.641562,100,5155.506618
74.119698,100,5181.112041
80.38219,100,5206.626264
79.058119,100,5232.017741
79.324257,100,5257.809481
76.882117,100,5283.036203
80.432216,100,5308.577448
80.649114,100,5333.985812
80.302295,100,5360.752483
76.162315,100,5392.162377
2.452829,4,5393.334145
78.382551,100,5419.418972
83.875882,100,5445.002483
83.747811,100,5471.051235
75.130143,100,5497.76297
76.200162,100,5524.207536
78.250492,100,5549.977561
79.174891,100,5575.404983
77.871091,100,5600.871336
79.606576,100,5626.307951
75.73136,100,5653.481561
76.941073,100,5680.702298
77.396911,100,5707.75702
78.17256,100,5735.020462
78.221487,100,5762.153109
81.668288,100,5787.58815
82.413142,100,5813.608624
77.298613,100,5839.540378
76.433041,100,5865.375186
74.812775,100,5891.681473
81.705869,100,5921.544909
77.065792,100,5947.631294
84.0511,100,5973.76401
75.624699,100,5999.522414
83.641045,100,6025.279764
83.271341,100,6050.877941
80.971057,100,6076.297328
78.479836,100,6102.698917
80.780045,100,6128.498284
81.612073,100,6153.900913
80.440751,100,6179.162737
78.926469,100,6204.606206
76.262223,100,6229.955577
78.79465,100,6255.401112
81.610982,100,6280.676401
81.922581,100,6306.129518
83.42194,100,6331.536212
82.051538,100,6357.568934
77.285595,100,6383.064195
79.563334,100,6408.747914
78.769195,100,6434.103494
77.479535,100,6464.963952
80.35438,100,6491.089132
80.114623,100,6516.430505
84.264434,100,6541.994032
79.463018,100,6567.181132
84.502421,100,6592.634223
84.736677,100,6618.090591
80.898664,100,6643.549027
78.241487,100,6668.962795
78.87727,100,6695.191083
78.641301,100,6720.226934
81.999746,100,6745.75113
79.293873,100,6771.250092
77.297193,100,6796.646035
80.055312,100,6821.971662
78.487124,100,6847.428
80.816097,100,6872.658821
77.519037,100,6898.138083
75.393645,100,6923.672974
80.082848,100,6949.168595
46.421099,57,6963.605846
84.778869,100,6994.115546
78.978092,100,7019.255528
75.900213,100,7044.913396
76.274303,100,7070.414937
81.010349,100,7095.991729
81.068001,100,7121.87285
81.610726,100,7147.405564
82.987886,100,7172.722875
79.188754,100,7198.419618
83.204444,100,7224.20193
81.044451,100,7249.968973
82.763301,100,7276.494778
76.873182,100,7303.910332
78.926228,100,7331.290929
74.781974,100,7357.621651
79.904643,100,7383.893538
78.438526,100,7410.268382
78.792471,100,7437.322311
78.514358,100,7464.546457
78.464314,100,7492.417431
82.100802,100,7524.936169
85.12556,100,7552.259869
79.357462,100,7579.970868
82.037973,100,7608.448534
80.055393,100,7634.976038
74.789796,100,7660.551823
78.064323,100,7686.01442
77.566321,100,7711.423042
83.301753,100,7736.934357
83.344968,100,7762.488586
82.376939,100,7787.78507
77.150081,100,7813.079205
77.79408,100,7838.955595
78.290027,100,7864.351416
83.743817,100,7890.067296
76.655673,100,7915.802212
77.309824,100,7942.963451
80.505077,100,7969.088841
83.44346,100,7995.236027
81.165522,100,8021.502229
85.004367,100,8047.67357
80.283816,100,8077.586428
83.542223,100,8103.493927
78.678817,100,8129.474355
80.424773,100,8155.083128
80.741666,100,8180.561087
79.653553,100,8206.141929
84.594254,100,8231.639419
82.231523,100,8257.121536
81.783423,100,8283.045212
78.809129,100,8308.426292
79.863261,100,8334.031529
78.971324,100,8359.46674
81.131644,100,8385.003955
78.945337,100,8410.437901
83.979225,100,8435.877144
82.639824,100,8461.657899
83.176995,100,8486.868324
77.195343,100,8512.428095
84.982055,100,8537.910327
82.016401,100,8563.998257
84.210723,100,8594.530995
82.260281,100,8620.22414
82.735542,100,8645.988993
80.317293,100,8672.077691
84.040354,100,8697.807244
82.387436,100,8723.462188
79.24271,100,8749.34681
81.72513,100,8774.91584
84.403033,100,8800.903523
83.798882,100,8827.626748
79.796671,100,8854.833143
82.847466,100,8881.490394
83.621475,100,8907.853386
77.329089,100,8935.299227
79.265313,100,8963.321056
79.294008,100,8990.402103
82.845663,100,9017.354987
80.295586,100,9044.298449
81.093928,100,9071.049372
77.313711,100,9096.918548
78.656641,100,9122.627981
77.572523,100,9153.145008
36.720063,44,9164.697727
82.138083,100,9191.416436
80.947936,100,9218.481928
83.026359,100,9245.889078
77.945064,100,9272.451435
77.175147,100,9298.482339
84.485873,100,9323.831858
80.360559,100,9349.326867
77.510642,100,9375.052941
81.254151,100,9401.090247
83.795677,100,9426.551297
84.310199,100,9452.193322
82.731787,100,9477.522495
76.969561,100,9503.131159
79.251446,100,9528.770991
84.374456,100,9554.222439
77.8452,100,9579.923121
79.386785,100,9605.489717
86.371167,100,9631.059864
82.315929,100,9656.42554
82.356289,100,9686.414776
77.544122,100,9712.125916
84.368092,100,9737.331199
84.20327,100,9762.83927
82.880613,100,9788.500256
84.537344,100,9814.357182
82.687866,100,9839.953091
81.197009,100,9865.12948
78.986009,100,9890.905342
77.825871,100,9916.624855
78.397219,100,9941.962448
78.291622,100,9967.555827
80.390275,100,9992.819413
83.991285,100,10018.600801
83.218213,100,10044.637972
81.580469,100,10070.396465
85.108982,100,10095.902897
80.591744,100,10123.373771
78.153793,100,10150.863674
79.2334,100,10178.134405
84.051435,100,10209.432099
79.119271,100,10235.220639
79.926504,100,10261.335776
82.849209,100,10287.691855
76.56758,100,10313.399801
77.875361,100,10339.029029
82.718081,100,10364.423592
77.315041,100,10390.833702
81.741152,100,10416.461692
79.27691,100,10442.408415
76.224407,100,10467.718946
80.485862,100,10493.064521
84.352447,100,10518.748822
80.074843,100,10544.547278
80.794437,100,10570.197498
82.750157,100,10595.939058
81.837367,100,10621.320913
79.730827,100,10646.782838
81.927166,100,10672.156577
80.945832,100,10697.799937
83.487802,100,10723.255975
86.799389,100,10753.109643
79.585058,100,10778.595522
77.934572,100,10804.361237
81.689044,100,10830.569344
85.920562,100,10856.674103
84.861461,100,10882.205058
83.5665,100,10907.609689
84.484205,100,10933.141227
80.860981,100,10958.746838
84.981928,100,10984.604566
84.498795,100,11010.132637
81.318019,100,11035.840535
79.230972,100,11061.183823
81.978671,100,11086.83815
83.146545,100,11112.39646
82.161701,100,11138.087429
81.905851,100,11163.826372
78.632226,100,11189.190617
81.734449,100,11214.428812
80.679713,100,11240.167935
86.216383,100,11270.429134
85.445418,100,11296.059465
82.383184,100,11321.378693
83.905599,100,11346.953949
83.655405,100,11372.391009
83.574639,100,11397.86721
83.999774,100,11423.421053
81.570017,100,11449.13884
81.34492,100,11475.0481
77.242869,100,11500.891435
80.687411,100,11526.495022
80.110158,100,11552.153273
84.223092,100,11577.881275
77.366003,100,11603.446019
76.936575,100,11628.998316
84.803272,100,11654.553846
78.235631,100,11680.697381
78.859894,100,11707.90882
85.239745,100,11734.755117
82.19724,100,11760.773502
80.652117,100,11791.148234
83.744326,100,11817.019822
84.448412,100,11842.470023
83.203485,100,11868.300591
85.520998,100,11894.066873
60.044191,71,11912.498444
81.726607,100,11938.207343
78.60903,100,11964.801223
77.971528,100,11990.250232
81.040509,100,12015.961599
85.536546,100,12041.567036
78.79063,100,12067.236585
80.090214,100,12092.85341
78.51816,100,12118.194782
79.934053,100,12143.469431
82.835683,100,12169.10557
82.930506,100,12194.900642
86.31034,100,12221.251231
77.687948,100,12247.735262
78.997998,96,12272.07689
80.726227,100,12297.417658
78.097072,100,12327.765705
85.366563,100,12354.186178
82.857757,100,12380.807829
80.581742,100,12406.624754
77.655242,100,12432.664117
82.140881,100,12458.017866
84.681148,100,12483.630269
81.492085,100,12509.042233
80.718803,100,12534.618239
79.085713,100,12560.154325
76.920117,100,12585.512552
82.787591,100,12611.129026
84.826414,100,12636.755799
81.192012,100,12662.195522
83.82328,100,12687.639052
82.908205,100,12713.3957
77.979534,100,12738.894045
84.759533,100,12764.578553
84.687663,100,12790.437613
80.05011,100,12816.602966
84.28636,100,12842.220184
77.877649,100,12872.286452
77.505233,100,12897.84662
82.434293,100,12923.350941
83.063689,100,12948.786318
83.435296,100,12974.232455
78.771149,100,13000.699094
77.421224,100,13026.022217
80.806929,100,13051.593226
77.560167,100,13077.740236
77.05474,100,13103.428684
80.736299,100,13128.823495
83.296933,100,13154.336299
83.644585,100,13179.751354
78.378473,100,13205.248753
82.8102,100,13230.754702
80.664347,100,13256.137933
83.4758,100,13282.410944
78.187054,100,13304.538599
79.336915,100,13327.367486
81.013496,100,13350.694177
83.175781,100,13378.301147
82.933141,100,13401.814231
80.449585,100,13425.038769
79.316064,100,13448.365569
84.172654,100,13471.171079
79.362017,100,13494.207015
83.948187,100,13517.164175
84.800745,100,13540.299506
85.589097,100,13563.152534
85.123578,100,13586.191064
84.078329,100,13609.325447
78.786537,100,13632.491446
78.779362,100,13655.726711
79.221107,100,13678.997625
85.254521,100,13702.2837
81.905561,100,13725.659295
80.418867,100,13748.905874
81.213495,100,13771.797725
80.435186,100,13794.992965
81.816486,100,13818.204593
81.638174,100,13840.841519
83.285141,100,13868.272094
78.381055,100,13891.139887
80.507054,100,13913.586677
84.014222,100,13936.374403
86.086936,100,13959.630328
74.418542,100,13982.681565
82.727143,100,14005.803313
82.303128,100,14028.2565
84.818512,100,14050.673668
83.058697,100,14073.304118
83.511218,100,14095.71398
80.724027,100,14119.101487
82.740541,100,14141.946093
85.229103,100,14165.155467
78.021366,100,14188.012147
86.241975,100,14211.284693
78.55277,100,14233.793561
83.5557,100,14256.446944
85.557464,100,14278.961964
83.437004,100,14301.888194
82.88964,100,14328.666227
77.742312,100,14351.533933
82.638595,100,14374.847023
83.88914,100,14397.912721
76.87552,100,14421.260753
79.702403,100,14444.270873
80.739776,100,14467.578764
81.198701,100,14490.974843
80.405621,100,14514.237117
85.302624,100,14537.632838
80.475423,100,14560.7797
84.505781,100,14583.930313
82.462053,100,14606.992674
79.512004,100,14630.207676
84.636158,100,14653.318684
85.937835,100,14675.805858
83.070934,100,14698.021632
79.425465,100,14720.539544
79.961812,100,14742.619676
82.479465,100,14764.801095
80.935715,100,14787.391491
81.123464,100,14814.835768
83.299004,100,14837.852948
80.763188,100,14861.146869
79.740356,100,14884.320393
78.405939,100,14907.610095
83.712579,100,14930.602138
82.637178,100,14953.980313
78.87841,100,14976.474176
78.626942,100,14999.747335
78.723306,100,15022.819715
80.475028,100,15045.302468
80.790108,100,15067.606698
78.092813,100,15089.817828
84.004529,100,15111.797472
83.138214,100,15134.409417
81.096271,100,15156.597753
85.400313,100,15178.853391
80.961038,100,15201.005573
77.790324,100,15223.300466
79.950234,100,15245.38377
40.326125,48,15256.535614
81.701889,100,15283.415045
85.528291,100,15306.710385
85.040338,100,15329.199388
85.826581,100,15351.802154
81.008464,100,15373.794812
85.593966,100,15396.076283
79.122027,100,15417.996332
81.589876,100,15440.307207
81.567989,100,15462.333811
84.936107,100,15484.499466
81.737742,100,15506.50752
79.025127,100,15528.563362
79.471596,100,15550.509552
77.957539,100,15572.871197
83.718782,100,15595.079751
82.370082,100,15617.275357
78.384066,100,15640.04044
82.048254,100,15662.402239
84.896371,100,15684.577199
83.472134,100,15708.037122
83.18094,100,15734.519084
79.630626,100,15757.337055
81.556963,100,15779.552503
86.52927,100,15802.370652
79.968772,100,15825.543172
84.710754,100,15848.233121
80.43615,100,15871.221919
86.076193,100,15893.491997
80.751296,100,15916.072735
80.92369,100,15938.319677
85.768003,100,15961.020384
83.096816,100,15983.413528
34.244073,42,15992.779179
83.104894,100,16015.131532
81.054536,100,16038.279345
79.828249,100,16061.198756
80.58005,100,16083.735245
84.014858,100,16106.039683
83.864568,100,16128.378594
82.957196,100,16150.300951
79.354981,100,16173.692437
81.132466,100,16201.121381
79.678815,100,16223.644
83.636239,100,16246.347321
78.29993,100,16268.512525
84.333655,100,16291.168219
82.509131,100,16313.653754
78.446041,100,16336.540752
83.568645,100,16359.178612
82.785172,100,16381.968605
81.931062,100,16404.700013
80.389196,100,16427.808125
86.303279,100,16450.788139
83.037077,100,16473.639848
85.92514,100,16496.926123
81.159023,100,16520.076648
83.297731,100,16543.3418
84.46451,100,16566.571388
83.318424,100,16588.951294
86.570782,100,16611.598606
83.429137,100,16634.727636
85.881946,100,16657.587585
77.519394,100,16684.492733
78.642142,100,16706.74353
77.971674,100,16728.667034
81.598563,100,16750.722716
81.427227,100,16772.840909
82.930283,100,16794.913442
80.889595,100,16817.463399
84.224091,100,16839.939914
85.750173,100,16862.665729
86.496313,100,16884.765636
83.970843,100,16906.693412
80.48823,100,16929.379321
80.31543,100,16951.880318
85.677096,100,16975.031263
82.898415,100,16997.547501
80.93267,100,17020.622145
34.081033,42,17030.008293
85.978934,100,17053.091996
84.996556,100,17075.823924
80.996316,100,17098.863169
83.033945,100,17121.075295
86.107195,100,17148.43379
83.876368,100,17171.027387
83.858201,100,17194.19033
84.150953,100,17216.786204
82.60247,100,17239.644949
82.647568,100,17261.877259
79.604981,100,17284.606944
83.368182,100,17307.023433
80.320418,100,17330.241409
85.14756,100,17352.853821
78.58704,100,17375.736535
83.461798,100,17398.045747
85.894718,100,17420.81038
84.745486,100,17443.279852
85.269031,100,17465.882631
84.280379,100,17488.495176
81.128349,100,17510.932208
78.060191,100,17533.611938
78.549505,100,17556.179859
83.392128,100,17578.796124
79.844514,100,17605.706089
78.282859,100,17628.652891
85.705704,100,17650.673603
83.081516,100,17673.342527
86.306064,100,17695.673566
81.324993,100,17718.090799
79.736637,100,17740.650412
83.102466,100,17763.641364
81.100141,100,17786.181448
79.864298,100,17808.923689
80.488753,100,17831.503135
78.088567,100,17854.420455
85.852605,100,17876.669331
85.896925,100,17900.220232
77.317375,100,17922.897856
81.632024,100,17946.308737
78.469828,100,17968.962916
80.970699,100,17992.760419
78.185056,100,18016.237981
85.510326,100,18039.739174
79.874253,100,18062.595264
82.554381,100,18089.083866
78.831197,100,18111.987545
85.573323,100,18134.525977
80.208448,100,18158.012257
77.874627,100,18180.777069
86.60056,100,18204.0199
79.544117,100,18226.049373
81.858249,100,18248.606528
83.575833,100,18271.046064
78.790657,100,18294.378141
83.530649,100,18316.872627
81.403533,100,18339.628925
85.087513,100,18361.925735
83.617592,100,18384.531294
85.152322,100,18407.245001
81.062261,100,18429.64909
78.697972,100,18452.346591
78.176641,100,18475.082839
80.385319,100,18497.955112
86.016958,100,18520.780916
84.483654,100,18547.989185
79.538623,100,18570.147824
81.065689,100,18592.959518
85.975222,100,18615.435147
81.063614,100,18638.211147
81.38894,100,18661.134476
83.186824,100,18684.214447
83.272814,100,18706.733941
81.008046,100,18729.802824
83.853161,100,18752.108206
35.026555,44,18762.212828
80.776081,100,18785.198851
59.730009,75,18801.993952
81.777101,100,18825.187012
78.855609,100,18847.567135
85.514768,100,18870.64857
76.448113,100,18892.934642
86.274518,100,18915.746966
78.612309,100,18938.094293
85.86191,100,18961.20405
83.916249,100,18983.660938
79.664505,100,19011.095654
80.387898,100,19033.97069
83.456384,100,19057.124379
80.952488,100,19080.08255
80.557674,100,19102.441906
85.932902,100,19125.295865
82.945808,100,19147.313814
78.676133,100,19170.006521
79.583565,100,19192.265529
86.272294,100,19215.207808
78.491455,100,19237.871302
82.384922,100,19260.880585
81.089928,100,19283.324015
81.694831,100,19306.727274
81.578486,100,19329.269349
80.983225,100,19352.102647
80.889081,100,19374.527251
85.61098,100,19397.194338
85.916736,100,19419.748318
84.076652,100,19442.375375
84.239809,98,19465.49961
32.558191,40,19474.82058
82.098449,100,19501.406503
65.697365,78,19519.2792
78.664642,100,19541.636873
85.675192,100,19564.500312
80.417053,100,19586.763404
84.024374,100,19609.689012
85.100963,100,19632.270119
78.913681,100,19655.07677
82.832495,100,19677.312387
83.90379,100,19700.151449
81.220158,100,19722.40189
83.781577,100,19745.114606
81.53985,100,19767.638896
85.698907,100,19790.020136
79.372232,100,19812.704229
81.784005,100,19835.246975
79.287723,100,19858.077702
85.5571,100,19880.589212
82.782991,100,19903.679804
86.324509,100,19926.221395
84.135163,100,19953.336358
82.102453,100,19975.783504
84.47451,100,19998.734435
79.610791,100,20021.289752
80.607247,100,20044.127873
83.203253,100,20066.767426
79.098732,100,20089.402184
82.687807,100,20112.067635
85.462105,100,20134.492018
85.899978,100,20157.274697
81.805941,100,20179.711334
81.715757,100,20202.595936
83.532582,100,20225.013816
86.179092,100,20248.23946
83.444399,100,20270.955409
84.171705,100,20294.323379
79.971207,100,20316.920234
83.410991,100,20340.11081
83.974371,100,20362.49121
80.998826,100,20385.93925
83.593522,100,20408.572738
35.801051,45,20423.251204
80.725372,100,20445.945074
83.833,100,20469.059146
81.082001,100,20491.53578
78.099595,100,20514.778357
86.185943,100,20537.183276
84.139328,100,20559.943747
79.924845,100,20582.824861
84.964692,100,20605.3819
86.161039,100,20628.165286
85.652807,100,20650.73857
86.15769,100,20673.53391
79.459727,100,20695.950488
81.320938,100,20718.98495
78.094958,100,20741.324851
86.416071,100,20764.334844
83.954837,100,20786.90785
86.523839,100,20809.67886
85.991868,100,20832.091028
83.871004,100,20854.768561
86.767104,100,20877.226538
81.709036,100,20903.779219
84.880146,100,20926.592236
80.949826,100,20948.775974
82.734068,100,20971.548375
80.080746,100,20993.764975
82.076039,100,21016.57865
82.385845,100,21038.917994
83.716552,100,21061.744298
81.777663,100,21084.287048
81.157607,100,21106.986853
84.364364,100,21129.19548
80.912683,100,21151.856818
83.612463,100,21174.386325
81.163451,100,21196.863574
83.8366,100,21219.802984
81.159727,100,21242.592573
86.760228,100,21265.571378
80.873593,100,21287.929637
76.724101,100,21310.837713
79.666328,100,21333.136683
82.135169,100,21359.993118
86.909076,100,21382.421115
80.854816,100,21405.215793
81.517245,100,21427.022927
86.380233,100,21448.807361
81.4394,100,21470.410406
78.974447,100,21491.939608
82.855011,100,21513.582822
41.985485,52,21524.91265
82.760145,100,21546.543163
86.475593,100,21568.260521
84.183903,100,21589.907761
79.458073,100,21611.546777
83.175533,100,21633.200117
81.30904,100,21654.882053
81.843213,100,21676.624643
78.850275,100,21698.349519
81.230585,100,21720.092458
84.817838,100,21741.853524
79.579564,100,21763.541146
85.943465,100,21785.28187
85.358335,100,21811.067916
81.28734,100,21832.66573
85.916297,100,21854.211771
84.408784,100,21875.881256
84.849963,100,21897.443523
78.608952,100,21919.155967
69.471537,86,21937.832736
82.128655,100,21959.448344
79.796507,100,21981.21024
82.498936,100,22002.988925
81.173589,100,22024.657628
86.699622,100,22046.23279
82.919512,100,22067.867987
83.731389,100,22089.481579
84.655402,100,22111.264774
86.532586,100,22132.806502
84.131261,100,22154.397005
84.642938,100,22176.067861
81.968685,100,22197.743088
63.074958,79,22214.805736
84.386203,100,22236.463147
85.688849,100,22262.28604
80.948933,100,22283.899634
81.31766,100,22305.914207
83.751931,100,22327.73008
86.47021,100,22349.411584
78.844903,100,22371.050878
83.325868,100,22392.764799
84.570837,100,22414.37554
86.136232,100,22435.996056
81.503608,100,22457.684452
84.330054,100,22479.382006
79.027961,100,22501.218985
83.065264,100,22522.996907
79.360599,100,22544.744212
79.245445,100,22566.404274
86.100604,100,22588.155192
85.755074,100,22609.810015
78.865971,100,22631.535001
84.406245,100,22653.257463
79.418006,100,22674.867469
83.8134,100,22696.612953
81.553568,100,22722.67404
81.415918,100,22744.378463
84.969206,100,22765.986132
79.248666,100,22787.555362
78.707497,100,22809.162395
83.546881,100,22830.904382
85.262719,100,22852.558726
80.358761,100,22874.22528
81.303777,100,22895.868483
86.194055,100,22917.584448
84.343015,100,22939.268975
79.893653,100,22960.984896
83.53216,100,22982.723697
84.799496,100,23004.643568
80.058726,100,23026.514379
83.298393,100,23048.283013
80.999571,100,23069.997704
78.63291,100,23091.6984
78.507313,100,23113.528736
81.710592,100,23135.215072
79.918044,100,23161.065573
81.420752,100,23182.73048
79.651657,100,23204.354372
81.232904,100,23226.080254
80.367184,100,23247.930187
80.955083,100,23269.801847
84.034593,100,23291.552347
84.809111,100,23313.197511
83.889413,100,23334.742561
81.693736,100,23356.37628
83.95685,100,23377.916388
83.366725,100,23399.490071
81.602509,100,23421.190752
79.36051,100,23442.850254
84.278568,100,23464.53919
78.768444,100,23486.179313
80.881631,100,23507.960952
83.366548,100,23529.757822
86.721841,100,23551.586283
81.106058,100,23573.158508
83.762018,100,23594.735449
79.007215,100,23621.153327
84.344836,100,23642.862403
80.771005,100,23664.534303
83.504631,100,23686.141264
79.072808,100,23707.720605
82.836842,100,23729.437622
85.651745,100,23751.148384
84.671226,100,23772.906855
84.937392,100,23794.609688
82.52076,100,23816.360782
83.930886,100,23837.999972
78.054415,100,23859.693252
81.186983,100,23881.365032
83.773241,100,23903.302229
79.542958,100,23925.163616
38.868148,46,23935.190553
79.642431,100,23957.033491
83.988521,100,23978.697246
79.115322,100,24000.300693
83.18798,100,24021.961589
86.132803,100,24043.575148
68.809139,83,24065.700856
87.980553,100,24087.357277
85.359346,100,24109.198327
79.738903,100,24130.923949
86.354325,100,24152.660568
84.667524,100,24174.313871
86.263234,100,24195.928878
83.742705,100,24217.616328
84.165791,100,24239.307275
79.457913,100,24261.012234
79.259338,100,24282.712866
85.922765,100,24304.504207
80.177043,100,24326.181104
86.069391,100,24347.896816
84.261288,100,24369.476608
83.923312,100,24391.139162
85.054729,100,24412.781365
81.15261,100,24434.451217
86.154747,100,24456.225501
83.884399,100,24477.889325
83.624755,100,24503.950915
83.707704,100,24525.558566
83.794818,100,24547.269662
84.3854,100,24569.025553
79.741107,100,24590.906073
80.226276,100,24612.61191
83.518128,100,24634.355719
83.06523,100,24655.97513
83.388451,100,24677.605861
80.996441,100,24699.247033
79.664193,100,24720.883511
78.899498,100,24742.435345
85.907338,100,24764.018509
80.689815,100,24785.654468
82.62285,100,24807.349106
81.194443,100,24829.033098
86.955926,100,24850.672971
84.370361,100,24872.275331
79.42749,100,24893.943832
82.591058,100,24915.59559
79.832705,100,24937.383558
81.372815,100,24963.553347
79.05324,100,24985.473303
85.264166,100,25007.158272
85.099714,100,25029.268209
79.784043,100,25050.937474
82.32379,100,25072.53626
83.170703,100,25094.227192
80.983163,100,25115.970052
81.178565,100,25137.607987
85.490079,100,25159.22196
84.211481,100,25181.029991
86.072989,100,25202.661246
81.376924,100,25224.314035
78.937549,100,25246.11526
79.758681,100,25267.808204
81.866766,100,25289.483813
83.954761,100,25311.171468
83.654886,100,25332.895811
78.730591,100,25354.556225
82.017544,100,25376.103834
79.571355,100,25402.451153
84.880395,100,25424.295935
79.324825,100,25445.955797
84.828197,100,25467.566542
84.881336,100,25489.273483
68.816474,79,25506.388998
81.487967,100,25528.10813
82.052445,100,25549.783107
82.170426,100,25571.548596
86.966278,100,25593.370955
86.362106,100,25615.134063
86.50397,100,25636.963236
81.924372,100,25658.867297
79.162835,100,25680.545906
79.471087,100,25702.396118
86.111841,100,25724.220063
79.195053,100,25745.910565
82.117712,100,25767.641927
84.840668,100,25789.279112
82.365116,100,25811.046325
85.819733,100,25832.8821
85.882191,100,25859.15967
84.452575,100,25880.993726
81.707626,100,25902.682317
85.766991,100,25924.304293
87.209301,100,25946.035667
83.228209,100,25967.695971
86.006081,100,25989.38777
79.518479,100,26010.922096
85.792859,100,26032.533077
80.258547,100,26054.240834
81.611672,100,26075.888453
34.411859,40,26084.570831
79.919779,100,26106.203974
79.772725,100,26127.948354
80.143165,100,26149.630852
78.259509,100,26171.386067
82.019783,100,26193.107203
81.882384,100,26214.895333
80.478099,100,26236.864185
87.32119,100,26258.717769
86.314903,100,26280.55411
36.85254,46,26294.710424
79.390009,100,26316.443005
83.747291,100,26338.127398
81.492891,100,26359.865073
81.391719,100,26381.598573
83.55297,100,26403.394725
81.12928,100,26425.177978
83.02042,100,26447.038959
83.928172,100,26468.796495
83.557107,100,26490.444392
87.088003,100,26512.197297
83.536095,100,26533.826942
82.411284,100,26555.466673
81.459432,100,26577.108399
79.146955,100,26598.834817
81.499082,100,26620.612508
83.724389,100,26642.321106
83.342411,100,26663.963341
82.414544,100,26685.719785
83.129311,100,26707.456821
78.87966,100,26729.199025
84.16399,100,26755.398844
78.990621,100,26777.199987
79.495418,100,26799.02522
81.51256,100,26820.749693
86.76682,100,26842.590387
87.197491,100,26864.312452
79.819583,100,26886.209637
79.516935,100,26908.104099
84.531681,100,26929.886662
81.979035,100,26951.645004
86.03873,100,26973.546635
80.742096,100,26995.494105
83.752248,100,27017.259916
84.698425,100,27038.988876
84.023701,100,27060.78998
83.717656,100,27082.452736
65.196841,81,27100.096513
84.334879,100,27121.775686
80.0709,100,27143.492704
84.079325,100,27165.279284
78.243003,100,27187.16
81.723788,100,27213.329789
79.119554,100,27235.262187
79.522099,100,27257.010604
81.878465,100,27278.774719
79.314094,100,27300.36937
78.892451,100,27322.106653
81.219278,100,27343.918586
78.591616,100,27365.716629
81.425556,100,27387.361061
86.916902,100,27408.970645
84.637647,100,27430.850942
79.115807,100,27452.533478
81.602521,100,27474.308394
85.778826,100,27496.114742
81.95677,100,27517.932934
86.623917,100,27539.764608
80.633186,100,27561.425855
79.924236,100,27583.211201
83.525597,100,27604.969447
86.452652,100,27626.572292
80.17461,100,27652.859138
83.0784,100,27674.613943
86.97616,100,27696.415811
87.653166,100,27718.128587
79.487271,100,27739.792396
86.876403,100,27761.57909
34.325798,42,27770.738168
87.447738,100,27792.604012
85.650356,100,27814.382262
83.842881,100,27836.301557
81.589991,100,27858.018817
80.383736,100,27879.679339
82.018108,100,27901.453453
86.043528,100,27923.162191
80.83899,100,27944.815943
86.713824,100,27966.538454
80.016181,100,27988.444786
76.381811,87,28007.647252
86.910898,100,28029.272389
79.586292,100,28051.124047
83.968848,100,28072.839335
86.616071,100,28098.695477
86.089218,100,28120.433576
86.44099,100,28142.245995
85.049429,100,28164.090443
80.985642,100,28185.854837
81.974601,100,28207.784726
85.729269,100,28229.574878
79.687068,100,28251.356105
86.875766,100,28273.132551
81.429678,100,28295.134839
83.682406,100,28317.038437
79.38095,100,28338.681108
79.127444,100,28360.443003
87.765063,100,28382.329912
79.879721,100,28404.104971
82.484156,100,28425.835354
81.787538,100,28447.517012
84.265168,100,28469.192214
65.978629,76,28485.716869
84.128768,100,28507.38022
81.388825,100,28529.153007
82.383614,100,28555.012255
82.195601,100,28577.6749
87.178052,100,28599.818448
83.303044,100,28621.538608
84.354868,100,28643.233977
83.188487,100,28665.091295
85.191423,100,28686.955143
84.019493,100,28708.756909
85.251442,100,28730.587618
85.047421,100,28752.503846
83.634865,100,28774.22516
81.620267,100,28796.010506
80.478327,100,28817.937275
83.635059,100,28839.963149
86.046448,100,28861.713448
85.208593,100,28883.452821
87.241244,100,28905.165573
81.909789,100,28926.894236
81.813993,100,28948.599221
84.165557,100,28970.345428
81.126389,100,28996.464057
84.205001,100,29018.246665
81.639278,100,29040.12446
88.407698,100,29061.87551
81.975326,100,29083.589351
84.759549,100,29105.388625
84.985224,100,29127.096879
81.270782,100,29148.731909
86.777118,100,29170.503285
81.198735,100,29192.320709
81.353024,100,29214.029013
84.380038,100,29235.798654
81.739004,100,29257.544209
70.527777,81,29275.146402
86.086061,100,29296.933152
84.448422,100,29318.907274
84.787523,100,29340.549045
84.19396,100,29362.280664
86.495581,100,29384.09172
81.785839,100,29405.700673
83.558558,100,29427.503706
83.481027,100,29453.521996
85.829725,100,29475.729904
82.159865,100,29497.603826
86.367775,100,29519.315093
80.396223,100,29541.052202
80.517153,100,29562.712068
83.674169,100,29584.46984
82.000991,100,29606.294776
86.688887,100,29628.009114
82.845293,100,29649.88061
81.355836,100,29671.676261
79.378892,100,29693.370589
86.754464,100,29715.098306
79.131648,100,29736.755522
84.445141,100,29758.575947
85.896066,100,29780.344629
84.419123,100,29801.997267
80.173871,100,29823.722175
82.823235,100,29845.441715
81.584605,100,29867.128043
81.842302,100,29888.782072
81.764187,100,29914.799768
79.667539,100,29936.633011
84.306727,100,29958.434994
83.753384,100,29980.210085
83.436191,100,30002.026064
81.101597,100,30023.691609
87.683491,100,30045.432712
87.483754,100,30067.238795
86.998888,100,30089.100008
86.545053,100,30110.846149
81.502117,100,30132.57357
79.002635,100,30154.490778
80.010614,100,30176.262545
86.51078,100,30198.073214
86.937333,100,30219.91459
84.496139,100,30241.778835
84.404142,100,30263.62924
82.579199,100,30285.428012
85.333735,100,30307.287366
80.252822,100,30329.079669
