#{"t_start": 1774006873.9986897, "env_id": "continuous-exit-v0"}
r,l,t
0.352307,2,8.137312
1.02043,3,8.294024
3.283109,9,8.762777
2.598716,8,9.180118
0.529837,2,9.298333
0.538,2,9.413851
1.266733,4,9.645468
0.532137,2,9.76038
0.507755,2,9.858214
0.950739,3,10.013487
0.715285,3,10.18787
0.509053,2,10.304796
0.530187,2,10.430434
0.466536,2,10.548056
0.906308,3,10.72082
1.620497,5,10.992177
0.527462,2,11.088668
0.360505,2,11.202725
0.511261,2,11.319084
1.248853,4,11.554569
0.531741,2,11.652695
0.935254,3,11.807219
-2.325044,7,12.195135
0.950153,3,12.368351
0.862037,3,12.522591
0.350491,2,12.63944
-1.471751,10,13.186281
-3.403698,4,13.415792
1.600666,5,13.686677
2.167955,6,13.981991
0.497509,2,14.097614
-1.480281,10,14.667219
-2.916838,6,14.999791
3.007718,8,15.427317
0.517433,2,15.541566
0.51507,2,15.658207
0.555428,2,15.77669
1.751892,6,16.104672
0.541666,2,16.219498
0.528264,2,16.318254
0.928095,3,16.475266
-2.655143,7,16.849949
0.51928,2,16.965247
0.963069,3,17.139302
0.923262,3,17.294474
0.541923,2,17.411627
1.538759,5,17.665708
0.321354,2,17.76304
0.530821,2,17.877486
0.368198,2,17.991926
0.911259,3,18.165369
0.340274,2,18.262092
0.503321,2,18.35935
0.535493,2,18.476511
-2.348918,7,18.848588
-3.058424,5,19.10518
2.346843,7,19.478711
0.537831,2,19.575924
0.560693,2,19.67507
-2.66624,6,20.057188
3.253209,9,20.498523
0.518031,2,20.596491
0.839778,3,20.772204
0.363706,2,20.88674
1.642899,5,21.139555
0.922452,3,21.29656
2.980459,8,21.693497
0.528479,2,21.808281
0.49315,2,21.926075
0.530241,2,22.0411
2.284448,6,22.359754
0.534074,2,22.475846
0.92965,3,22.63241
1.119097,4,22.866236
0.532166,2,22.982492
0.361269,2,23.133258
3.939111,11,23.736371
0.56379,2,23.850162
0.549014,2,23.947713
1.614367,5,24.188888
1.221595,4,24.40077
0.355149,2,24.514346
1.759662,6,24.791588
0.512375,2,24.907159
0.915465,3,25.065306
2.109473,6,25.37473
3.124217,9,25.865619
0.539064,2,25.979508
1.353075,4,26.173533
0.547084,2,26.288002
0.3587,2,26.405421
1.811523,5,26.676908
0.524364,2,26.791761
-2.463942,6,27.122292
1.690171,5,27.394831
0.557272,2,27.508602
0.530843,2,27.606679
-1.665656,8,28.005399
0.525034,2,28.119241
0.522572,2,28.237698
1.700702,6,28.574174
-3.59148,4,28.768994
0.341456,2,28.884114
0.530727,2,28.99956
0.350782,2,29.096416
4.609693,12,29.705889
-0.724073,11,30.272644
1.303428,4,30.487514
0.544853,2,30.601936
0.512378,2,30.717158
0.522171,2,30.83204
0.348159,2,30.931289
0.513781,2,31.050728
0.517228,2,31.168138
2.124398,6,31.499221
2.477734,7,31.886829
2.254417,7,32.274526
0.558768,2,32.389255
0.578875,2,32.50429
0.549257,2,32.618886
0.533126,2,32.733421
4.221445,11,33.316277
1.582485,5,33.585212
0.944122,3,33.740342
0.544181,2,33.838662
0.927657,3,33.993754
1.832911,5,34.248121
0.978412,15,35.034208
0.541281,2,35.13373
-3.357913,4,35.367859
-3.537117,4,35.584953
1.363656,4,35.795525
-3.746418,4,36.010092
0.551924,2,36.106806
3.213683,9,36.615674
-3.406939,5,36.904631
0.509721,2,37.001016
1.300342,4,37.215368
-3.077827,5,37.469634
1.177266,4,37.683693
0.466812,2,37.79844
-2.98505,5,38.072592
0.495597,2,38.187875
0.557593,2,38.284148
0.533175,2,38.382683
1.710946,5,38.65745
-2.333072,7,39.000834
0.521285,2,39.115895
0.947582,3,39.271225
0.922411,3,39.408452
0.573634,2,39.507957
1.100816,5,39.782544
0.552455,2,39.898587
0.534069,2,39.996047
-0.788616,11,40.582904
-3.469981,5,40.854122
-2.1955,7,41.227594
0.530656,2,41.324308
-3.061553,5,41.580206
3.509239,9,42.050707
1.782253,5,42.30395
1.497902,5,42.555367
0.462986,2,42.671593
0.708585,3,42.826932
-3.308158,5,43.084544
0.32328,2,43.180934
-3.182661,5,43.435034
0.539261,2,43.551052
0.860646,3,43.72198
1.24654,4,43.933958
0.518869,2,44.049236
-2.971046,5,44.322962
1.633337,5,44.580915
0.912746,3,44.735811
0.507218,2,44.851636
0.539267,2,44.967586
0.51392,2,45.082191
0.55712,2,45.197006
1.415747,5,45.449292
0.867391,3,45.607233
0.531866,2,45.723285
0.472925,2,45.838383
0.352174,2,45.955131
0.502999,2,46.069866
0.916693,3,46.226941
1.297185,4,46.42217
0.575328,2,46.537679
1.26131,4,46.771006
1.301421,4,46.985656
0.548887,2,47.104403
0.526364,2,47.220783
1.337447,4,47.419113
0.671579,3,47.585152
0.902814,3,47.759769
1.94734,6,48.144396
0.348685,2,48.279391
0.891271,3,48.487514
2.910588,9,49.095083
-1.54197,8,49.614594
0.877586,3,49.823159
0.515975,2,49.977947
0.34262,2,50.13398
1.995985,6,50.552073
0.457629,2,50.703948
0.542241,2,50.860061
2.016994,6,51.26128
0.522403,2,51.395644
2.883673,8,51.929507
0.550857,2,52.16908
0.31217,2,52.374537
0.518884,2,52.506597
0.548919,2,52.734133
-2.7583,6,53.244056
0.554567,2,53.398124
0.48617,2,53.554837
0.523195,2,53.71097
1.875009,6,54.134468
0.521536,2,54.306897
1.620624,5,54.671129
0.530665,2,54.833961
0.472555,2,54.995435
-3.614185,4,55.264525
1.355926,4,55.585678
0.52176,2,55.743898
0.888783,3,55.977946
0.512028,2,56.114946
1.148966,4,56.409906
0.561534,2,56.533899
1.793029,5,56.892527
0.526913,2,57.069485
0.329107,2,57.256576
0.91135,3,57.463972
0.899306,3,57.676105
0.567535,2,57.840802
-2.946679,5,58.238233
1.79557,6,58.639867
0.489068,2,58.769686
0.55603,2,58.902944
2.26316,8,59.506213
1.386588,4,59.777906
0.922997,3,60.008667
3.079317,8,64.196084
0.50427,2,66.179589
0.455921,2,66.915587
0.570039,2,67.074787
0.511097,2,67.233837
0.89373,3,67.464678
1.537206,5,67.833705
0.51689,2,67.963881
0.509789,2,68.118401
0.545648,2,68.265091
0.883028,3,68.520704
4.093899,11,69.307011
2.195067,6,69.755974
0.375381,2,69.911284
0.861469,3,70.176872
0.576331,2,70.32531
0.927831,3,70.529339
0.752516,3,70.748514
1.36715,4,71.051626
0.547252,2,71.18229
0.926203,3,71.392542
-1.929269,8,71.92025
1.580312,5,72.290995
1.862751,6,72.733678
0.541285,2,72.893745
0.454695,2,73.025844
0.540206,2,73.186566
0.509883,2,73.33195
0.890544,3,73.564485
0.520521,2,73.733112
0.534756,2,73.891855
0.537824,2,74.051831
0.536455,2,74.247146
3.768843,10,74.926049
0.526982,2,75.159387
0.543744,2,75.306743
0.560251,2,75.445568
3.729529,9,76.197917
1.122426,4,76.405658
0.936228,3,76.640821
2.491786,7,77.113887
1.219972,4,77.405388
0.440229,2,77.562752
1.648444,5,77.985879
0.343881,2,78.143409
0.518822,2,78.270259
0.536474,2,78.397815
0.905873,3,78.737439
0.347304,2,78.904274
0.568468,2,79.073977
2.064235,6,79.464683
3.096799,8,80.04402
-2.81918,6,80.487334
1.500127,5,80.83282
2.678975,7,81.377125
0.57902,2,81.506603
0.510407,2,81.642007
0.544972,2,81.765624
0.912359,3,81.956073
1.246876,4,82.328417
0.571136,2,82.488621
0.513148,2,82.677553
1.530975,5,83.124547
0.536625,2,83.307997
1.264883,4,83.584369
-3.476732,5,83.966212
0.513564,2,84.106149
0.557846,2,84.280743
0.549621,2,84.448113
1.316933,4,84.725065
0.890466,3,84.927529
1.28311,4,85.272219
0.52576,2,85.409936
0.438676,2,85.541206
0.352459,2,85.730451
-3.316545,5,86.063966
1.705556,5,86.485033
2.154891,6,86.92588
-3.11517,6,87.371618
0.559036,2,87.500956
0.521421,2,87.67549
0.548787,2,87.849465
0.568297,2,87.990799
0.453284,2,88.127075
0.534001,2,88.284225
1.107701,4,88.605699
-1.787668,8,89.141358
1.109113,4,89.506049
0.537358,2,89.638548
0.471438,2,89.805369
0.881635,3,90.019258
0.469542,2,90.174706
2.064385,6,90.607595
0.559702,2,90.764182
3.282797,8,91.383815
1.280151,4,91.702942
0.518558,2,91.886499
1.226924,4,92.219665
0.539688,2,92.365137
0.907326,3,92.589281
0.534055,2,92.746917
0.50881,2,92.910664
0.545075,2,93.074989
0.359857,2,93.239811
1.344437,5,93.609766
-2.963933,6,94.022737
3.683319,9,94.638608
-2.71792,6,95.901035
0.533815,2,96.949594
0.529063,2,97.070408
2.187174,7,99.89134
-0.713694,11,101.498788
1.174833,4,101.811862
2.913916,8,102.379821
-2.515047,7,102.877166
-3.579228,4,103.115133
0.931401,3,103.326899
0.339741,2,103.473155
0.905887,3,103.686625
0.323812,2,103.818806
0.522837,2,103.975549
0.699879,3,104.221885
0.954425,3,104.490475
2.241867,6,104.907871
0.518754,2,105.049788
0.343805,2,105.200888
0.559596,2,105.32636
0.555472,2,105.507171
0.530365,2,105.649003
1.642863,5,106.02201
-2.94339,6,106.422525
0.529927,2,106.602897
0.494576,2,106.841809
-2.409368,8,107.375994
1.668225,5,107.751221
0.903798,3,107.98773
0.533342,2,108.148475
1.336841,4,108.451667
3.379213,8,109.015841
0.56051,2,109.148736
0.861449,3,109.360146
0.688656,3,109.595315
1.089053,4,109.856151
0.562485,2,109.995267
-3.549343,4,110.260803
0.520483,2,110.39201
0.981192,3,110.575678
0.523841,2,110.731562
0.789741,3,110.942681
0.945648,3,111.125998
1.647127,5,111.502956
0.9131,3,111.739564
0.482289,2,111.899442
4.918733,12,112.767517
0.540752,2,112.924032
2.098032,6,113.338536
0.540075,2,113.485042
0.550098,2,113.615161
0.517845,2,113.767577
1.742404,5,114.10542
0.506562,2,114.259217
0.522361,2,114.412242
0.882976,3,114.620947
1.773985,5,114.9805
0.910583,3,115.197422
0.46543,2,115.349804
0.346976,2,115.501254
0.734563,3,115.731805
1.773888,6,116.184964
-2.978662,6,116.580161
0.346676,2,116.73536
0.52598,2,116.89086
0.526438,2,117.042835
0.923776,3,117.272563
-1.382978,9,117.850776
3.041912,8,118.411649
0.558523,2,118.541907
1.667039,5,118.930901
-1.272479,10,122.056731
0.716864,3,124.18809
0.535798,2,125.162875
2.587935,7,126.25944
0.536142,2,126.388097
0.552072,2,126.516649
-3.60084,4,126.805584
0.538948,2,126.963734
1.626396,5,127.299767
0.674963,3,127.508511
-3.326179,5,127.851208
1.619672,5,128.194287
0.877372,3,128.403944
2.08242,6,128.821074
2.276457,6,129.254136
-1.855585,8,129.826048
1.432698,4,130.109377
-2.667761,7,130.577392
0.542071,2,130.729267
0.54164,2,130.882632
0.550055,2,131.036503
1.646608,5,131.417172
2.116295,6,131.82731
0.537439,2,131.978017
0.524946,2,132.130105
0.974763,3,132.357323
0.903596,3,132.565803
2.935854,8,133.105479
0.494425,2,133.235106
0.522242,2,133.390625
0.539213,2,133.543932
-2.981754,6,133.958557
1.519922,5,134.25017
1.267434,4,134.538059
0.547505,2,134.670768
-3.528848,4,134.978175
-3.548202,4,135.186218
1.572063,5,135.468742
3.169472,9,136.09874
0.518696,2,136.219388
0.928177,3,136.416428
1.871271,6,136.847744
0.53322,2,136.965239
2.937782,8,139.435485
0.533357,2,141.451702
0.515868,2,143.182591
1.667253,5,143.511826
0.326442,2,143.776985
0.875391,3,144.005879
0.547916,2,144.133443
0.566232,2,144.267939
0.525486,2,144.399742
0.518199,2,144.530261
3.385925,9,145.161922
1.271974,4,145.444027
1.208719,4,145.729202
0.875937,3,145.939994
1.722849,5,146.384578
0.934702,3,146.588846
2.126403,7,147.078272
0.468432,2,147.230398
0.543553,2,147.38579
1.322763,4,147.834894
2.069715,6,148.198794
0.334195,2,148.350425
-2.655305,6,148.791203
0.748872,3,149.024389
0.551419,2,149.153363
-2.354421,7,149.649379
4.623284,11,150.387546
2.656839,7,150.897259
0.509073,2,151.019966
0.55941,2,151.172286
0.905713,3,151.483857
0.55312,2,151.615963
0.500875,2,151.766493
0.92813,3,151.980618
1.378002,5,152.222564
0.551993,2,152.372307
0.908567,3,152.580095
-2.174667,7,154.831456
0.510225,2,155.825491
0.948497,3,156.041218
0.887538,3,158.851948
1.519098,5,159.286191
0.567401,2,159.400114
0.583923,2,159.522663
0.530286,2,159.670229
0.501732,2,159.823895
0.478523,2,159.994297
0.906746,3,160.175955
1.857925,6,160.5886
0.32727,2,160.741026
0.547507,2,160.89327
0.561883,2,161.022535
0.537682,2,161.153243
0.557327,2,161.280777
-3.561405,4,161.561937
0.498471,2,161.712958
0.963628,3,161.967944
0.351909,2,162.119427
-3.523416,4,162.424631
1.284047,4,162.728121
0.515392,2,162.880818
0.549579,2,163.033213
1.647597,5,163.372429
0.321887,2,163.525073
0.335776,2,163.674657
0.536574,2,163.789717
0.518865,2,163.925004
1.329492,4,164.207601
1.36937,5,164.521641
1.250353,4,164.766697
0.840582,3,164.967545
0.546177,2,165.094613
1.559501,5,165.447443
1.712098,5,165.794837
0.920043,3,165.99214
0.513234,2,166.116836
2.043041,6,166.524066
0.559422,2,166.631002
0.554346,2,166.749108
0.546066,2,166.874027
2.806554,8,167.298446
-3.149055,5,167.591485
0.562752,2,167.69151
0.527904,2,167.792192
1.112353,5,168.485278
-3.303378,5,168.796739
0.528054,2,168.949505
0.558481,2,169.088434
1.583996,6,169.457591
2.528598,7,169.831632
0.489266,2,169.953767
0.951094,3,178.791258
0.543792,2,178.890646
0.91604,3,179.068042
0.52521,2,179.166071
-3.521637,4,179.364068
0.89053,3,179.520608
0.548754,2,179.636802
2.889413,7,180.033942
1.571861,5,180.290829
0.526841,2,180.407278
0.903779,3,180.564462
-2.655781,6,180.86552
0.358402,2,180.984288
0.55235,2,181.102043
1.3151,4,181.301899
-3.447602,5,181.584751
0.557475,2,181.682326
1.9608,6,181.999428
0.900617,3,182.155546
0.573853,2,182.272999
0.338584,2,182.370138
0.523553,2,182.488558
1.432884,5,182.709119
1.644768,5,182.985805
2.764298,7,183.358005
-2.917716,6,183.693192
-3.709358,4,183.911051
2.478641,7,184.268352
0.555638,2,184.385248
0.528736,2,184.501003
0.550067,2,184.59987
0.523025,2,184.700381
0.528857,2,184.822519
0.54444,2,184.940211
0.492702,2,185.041538
0.927714,3,185.221429
0.352656,2,185.338169
1.093897,4,185.552293
2.008405,6,185.887519
0.472092,2,185.986688
0.522545,2,186.08564
0.938678,3,186.260655
1.321597,4,186.46085
0.588323,2,186.566267
0.810301,3,186.705228
2.444234,7,187.068499
0.795399,3,187.206818
0.536756,2,187.324772
0.358361,2,187.441818
1.243237,5,187.696908
0.536703,2,187.796407
0.914992,3,187.975697
2.461713,7,188.392134
2.773398,8,188.807062
2.101247,7,189.250634
0.561275,2,189.386883
2.114007,6,189.683919
1.901918,6,189.996014
1.993282,6,190.313688
0.549446,2,190.41302
0.314002,2,190.510538
0.499609,2,190.610934
-2.716675,7,190.990584
0.323508,2,191.090669
0.523173,2,191.210599
2.689406,8,191.619537
0.567749,2,191.735631
1.558158,5,192.02367
3.175339,8,192.456535
2.653705,7,192.795171
0.482487,2,192.911665
1.26167,5,193.152048
0.543775,2,193.268201
2.781733,7,193.62506
0.522028,2,193.741392
1.788431,6,194.039558
0.923156,3,194.215347
0.511748,2,194.317282
0.987972,3,194.479668
0.532509,2,194.59678
0.532239,2,194.714185
5.096528,13,195.377133
0.537156,2,195.493214
1.31155,4,195.709719
-3.784232,4,195.926809
2.216889,6,196.248978
1.385467,4,196.464109
0.331072,2,196.588202
0.526535,2,196.704526
1.743325,5,196.961466
0.54924,2,197.078833
0.532413,2,197.194354
0.968743,3,197.370419
0.561134,2,197.489317
2.212289,6,197.806903
0.534582,2,197.925305
1.62879,5,198.183937
0.537014,2,198.282113
0.97192,3,198.440347
0.351953,2,198.556428
0.982708,3,198.716378
1.495695,5,198.978023
0.487413,2,199.094737
0.324267,2,199.211701
1.209033,4,199.44872
0.497927,2,199.563634
0.521651,2,199.680335
1.100709,4,199.880116
0.555343,2,199.996775
0.553335,2,200.113659
1.488742,5,200.372381
1.394441,5,200.62903
0.518675,2,200.728098
-3.527062,4,200.963722
1.224301,4,201.161193
2.058756,7,201.540941
0.533183,2,201.658936
0.557575,2,201.777607
-3.605573,4,201.99341
0.562505,2,202.110059
0.879562,3,202.28922
-3.467033,5,202.582288
1.617064,5,202.822755
0.48043,2,202.920725
-3.56638,4,203.139483
2.497871,7,203.478743
0.51976,2,203.578789
0.926875,3,203.736844
0.543868,2,203.854712
1.386849,5,204.112359
1.292746,4,204.333362
0.878093,3,204.512999
-3.505258,4,204.710568
2.657732,7,205.08771
0.55706,2,205.185433
0.523352,2,205.305691
-3.572415,4,205.503391
1.404917,5,205.760888
0.572486,2,205.859515
0.570677,2,205.959239
0.917283,3,206.096364
2.411762,6,206.433413
0.88641,3,206.614367
2.17079,6,206.921055
1.276101,4,207.138823
0.543095,2,207.258098
2.783316,8,207.676733
0.543029,2,207.775451
-3.43289,4,207.997457
0.916312,3,208.178085
0.955267,3,208.353234
2.129076,6,208.688758
0.94112,3,208.864498
1.619418,5,209.145052
1.173136,4,209.343191
-3.072423,5,209.623163
0.345228,2,209.721251
0.508396,2,209.839555
2.29528,7,210.180432
0.506515,2,210.278908
0.33707,2,210.378146
-3.248445,5,210.652737
0.560513,2,210.749633
0.3501,2,210.868797
3.18064,10,211.404944
0.548815,2,211.524088
0.520663,2,211.644465
1.427553,5,211.921861
0.346389,2,212.039616
1.921699,6,212.336223
1.470287,5,212.610599
0.340162,2,212.72851
0.828162,3,212.868211
0.907617,3,213.028336
-3.115947,5,213.306496
0.54808,2,213.405251
0.52429,2,213.504476
0.52827,2,213.604258
0.566651,2,213.702934
0.912241,3,213.86039
0.511912,2,213.976024
0.327964,2,214.096072
0.521128,2,214.213869
0.507252,2,214.331107
0.528923,2,214.451521
-2.620193,6,214.774414
2.204843,6,215.094707
2.458326,7,215.461496
0.524908,2,215.578209
0.538012,2,215.694334
0.530376,2,215.793302
1.569103,5,216.051347
-2.276393,7,216.412503
0.555363,2,216.533168
0.945597,3,216.715703
2.049395,6,217.029902
1.304038,4,217.247316
0.531634,2,217.365174
0.911263,3,217.525643
0.534016,2,217.626887
0.542267,2,217.728062
3.506383,9,218.263942
2.127439,7,218.63808
2.640331,8,219.042512
0.523577,2,219.16346
0.549668,2,219.262535
-2.123423,7,219.624904
0.525414,2,219.740803
0.707051,3,219.917492
0.510391,2,220.017898
0.831771,3,220.155534
1.378995,4,220.357338
0.872315,3,220.533117
0.552604,2,220.631382
0.559898,2,220.730861
-3.384597,4,220.912701
0.533602,2,221.012587
0.534207,2,221.111602
0.562579,2,221.227706
0.52153,2,221.347412
2.767762,7,221.70973
2.623484,7,222.065328
1.204616,4,222.281215
0.519228,2,222.397534
-2.694524,6,222.716229
0.343807,2,222.815194
0.56639,2,222.933559
1.281243,4,223.15123
-2.425218,7,223.526899
0.542425,2,223.627271
-2.995721,5,223.906841
0.505645,2,224.02331
-3.585359,4,224.238037
0.333212,2,224.336621
0.345245,2,224.440922
-3.076675,6,224.777887
2.108393,6,225.076946
0.551284,2,225.175385
0.565386,2,225.294331
-3.134587,5,225.568881
2.60831,7,225.906028
0.511771,2,226.024672
0.478722,2,226.125112
2.476629,7,226.4879
1.764864,5,226.751472
0.565115,2,226.849682
0.851389,3,226.988089
1.501666,5,227.229667
0.517811,2,227.345871
0.515771,2,227.461754
0.733625,3,227.61906
0.45856,2,227.717561
1.854946,5,227.95767
-3.596185,4,228.159212
0.520615,2,228.277909
0.885336,3,228.452244
0.866613,3,228.59215
0.559967,2,228.709834
1.788798,5,228.983855
-3.403053,5,229.225745
0.511348,2,229.343648
0.557188,2,229.462389
-0.897666,13,230.129692
0.535093,2,230.22751
2.173414,6,230.569165
0.461415,2,230.68542
1.575302,5,230.924263
0.834994,3,231.081317
-3.086623,5,231.301556
0.515875,2,231.403455
0.539565,2,231.504412
2.053641,6,231.824476
1.147225,4,232.038966
0.45701,2,232.155218
1.656046,5,232.413702
0.535978,2,232.513188
0.511055,2,232.63082
-3.496815,4,232.832217
2.84762,7,233.205724
0.538879,2,233.322852
2.564816,7,233.681201
0.533409,2,233.79799
1.95029,6,234.131444
1.178693,4,234.329683
-3.495761,4,234.548165
1.366013,4,234.763211
0.558388,2,234.881514
0.533293,2,235.005188
0.48802,2,235.102672
1.154166,5,235.37609
0.870871,3,235.552884
-2.76686,6,235.88889
1.434135,5,236.163951
0.497477,2,236.281443
-1.895168,7,236.628722
0.558661,2,236.74489
2.551515,8,237.163574
0.538155,2,237.279714
1.448687,5,237.577724
2.666459,7,237.943411
0.50819,2,238.058782
0.517789,2,238.175207
0.337636,2,238.291943
1.556586,5,238.550098
1.235202,4,238.784319
-3.205559,5,239.063303
2.384002,7,239.401095
1.717617,5,239.682567
0.525461,2,239.800454
0.515851,2,239.919052
1.654278,5,240.180438
0.528954,2,240.297894
1.069177,4,240.49559
0.979029,3,240.657014
2.642239,8,241.055774
0.523286,2,241.172897
0.505557,2,241.270634
0.526023,2,241.371431
1.349326,4,241.597483
0.537232,2,241.713488
1.784083,6,242.027177
2.615506,8,242.483794
2.239013,6,242.804535
0.523657,2,242.903556
1.493369,5,243.161467
0.525024,2,243.277983
0.928798,3,243.454381
1.483677,5,243.693011
1.513711,5,243.97119
0.572562,2,244.088038
0.508507,2,244.205159
1.540005,5,244.46663
1.235903,4,244.68256
1.655063,5,244.940807
0.512501,2,245.055836
0.557881,2,245.174296
0.888442,3,245.336626
0.35138,2,245.454723
1.63417,5,245.710317
0.564251,2,245.811358
2.437901,7,246.192717
0.536913,2,246.309925
1.559026,5,246.593501
0.488402,2,246.693234
0.350045,2,246.813412
0.445215,2,246.930228
0.577214,2,247.047289
0.578253,2,247.147911
0.965778,3,247.327595
0.539158,2,247.445301
0.919315,3,247.604238
1.541783,5,247.844634
0.535471,2,247.94453
0.864902,3,248.102057
2.770407,7,248.477835
-3.086721,6,248.782112
3.812221,10,249.2838
0.890334,3,249.444479
2.052545,6,249.765664
0.482951,2,249.864521
1.325583,4,250.101335
1.292191,5,250.36026
2.750299,7,250.719386
2.883486,8,251.13826
1.28579,4,251.358012
2.378523,7,251.756905
2.364487,7,252.133793
1.691963,5,252.391586
-3.608028,4,252.589085
0.555201,2,252.688837
-3.178513,5,252.945347
1.363965,4,253.144936
0.55967,2,253.262167
0.514242,2,253.378392
2.196097,6,253.695095
0.315307,2,253.811927
0.32613,2,253.911391
1.947131,6,254.228233
1.408867,5,254.505951
0.562002,2,254.62177
-3.16168,5,254.880754
0.33173,2,254.997901
0.324094,2,255.115393
0.570023,2,255.215739
-2.072248,7,255.581746
0.917553,3,255.758924
3.222427,9,256.201144
0.340318,2,256.321411
1.680989,5,256.586765
1.44778,5,256.844747
0.557008,2,256.944348
4.28621,11,257.526642
1.662279,5,257.801435
1.364808,4,258.032929
0.497119,2,258.15096
-3.27317,5,258.424386
1.832432,5,258.661984
0.888713,3,258.817421
0.54323,2,258.933419
1.104152,4,259.150787
0.554941,2,259.268819
0.56687,2,259.387866
0.486389,2,259.507277
1.658799,5,259.767762
2.665201,7,260.127279
0.519004,2,260.243995
0.569591,2,260.363059
0.554206,2,260.481404
1.907439,6,260.778644
0.315668,2,260.897318
0.557146,2,260.996535
0.461881,2,261.09481
2.170241,6,261.399243
0.530723,2,261.517613
0.516169,2,261.621707
2.085211,6,261.957242
0.492927,2,262.07383
-2.986851,5,262.330974
0.555943,2,262.429245
0.529936,2,262.549219
0.572044,2,262.668606
0.482711,2,262.76729
-3.325715,5,263.004174
1.487225,5,263.248453
0.51447,2,263.364663
2.103354,6,263.666473
1.251836,4,263.902426
0.565912,2,264.019595
1.775384,5,264.294023
1.327287,5,264.554921
0.521011,2,264.652374
0.52926,2,264.77045
0.92684,3,264.929773
-3.605009,4,265.148831
0.533775,2,265.269561
1.641249,5,265.548377
0.493989,2,265.663253
0.573527,2,265.76097
0.549408,2,265.877491
0.551383,2,265.996941
2.576473,7,266.360499
0.536754,2,266.477605
-2.963507,5,266.77678
-2.306809,8,267.158205
0.338091,2,267.278356
1.228975,4,267.49476
0.523382,2,267.610052
1.554362,5,267.852802
1.55625,5,268.1355
-3.596347,4,268.352688
2.491745,7,268.714809
1.871084,6,269.048292
0.521692,2,269.147759
2.116811,6,269.466486
-3.492758,4,269.700881
0.547749,2,269.820155
1.196294,5,270.09731
0.467849,2,270.214988
0.540008,2,270.313803
1.138077,4,270.535212
2.323165,7,270.874748
0.537024,2,270.995647
1.271636,5,271.233234
2.144014,7,271.65401
-3.501497,4,271.852389
1.257285,4,272.071722
0.529629,2,272.190279
1.236455,4,272.406432
0.52971,2,272.523396
0.325857,2,272.638742
0.837353,3,272.798285
0.463721,2,272.899917
2.051438,6,273.217815
0.530053,2,273.31547
3.086473,8,273.769403
1.719623,5,274.046193
0.521398,2,274.14698
0.911775,3,274.303426
1.43799,4,274.521806
0.536698,2,274.63802
0.538087,2,274.752899
0.698867,3,274.908823
0.549759,2,275.011186
0.562369,2,275.131272
0.330745,2,275.251349
2.033483,6,275.570163
0.356147,2,275.667357
0.557828,2,275.766422
2.599353,7,276.125883
0.53696,2,276.242419
1.589097,5,276.537268
0.916015,3,276.714622
0.535878,2,276.813209
1.351589,4,277.032883
2.387374,7,277.444928
0.572962,2,277.542488
0.538825,2,277.658745
0.513488,2,277.757397
0.543213,2,277.857692
-3.244825,5,278.101353
1.53657,5,278.377372
3.414612,10,278.914948
0.833613,3,279.091547
0.344396,2,279.208107
1.247175,4,279.403993
2.852843,8,279.820072
2.062139,6,280.14662
1.301466,4,280.361346
0.475349,2,280.459228
1.960762,6,280.794477
1.648645,5,281.053867
2.378046,7,281.431854
1.254836,4,281.659436
0.90587,3,281.815018
0.562776,2,281.934161
1.613852,5,282.175751
0.946251,3,282.336368
0.547367,2,282.458477
0.761403,3,282.615578
0.524108,2,282.733277
0.509319,2,282.831979
0.545008,2,282.950222
0.448914,2,283.070022
0.527141,2,283.188035
3.731614,9,283.648273
0.331939,2,283.746539
1.382767,5,284.007115
1.478173,5,284.301681
-1.784815,8,284.756178
0.93223,3,284.896216
0.861574,3,285.036974
1.168385,4,285.239068
0.863904,3,285.401232
-2.454961,6,285.761621
1.593636,5,286.017882
0.525616,2,286.11809
0.344379,2,286.221156
0.923542,3,286.401676
0.517171,2,286.521295
0.52263,2,286.645871
0.849725,3,286.808176
2.519213,8,287.210914
0.975444,3,287.367754
0.569977,2,287.486366
0.536499,2,287.608175
1.112925,4,287.804488
0.53933,2,287.9233
1.864884,6,288.223639
0.554536,2,288.340136
0.54347,2,288.456868
0.962693,3,288.614524
1.723425,6,297.503712
0.564935,2,297.604164
0.363716,2,297.724842
0.884227,3,297.883927
3.107246,9,298.342749
2.081235,6,298.646994
0.526803,2,298.746247
1.473262,5,299.01093
1.631599,5,299.27429
-2.934103,6,299.592119
1.567938,5,299.891074
1.979383,6,300.223543
0.827032,3,300.378985
-2.901139,5,300.655802
1.287339,4,300.852108
0.517108,2,300.951494
0.515617,2,301.053095
-2.944143,5,301.313273
1.242757,4,301.532677
0.501084,2,301.635061
0.504952,2,301.737606
2.165538,6,302.07602
0.51241,2,302.194844
0.549562,2,302.291957
3.616729,9,302.760377
0.53107,2,302.877253
0.978655,3,303.0203
0.546006,2,303.138398
2.498762,7,303.484348
0.533509,2,303.581752
2.756574,8,303.950217
2.348477,7,304.327869
2.560181,7,304.672785
-1.771659,8,305.074387
1.270724,4,305.291274
-1.791467,9,305.73077
3.478189,9,306.248307
-3.551995,4,306.464919
0.445654,2,306.56389
2.27607,7,306.917403
0.515312,2,307.034791
0.561754,2,307.135611
1.548698,5,307.41159
2.005857,6,307.725091
0.916302,3,307.865211
0.504269,2,307.983543
0.521545,2,308.08171
0.561781,2,308.197937
0.515723,2,308.297617
1.549718,5,308.573799
4.538789,12,309.193358
2.320426,7,309.572699
0.537554,2,309.69186
3.215917,8,310.093735
3.525821,10,310.613512
0.536669,2,310.712753
2.390831,7,311.090414
1.400022,5,311.363646
1.688655,5,311.625218
1.315921,4,311.845614
0.529393,2,311.945268
1.54112,5,312.223318
0.552364,2,312.321733
0.554857,2,312.421835
2.105122,6,312.753153
3.189778,8,313.185207
0.526288,2,313.302509
1.514449,5,313.562391
0.904046,3,313.738476
0.557946,2,313.837516
1.281608,4,314.052147
4.156284,10,314.573318
1.278207,4,314.772334
-0.874144,10,315.273979
-2.975102,5,315.529521
2.04332,6,315.831932
1.683402,5,316.071599
-2.884379,6,316.36957
1.662074,5,316.649044
0.34989,2,316.76561
0.539869,2,316.865443
2.384044,7,317.245595
0.506106,2,317.364936
2.871655,8,317.807117
0.924058,3,317.963568
4.517019,11,318.563782
0.497905,2,318.680493
0.747079,3,318.838726
0.560578,2,318.957269
2.020752,6,319.259445
-3.2265,6,319.593349
-2.65004,6,319.872459
0.547046,2,319.972493
0.972354,3,320.133163
1.254993,4,320.367419
2.533726,7,320.742505
0.465579,2,320.858581
0.530077,2,320.974419
0.906507,3,321.132345
0.91766,3,321.286537
0.551091,2,321.388828
1.754002,5,321.653829
1.071049,4,321.889769
2.872583,8,322.305447
0.523891,2,322.403595
0.552214,2,322.503502
0.329122,2,322.603263
0.52171,2,322.720557
0.525583,2,322.839189
0.464272,2,322.95571
0.532117,2,323.054224
0.538064,2,323.171257
-0.917626,11,323.716136
3.540012,10,324.257087
0.521617,2,324.374141
0.921566,3,324.515245
-0.247233,11,325.059942
3.491477,9,325.538646
0.526347,2,325.654288
0.540207,2,325.771343
0.533553,2,325.888129
1.089993,5,326.148731
0.531705,2,326.249101
3.402028,9,326.698341
0.940992,3,326.87598
0.911714,3,327.013405
1.631604,5,327.29626
0.441433,2,327.412377
2.076462,6,327.710139
-2.584795,6,328.008894
0.532939,2,328.108702
2.0951,6,328.413627
0.506158,2,328.531344
0.531335,2,328.651467
1.660244,5,328.925586
2.341931,7,329.284203
0.511303,2,329.400488
0.524956,2,329.521186
2.027381,6,329.84036
2.300274,7,330.230232
0.533435,2,330.346359
1.265494,4,330.542731
0.349684,2,330.639972
2.190666,7,331.015267
2.982742,8,331.431438
0.513222,2,331.531741
0.561661,2,331.657423
1.480639,5,331.917041
1.16954,4,332.114275
1.239576,4,332.333277
2.273528,6,332.653862
0.563377,2,332.753195
1.804972,5,333.01134
4.718772,12,333.648337
-3.038073,5,333.907696
1.391025,5,334.197597
-3.343881,5,334.458736
1.529665,5,334.719176
0.829822,3,334.876598
-3.036459,5,335.153332
1.355805,5,335.396815
1.212726,5,335.692652
0.532105,2,335.790991
2.228376,6,336.109488
1.735909,5,336.347744
0.524175,2,336.465345
0.916281,4,336.668417
1.51628,5,336.926224
0.520897,2,337.024266
1.173018,4,337.222212
2.820318,8,337.640614
2.15129,6,337.940585
-3.443065,5,338.198305
0.532141,2,338.314631
3.838277,11,338.874851
0.859285,3,339.012258
-2.889403,5,339.270766
1.281463,4,339.450665
1.661268,5,339.727603
0.532924,2,339.827523
3.224587,9,340.321378
0.5117,2,340.420079
0.525148,2,340.538304
0.873785,3,340.713533
1.382411,4,340.893085
1.569082,5,341.151813
1.549559,5,341.392395
0.338118,2,341.510031
-3.571549,4,341.712579
1.800111,5,341.971234
1.187983,5,342.25147
2.343329,7,342.610402
-2.533362,6,342.928714
0.549971,2,343.028094
2.239031,6,343.33119
0.537208,2,343.430192
2.134083,6,343.765316
0.54103,2,343.880343
-1.767766,8,344.283121
1.34276,4,344.488879
0.883794,3,344.649539
0.88484,3,344.823722
0.446577,2,344.923319
2.40098,7,345.31999
0.489128,2,345.418561
0.324267,2,345.518853
1.606698,5,345.77873
0.470138,2,345.876321
0.887206,3,346.055973
1.267376,4,346.275345
1.093878,4,346.472611
0.502093,2,346.571788
0.528689,2,346.679338
0.534226,2,346.781978
0.337554,2,346.883948
0.540251,2,347.002837
-2.483549,7,347.36804
0.919766,3,347.522682
0.537328,2,347.622108
-2.425589,6,347.945919
1.17735,4,348.14447
1.57061,5,348.383527
2.204063,6,348.716464
0.533345,2,348.81389
-3.110183,5,349.07139
0.519347,2,349.189986
0.56981,2,349.288012
0.553716,2,349.40515
1.947984,6,349.706164
1.746787,5,349.982362
2.288092,7,350.358562
0.892839,3,350.51856
1.36128,4,350.73586
1.565242,5,350.993025
2.08311,6,351.313446
0.352807,2,351.43228
4.645924,12,352.073105
0.897645,3,352.231288
1.392211,5,352.506336
5.056159,12,353.163457
0.525172,2,353.279779
2.165924,6,353.582915
0.528001,2,353.684078
0.546868,2,353.802588
0.562566,2,353.919847
1.992968,6,354.253864
0.555534,2,354.370063
0.551478,2,354.488397
-2.33931,7,354.838428
0.926142,3,354.996968
2.823053,8,355.401531
0.53191,2,355.517716
0.565141,2,355.634792
0.527431,2,355.735177
0.867953,3,355.894051
1.589119,5,356.158078
0.515877,2,356.258202
1.192014,4,356.467692
0.891764,3,356.626912
2.336981,7,356.995242
0.520817,2,357.092389
1.805652,5,357.371134
1.571702,5,357.646531
2.433799,7,357.994026
1.797721,5,358.251017
0.91098,3,358.406503
0.545825,2,358.524096
0.550573,2,358.624238
1.695229,5,358.884471
-3.64628,4,359.102626
3.257141,8,359.509807
1.848423,6,359.813931
2.248449,6,360.132446
0.507201,2,360.230438
3.591854,9,360.677289
3.382003,10,361.211802
-3.576502,4,361.445055
3.649372,9,361.931294
2.239849,7,362.310235
-3.079526,5,362.553717
-2.95097,6,362.895735
0.526378,2,363.010913
2.444332,7,363.428868
2.239776,6,363.71404
1.18678,4,363.929762
0.527771,2,364.045563
2.562573,7,364.388282
1.582744,5,364.66703
1.456291,5,364.926002
0.5046,2,365.044239
0.984638,3,365.18498
0.513897,2,365.302079
0.527441,2,365.401808
0.346228,2,365.520086
0.44904,2,365.622242
1.16647,4,365.819385
0.942018,3,365.996055
0.882264,3,366.134801
0.536962,2,366.235523
0.555907,2,366.33728
1.627921,5,366.621219
0.528938,2,366.740386
2.812201,8,367.124829
1.200454,4,367.323511
1.677605,5,367.569152
0.523643,2,367.689819
-2.477333,8,368.112117
2.525342,7,368.49394
1.63226,5,368.771237
0.54646,2,368.891089
-3.388626,4,369.113383
0.963943,3,369.27107
1.685496,5,369.54749
4.510972,12,370.166753
0.56145,2,370.283666
0.543416,2,370.401741
1.313215,4,370.619292
1.271389,4,370.8515
1.308865,4,371.067101
1.610313,5,371.324036
2.593131,8,371.746449
0.532578,2,371.844234
-2.551487,6,372.128069
0.553346,2,372.24596
0.519009,2,372.365536
0.485007,2,372.483259
-3.003317,5,372.781349
2.106573,7,373.122733
2.495697,7,373.503053
1.363731,4,373.69995
0.477603,2,373.800929
0.516829,2,373.902554
2.733447,8,374.289261
-2.825715,6,374.59324
1.259006,4,374.795287
1.534433,5,375.053586
0.922603,3,375.230961
0.5102,2,375.348797
0.89784,3,375.523417
0.509015,2,375.640966
1.666972,5,375.917045
0.520413,2,376.015279
0.982367,3,376.192063
2.516068,7,376.549708
2.16097,6,376.857246
0.566161,2,376.975363
0.351073,2,377.092191
1.396926,5,377.387674
5.612004,13,378.046173
4.175862,11,378.590201
2.229054,6,378.891506
0.489055,2,379.007724
2.488691,8,379.412583
-2.707654,7,379.771926
0.888628,3,379.948381
-2.474863,6,380.272031
0.514208,2,380.369903
3.705449,10,380.876354
1.624556,5,381.132476
2.329759,7,381.514444
0.797123,3,381.689741
0.531456,2,381.808383
1.495454,5,382.086514
2.117365,6,382.386729
3.226738,9,382.866389
0.487419,2,382.984433
1.745109,5,383.244283
2.792247,8,383.6804
0.544513,2,383.796153
0.895161,3,383.971055
4.832488,12,384.648909
1.09437,4,384.864864
-2.994971,5,385.126514
1.291278,4,385.327458
3.766912,10,385.87549
2.713942,8,386.277767
0.915228,3,386.453182
-3.076299,5,386.733134
0.359104,2,386.849092
0.535869,2,386.967995
2.200893,6,387.303508
1.059958,4,387.519204
1.162821,4,387.719814
0.547744,2,387.837359
2.034536,6,388.176308
-3.060508,5,388.434776
-3.448961,4,388.671166
0.931956,3,388.83187
0.516362,2,388.934511
1.942392,6,389.236299
0.541862,2,389.336154
0.931259,3,389.516031
0.356984,2,389.613229
-3.131254,5,389.87204
-2.829393,6,390.172492
-3.214417,5,390.41563
2.448514,7,390.779171
0.524045,2,390.87903
3.238962,9,391.332424
0.510517,2,391.449689
0.480078,2,391.565686
0.878766,3,391.732088
2.092676,7,392.106862
0.516844,2,392.226
1.328737,4,392.44183
0.920723,3,392.600117
0.859228,3,392.741926
-3.559715,5,393.000842
0.873711,3,393.143707
0.536365,2,393.26324
3.044684,8,393.685487
0.929213,3,393.828736
0.557045,2,393.951454
2.195348,6,394.305693
0.509786,2,394.422728
-2.985564,5,394.68103
0.51383,2,394.779525
1.300018,4,394.982818
0.520905,2,395.101178
1.533214,5,395.358212
1.367629,4,395.539683
2.437934,6,395.843511
1.526225,5,396.123266
0.516532,2,396.220923
1.451386,5,396.480147
1.255131,4,396.658396
1.645003,5,396.927487
0.974733,3,397.085649
0.514103,2,397.20609
0.719842,3,397.365629
0.721234,3,397.523826
0.530799,2,397.642358
3.072738,8,398.097537
3.61208,9,398.555846
2.096859,6,398.890164
4.017529,11,399.48267
0.92567,3,399.622599
3.710164,10,400.127851
1.573703,5,400.382704
0.526624,2,400.501083
1.301294,4,400.699297
0.529151,2,400.799482
0.511974,2,400.918211
1.294301,4,401.117572
1.266627,4,401.3375
1.292626,5,401.595838
2.638916,7,401.959099
0.517701,2,402.058572
0.85322,3,402.197546
1.279086,4,402.399123
0.52971,2,402.499114
3.345117,9,402.926461
1.075199,4,403.143152
0.55433,2,403.240788
3.239182,9,403.738425
0.523997,2,403.853818
-3.014201,5,404.114696
2.523718,8,404.500171
0.555359,2,404.621732
0.525658,2,404.719676
2.348214,7,405.079532
0.519229,2,405.196628
0.554952,2,405.295621
0.793386,3,414.04873
0.468159,2,414.146915
0.534451,2,414.266217
3.925283,11,414.843747
1.68218,5,415.086246
3.258985,9,415.517958
5.104882,14,416.188029
2.148285,6,416.491758
1.992757,6,416.795902
1.564485,5,417.055815
0.558396,2,417.152722
0.89543,3,417.330358
0.968924,3,417.489591
0.491952,2,417.589521
0.919256,3,417.749559
0.572467,2,417.849292
-3.522326,4,418.085929
2.723429,8,418.503032
2.319915,6,418.800408
0.911201,3,418.977378
3.595859,10,419.460614
0.556223,2,419.560292
1.262294,4,419.759665
1.529503,5,420.017156
1.282778,4,420.217207
0.558299,2,420.315365
0.52163,2,420.413378
0.547932,2,420.513898
2.550762,7,420.879256
1.614232,5,421.155365
1.629266,5,421.430948
1.780994,5,421.669966
1.907161,6,422.010455
0.555954,2,422.109225
3.004317,8,422.509173
2.377102,7,422.848064
0.904508,3,423.024943
1.902435,6,423.330549
0.897239,3,423.467762
0.546052,2,423.586062
0.874327,3,423.74512
4.114868,10,424.285298
-3.161068,5,424.54357
4.829401,12,425.106122
2.109768,6,425.405974
-2.593967,6,425.703835
0.524149,2,425.823817
0.8832,3,426.001932
0.802095,3,426.140933
0.516477,2,426.258535
0.530852,2,426.360221
1.411194,5,426.586557
3.284366,9,427.097793
0.544028,2,427.196652
0.504338,2,427.315016
0.956284,3,427.457741
1.389772,5,427.721178
1.600246,5,427.996628
0.525211,2,428.094124
0.861242,3,428.272272
-0.559516,10,428.762424
0.546663,2,428.859759
0.574536,2,428.960128
0.976228,3,429.135837
1.263712,4,429.369878
0.530974,2,429.469462
1.952608,6,429.775617
2.000619,6,430.074082
2.549081,7,430.437725
2.172623,7,430.795661
0.965308,3,430.953531
-2.498515,6,431.273927
1.461917,5,431.529156
0.508243,2,431.627963
4.696982,12,432.253044
0.874069,3,432.413404
-2.856759,5,432.656669
2.569605,7,433.03439
1.899957,6,433.351796
0.53044,2,433.450387
-3.413402,4,433.670863
0.510736,2,433.788411
4.057925,12,434.390696
2.002769,6,434.710015
1.942926,6,435.012317
0.501397,2,435.128711
3.777524,9,435.588992
2.130036,6,435.891461
0.477095,2,435.988996
2.023635,6,436.296262
1.169423,4,436.496981
2.574363,7,436.898785
0.545838,2,437.014405
1.283798,4,437.248306
2.01931,6,437.566058
3.31313,9,438.058328
7.012511,15,438.811434
1.634761,5,439.054929
0.540842,2,439.172032
0.997694,3,439.310907
2.247812,7,439.659227
1.878396,6,439.996804
1.462795,5,440.276008
0.582771,2,440.393334
-3.055759,5,440.650119
1.287406,4,440.867548
0.575473,2,440.984136
2.739215,8,441.369041
2.097692,6,441.687077
5.056363,13,442.363379
0.546026,2,442.462769
2.145093,6,442.748492
0.32266,2,442.847291
2.312724,6,443.149229
0.524175,2,443.264028
0.514532,2,443.382888
0.942927,3,443.523725
-2.331916,7,443.867817
0.888483,3,444.04462
0.472184,2,444.143273
0.937542,3,444.304398
0.502007,2,444.408289
2.355459,7,444.77159
2.652084,7,445.150727
0.535269,2,445.266174
-2.450883,7,445.627345
1.599779,5,445.889271
0.919976,3,446.029211
2.187437,6,446.331714
1.808911,5,446.592907
0.502424,2,446.711073
2.080499,6,447.05576
0.327721,2,447.173095
6.09949,16,447.981549
1.7383,6,448.320367
2.094313,7,448.647366
1.246744,4,448.885392
0.869776,3,449.024595
1.246269,4,449.261569
4.555967,11,449.787028
-1.320349,9,450.233408
1.653612,5,450.490566
3.591936,9,450.958444
2.123598,7,451.296917
2.27457,7,451.63919
0.544019,2,451.739186
3.022365,8,452.129588
2.687334,7,452.49067
0.519781,2,452.589773
0.539821,2,452.690305
0.947974,3,452.851725
0.885059,3,452.99241
0.814512,3,453.149614
0.536419,2,453.251277
1.131483,4,453.454511
0.903569,3,453.614806
1.987949,6,453.914505
2.115357,6,454.200505
1.982215,6,454.485702
0.818924,3,454.649082
2.116283,6,454.965413
0.556346,2,455.063508
1.660069,5,455.338464
0.73387,4,455.556605
2.211825,6,455.86051
0.554118,2,455.977269
0.952928,3,456.134074
2.207711,6,456.435971
2.128504,6,456.757773
0.536257,2,456.858524
2.882868,8,457.261671
0.524511,2,457.379614
0.532934,2,457.498638
0.532885,2,457.619876
3.763968,11,458.180403
2.665335,7,458.521445
1.434327,5,458.778289
0.498361,2,458.895624
3.264211,9,459.361385
1.60945,5,459.657826
2.585081,7,460.033167
-2.084394,7,460.414368
0.517048,2,460.512843
0.916393,3,460.671729
1.605146,5,460.931143
0.480559,2,461.049999
0.527501,2,461.153112
1.642626,5,461.42991
2.563462,7,461.793159
0.907486,3,461.950909
5.064662,14,462.619633
0.538383,2,462.718374
-3.471903,4,462.918979
0.853488,3,463.075454
1.396614,4,463.281685
0.819062,3,463.420055
4.09516,11,464.015273
2.112096,6,464.332512
1.195569,4,464.533479
1.778236,5,464.757201
-2.294236,7,465.119342
4.407298,12,465.709114
0.894969,3,465.868138
3.743943,10,466.35424
0.564303,2,466.453908
1.355151,5,466.67733
5.396034,13,467.336714
1.732019,5,467.601778
4.993236,15,468.356741
-0.76625,11,468.905273
2.145124,6,469.203945
1.915171,6,469.520016
0.538647,2,469.622332
0.486371,2,469.722375
1.909565,6,470.04509
0.940934,3,470.202728
0.556034,2,470.302423
4.714088,12,470.965128
1.5449,5,471.225085
-3.634742,4,471.426331
0.95164,3,471.603865
3.119675,8,471.997122
1.095147,4,472.195022
1.349137,4,472.397992
2.292546,7,472.759153
1.67283,5,473.03545
3.887973,10,473.502631
2.001365,6,473.802621
1.894585,6,474.140118
2.083463,6,474.457632
0.574271,2,474.557092
0.320462,2,474.674223
-2.66523,18,475.560361
0.958566,3,475.740867
2.049581,6,476.038692
2.880956,8,476.43929
1.575518,5,476.735183
2.349623,7,477.117032
1.714967,6,477.431539
-3.007566,5,477.708999
1.220759,4,477.908796
1.334263,4,478.127949
1.348511,4,478.345562
2.489188,7,478.693354
2.276501,7,479.038268
0.509209,2,479.14016
1.815848,6,479.480185
4.172234,11,480.078249
0.519061,2,480.176721
2.111578,6,480.480397
0.56258,2,480.580734
0.555826,2,480.681458
2.169284,7,481.024831
0.506318,2,481.122832
2.15366,6,481.394812
2.406224,7,481.760049
-1.963326,8,482.151201
0.524792,2,482.269397
1.266049,4,482.455742
2.996634,9,482.93431
2.793577,8,483.335301
-3.502466,4,483.515281
1.339422,4,483.750363
1.762955,5,484.009769
2.508939,7,484.350929
2.170569,6,484.624803
0.481794,2,484.722893
2.473525,7,485.049364
-0.493746,10,485.55824
1.584997,5,485.836111
1.669972,5,486.096751
1.693034,5,486.336135
1.685875,5,486.580184
2.786466,8,487.008234
-2.618708,6,487.309972
-1.502489,8,487.72264
1.533528,5,487.980602
-2.20556,7,488.344275
0.507391,2,488.443172
1.668972,5,488.723985
1.607936,5,488.979107
1.004174,3,489.13885
2.463115,7,489.493818
1.19381,4,489.711475
1.613911,5,490.009151
7.182751,17,490.893567
0.543089,2,491.008729
0.334245,2,491.107467
1.610104,5,491.351327
0.513345,2,491.451591
-2.689554,7,491.841942
2.967117,8,492.271062
0.950546,3,492.449012
1.899993,6,492.78425
-3.785309,4,492.985864
2.102849,6,493.321218
1.636615,5,493.561505
2.299224,6,493.917299
1.39123,4,494.132932
1.759207,5,494.393836
0.538631,2,494.513309
-0.076332,11,495.112853
0.445847,2,495.210283
0.951535,3,495.387156
1.866658,5,495.626794
1.469574,5,495.924387
0.531751,2,496.04134
-3.129715,5,496.266471
3.606011,10,496.775523
0.518716,2,496.88311
0.543555,2,496.987082
0.546582,2,497.091147
2.357254,7,497.44172
1.665977,5,497.683763
-2.649918,6,498.006689
0.562995,2,498.105183
1.175933,4,498.327552
0.855358,3,498.505781
1.454014,5,498.766108
0.514663,2,498.885312
0.95537,3,499.064772
0.574526,2,499.183991
5.362845,13,499.843586
0.51117,2,499.960984
1.731086,5,500.222936
4.961109,14,500.948594
2.641497,7,501.307343
1.586158,5,501.567148
-3.158432,6,501.89467
0.456493,2,501.994055
-3.273771,5,502.257141
2.690436,8,502.66012
1.665814,5,502.936822
-2.531859,6,503.253331
2.199851,7,503.614356
0.517559,2,503.713769
0.551121,2,503.815305
0.519081,2,503.934671
0.573265,2,504.053281
1.252139,4,504.25183
-3.25661,5,504.516605
0.537429,2,504.616741
1.605805,5,504.876885
2.155169,6,505.164347
2.803133,7,505.527121
0.556004,2,505.628173
2.230164,6,505.91854
2.569029,7,506.315814
1.549047,5,506.575654
2.732431,8,506.99715
1.620304,5,507.223941
0.960615,3,507.384338
-1.494805,9,507.80917
1.39624,4,508.033005
0.88996,3,508.174807
2.562257,8,508.618193
1.324513,4,508.833506
2.124617,6,509.135126
-0.691828,11,509.699888
-2.971239,5,509.977888
5.22198,13,510.617485
1.577624,5,510.894697
0.547248,2,510.993976
-3.135098,5,511.277008
-2.632146,6,511.562723
1.557562,5,511.862781
4.521074,11,512.401688
0.888702,3,512.578312
-3.165413,6,512.878177
0.53452,2,512.995412
0.909241,3,513.151637
0.537749,2,513.270033
1.58144,5,513.514152
2.816486,9,513.959489
1.375968,5,514.205673
0.551635,2,514.324662
2.028033,6,514.631777
3.855975,10,515.102896
0.482992,2,515.202318
2.187093,6,515.5103
2.248641,6,515.791922
2.16654,6,516.147354
1.310315,4,516.363985
0.539281,2,516.484622
3.402311,9,516.950574
1.209851,4,517.149282
0.45732,2,517.250149
0.511766,2,517.352266
0.537004,2,517.451505
2.52486,8,517.872034
1.634039,5,518.130964
2.874638,8,518.559204
0.318687,2,518.676888
2.352379,7,519.020624
0.543438,2,519.138287
0.53316,2,519.256634
-1.318173,9,519.686786
5.69509,13,529.095399
3.066542,9,529.563015
0.539315,2,529.680998
0.902542,3,529.842959
0.872071,3,530.001992
0.546762,2,530.10186
1.216967,4,530.302483
1.404418,4,530.504335
0.504308,2,530.603321
2.836062,7,530.934383
2.118246,6,531.251928
1.26065,4,531.469819
2.247858,7,531.814928
-1.904699,8,532.216134
3.574187,11,532.765971
0.506163,2,532.881917
4.080124,11,533.446579
1.329237,4,533.629057
1.980069,6,533.900274
1.712536,6,534.182112
3.412477,9,534.680295
2.379358,7,535.02162
2.274679,6,535.329002
-2.639904,6,535.632103
0.954562,3,535.776479
0.532316,2,535.878646
1.199697,4,536.083398
3.847492,11,536.636374
2.783196,8,537.041026
0.33937,2,537.158797
2.171457,6,537.423433
2.173758,6,537.693048
0.893248,3,537.873523
1.32799,4,538.06978
3.272658,9,538.51273
3.763494,10,538.996253
0.460474,2,539.097069
0.974262,3,539.260842
4.458618,11,539.800618
2.720354,7,540.161977
1.422135,5,540.38453
-3.509105,4,540.588556
3.142804,9,541.051992
1.553741,5,541.311951
0.340432,2,541.430201
2.121623,6,541.734329
5.175904,13,542.394918
0.515749,2,542.511623
3.06703,8,542.886728
2.954774,8,543.312772
3.933793,10,543.823225
0.531949,2,543.923022
0.548975,2,544.023325
2.482315,7,544.374653
3.074368,9,544.875435
0.564137,2,544.994216
0.924319,3,545.13437
0.542229,2,545.255441
2.883321,8,545.647949
0.953032,3,545.79079
3.446157,9,546.262079
0.548386,2,546.36152
2.506845,7,546.70804
0.527949,2,546.809913
0.915481,3,546.97427
2.063065,6,547.283598
5.437105,15,548.037997
0.5561,2,548.139614
3.489849,9,548.566482
2.208703,6,548.869828
5.268764,14,549.531176
2.259652,7,549.896611
-3.30982,4,550.080958
-0.494496,11,550.598205
1.515345,5,550.84491
1.609301,5,551.125248
0.914507,3,551.284063
2.120958,6,551.587412
3.046106,10,552.10331
0.547622,2,552.221342
2.840641,8,552.586214
3.604968,11,553.13044
3.845613,9,553.580143
0.944417,3,553.721447
0.533627,2,553.845084
0.55037,2,553.964573
5.467936,13,554.611514
3.652696,9,555.07152
3.309586,9,555.52463
2.167933,6,555.80524
1.282017,4,556.02682
2.093604,7,556.370111
5.123069,13,557.029818
0.899279,3,557.188493
3.54769,9,557.63425
2.617319,7,558.001508
5.668327,14,558.681042
0.888049,3,558.841331
2.782216,8,559.245149
0.525491,2,559.343871
0.711649,3,559.507655
0.509599,2,559.629243
1.351955,4,559.849238
0.536778,2,559.965546
1.459497,5,560.226474
-0.79928,11,560.790389
2.193991,6,561.076005
3.265602,9,561.52206
0.98097,3,561.663386
4.328806,11,562.200447
4.361002,23,563.331875
2.539888,7,563.691552
-0.958181,9,564.126844
3.644627,9,564.573333
2.642275,7,564.925489
0.923342,3,565.087918
0.834725,3,565.266923
4.637872,11,565.812185
0.527973,2,565.911843
0.539548,2,566.012427
1.385709,4,566.191789
-1.887023,8,566.575487
0.35346,2,566.692542
0.925791,3,566.835605
3.280535,9,567.309568
-2.603574,6,567.612723
0.324267,2,567.713445
2.04577,6,568.038681
-2.998741,5,568.302254
0.561209,2,568.402507
2.861804,8,568.804087
2.914188,8,569.191439
2.199673,6,569.537104
2.718431,7,569.900575
1.701339,5,570.16195
0.571522,2,570.279298
7.270807,19,571.271891
6.251787,17,572.093148
0.536514,2,572.211436
2.549411,7,572.555813
1.237193,4,572.740868
0.86975,3,572.885954
2.207388,6,573.200737
2.129396,6,573.528455
1.32033,5,573.786862
4.045241,11,574.355209
0.55806,2,574.472365
4.900569,12,575.03914
3.010289,8,575.44232
3.049163,8,575.860617
0.517645,2,575.961616
1.189244,4,576.14448
0.313094,2,576.262006
2.737542,8,576.671442
-3.506437,4,576.898348
0.89373,3,577.056017
3.294781,9,577.504854
0.55046,2,577.606138
3.947358,10,578.097959
1.72494,5,578.338516
4.135278,11,578.89688
4.140557,10,579.36433
-2.753294,6,579.653227
2.412752,7,580.031006
0.503159,2,580.130957
3.766653,10,580.641832
2.910201,9,581.095514
2.982316,8,581.497204
1.38656,4,581.698698
2.904192,8,582.14784
0.542365,2,582.246701
0.927223,3,582.407855
0.571826,2,582.525195
1.918722,6,582.822448
2.592859,7,583.168283
2.145167,6,583.490391
1.354768,4,583.690374
3.112322,8,584.09635
2.014067,6,584.399531
1.486502,5,584.667328
1.535059,5,584.914707
4.892701,12,585.545133
2.507648,7,585.9294
3.414739,9,586.412938
0.946173,3,586.555905
2.716903,7,586.924126
4.307565,12,587.541402
-2.604687,6,587.84184
0.546602,2,587.959573
1.151014,4,588.202819
2.340907,7,588.527258
7.002371,17,589.396266
5.617492,14,590.097636
1.566687,5,590.357352
0.920055,3,590.536928
0.918038,3,590.712642
0.550854,2,590.810644
1.175147,4,591.026693
0.548067,2,591.125662
1.695097,6,591.444845
3.287007,8,591.843298
1.997314,6,592.149971
3.089961,8,592.581869
2.095122,6,592.885617
0.500457,2,592.986705
-3.203575,5,593.249355
2.882882,8,593.634772
0.875252,3,593.790464
1.868144,6,594.12669
-2.009707,7,594.485981
1.464057,5,594.732545
1.617,5,594.992718
0.922611,3,595.133987
5.457142,15,595.929718
4.562223,12,596.553175
2.322511,6,596.871247
3.25178,9,597.319129
1.720366,5,597.577338
0.480911,2,597.678751
2.583826,7,598.038481
3.4565,8,598.44237
0.565132,2,598.558581
2.251876,6,598.859425
2.675431,7,599.21945
2.338168,6,599.521722
1.111888,4,599.727149
3.400983,9,600.175269
1.397176,15,600.943679
2.539123,7,601.300771
1.898681,6,601.617696
1.916661,6,601.929042
1.664569,5,602.207401
-1.339863,9,602.672326
1.122956,4,602.877058
2.050637,6,603.180192
0.936097,3,603.338669
4.054094,11,603.903145
4.796688,13,604.516921
2.129499,6,604.840767
3.940894,11,605.356064
3.898525,10,605.883783
0.919505,3,606.024215
-1.710482,8,606.455907
2.252896,6,606.719405
1.472366,5,606.9877
0.507883,2,607.089561
1.400392,5,607.338964
0.965805,3,607.500985
5.692794,14,608.173365
1.607626,5,608.413628
3.380875,9,608.875694
1.309357,4,609.090832
4.18909,11,609.625264
3.117769,8,610.036249
-3.02411,5,610.2807
1.99677,6,610.578935
-3.439883,4,610.797793
6.084295,15,611.526679
3.027192,8,611.938684
0.524568,2,612.055783
2.988658,8,612.460039
5.959833,16,613.288817
1.316665,4,613.486807
1.721702,5,613.743764
-3.032045,5,614.004622
1.624073,5,614.266516
0.530202,2,614.384305
1.205177,4,614.563839
1.99099,6,614.872167
2.611287,7,615.23393
1.930155,6,615.542004
1.551093,5,615.80226
1.221426,4,616.002671
1.515545,5,616.251543
1.452696,5,616.498624
2.490182,7,616.811398
2.595042,8,617.226279
0.716434,3,617.38594
2.219407,6,617.742607
0.528538,2,617.840796
5.33067,13,618.509618
3.651983,10,619.034892
3.044719,8,619.423594
2.506484,7,619.792777
-2.076918,8,620.229175
6.019259,16,620.991034
0.912617,3,621.131777
4.40796,12,621.726111
3.906783,10,622.241267
2.402497,7,622.587923
0.480359,2,622.707286
0.513862,2,622.808212
0.55493,2,622.907426
2.605636,7,623.258058
6.99872,18,624.104232
1.409453,5,624.350425
0.548769,2,624.452918
2.552117,7,624.795908
-1.659376,8,625.208096
0.563078,2,625.306301
3.565676,9,625.754684
0.501265,2,625.852124
2.317479,6,626.151473
2.02667,6,626.458044
1.232163,4,626.660003
-0.167168,11,627.25101
2.909484,8,627.672155
3.633242,10,628.180945
4.298488,11,628.712741
3.722951,10,629.221214
1.929783,6,629.521963
0.967771,3,629.68168
0.154667,13,630.302524
0.349764,2,630.42013
3.012849,9,630.88374
1.701491,5,631.160898
4.391962,12,631.806075
2.6369,7,632.147827
1.209869,4,632.365644
0.546993,2,632.481502
4.050488,10,641.618422
1.775042,5,641.880213
1.67013,5,642.126149
-1.871653,8,642.516887
1.368354,5,642.758514
1.623626,5,643.003548
5.372316,15,643.674295
-2.673024,6,643.961035
3.623176,10,644.488272
2.114467,6,644.759839
3.892623,11,645.310978
4.023594,10,645.838479
0.859047,3,645.9967
0.867559,3,646.15612
3.162586,8,646.527395
-0.682684,10,646.989571
2.127557,6,647.294548
0.945881,3,647.437944
0.915232,3,647.59995
0.961192,3,647.760505
6.905546,18,648.595361
3.792383,10,649.063714
3.471913,9,649.52866
0.970105,3,649.696603
5.059504,13,650.324455
4.89222,13,650.95711
-1.848424,8,651.366535
1.910994,6,651.654275
2.172027,6,651.93022
0.883943,3,652.07478
2.692259,7,652.428674
8.685017,22,653.512032
3.093047,8,653.900151
1.674696,5,654.140167
2.497953,7,654.490564
1.517802,5,654.754066
-2.07225,7,655.085755
1.227017,4,655.288422
3.175218,8,655.663541
-0.514056,11,656.200169
4.470077,12,656.793869
0.523488,2,656.891608
1.990769,6,657.237618
3.758848,10,657.712559
3.979805,10,658.239231
0.537089,2,658.33708
4.050919,24,659.487482
5.4422,14,660.135202
0.538217,2,660.253967
7.217135,19,661.164213
4.698611,13,661.786617
0.481093,2,661.886159
2.135625,6,662.202095
5.038331,13,662.829494
2.567202,7,663.15256
1.333895,5,663.397538
2.267907,6,663.696573
2.18298,6,664.038624
3.29343,8,664.420417
4.634597,11,664.92101
0.953962,3,665.097681
5.223983,14,665.767691
0.936387,3,665.926468
4.442965,12,666.503163
1.666635,5,666.745533
3.006726,8,667.150739
2.39429,7,667.501545
0.526978,2,667.618629
3.479509,9,668.054554
0.512305,2,668.153677
4.875302,13,668.781546
4.519871,12,669.372724
2.261905,6,669.686909
5.098237,12,670.245723
4.631266,23,671.39346
0.53921,2,671.490713
6.291,17,672.296937
0.508335,2,672.417843
3.029021,8,672.816235
1.519683,16,673.610317
0.912955,3,673.786449
5.380684,16,674.543176
6.495033,20,675.49279
0.510461,2,675.591489
4.880439,13,676.223462
2.353145,7,676.564163
-2.182528,7,676.891733
1.367797,4,677.11817
2.606576,7,677.468142
3.610805,10,677.975547
5.836353,14,678.674227
3.229113,9,679.124314
0.540445,2,679.244696
1.820319,5,679.511135
3.781313,9,679.973287
2.112384,7,680.286871
2.722391,7,680.631455
5.117209,14,681.309893
5.473151,15,681.991444
0.535222,2,682.090263
2.886346,8,682.490357
3.780596,11,683.043869
1.316157,4,683.246363
3.12046,8,683.611578
2.047632,6,683.911888
12.625662,32,685.42839
3.942133,10,685.897704
1.90799,6,686.178345
4.211118,12,686.765397
-1.455583,10,687.258597
-3.129646,5,687.485607
-1.868531,7,687.833477
-2.073771,7,688.200855
1.50767,5,688.427189
2.025192,6,688.719537
1.346067,5,688.965487
2.730328,7,689.308625
0.534263,2,689.407976
2.787414,8,689.803619
4.215309,12,690.390685
1.706037,5,690.633286
6.388625,17,691.429378
-2.247787,7,691.755914
6.893755,18,692.604867
9.339286,27,693.867777
5.454313,15,694.591558
3.07767,8,694.972497
3.13816,9,695.387234
2.231665,6,695.692512
2.933212,8,696.086907
0.513824,2,696.205309
3.767691,10,696.703442
0.55143,2,696.819592
4.121769,12,697.380845
3.848232,11,697.928127
2.532551,8,698.297115
3.68745,10,698.805319
0.514792,2,698.904999
5.081473,13,699.547337
0.525547,2,699.665424
1.372096,5,699.907755
0.4912,2,700.02584
2.092095,6,700.309185
4.655753,12,700.867047
3.92709,11,701.398439
3.086564,21,702.396366
3.661072,10,702.874007
0.53805,2,702.972585
1.368298,4,703.15582
-2.959773,5,703.422495
0.960047,3,703.560493
2.080351,6,703.844871
1.054198,14,704.514762
0.163174,12,705.136992
4.087831,10,705.645805
0.517219,2,705.763114
0.489177,2,705.882463
1.329472,4,706.080528
2.760427,8,706.489425
3.389528,9,706.931716
1.644309,5,707.178393
4.90235,13,707.793965
0.510969,2,707.892667
5.795758,15,708.605274
0.907535,3,708.763945
1.99212,6,709.065439
0.171692,12,709.638393
12.992571,30,711.085599
1.335015,4,711.266747
5.21436,15,712.010683
2.423061,7,712.355183
2.949324,9,712.806589
8.68813,21,713.90511
4.811114,12,714.491349
3.859421,11,715.041425
2.915366,8,715.408417
4.874837,12,716.001793
0.542829,2,716.102239
2.132104,6,716.409796
0.556527,2,716.510011
4.080613,11,717.042999
7.350168,20,717.998167
2.680347,7,718.362253
5.147095,13,718.960258
6.994516,19,719.864344
1.367267,4,720.06834
-3.23194,5,720.317308
2.623736,7,720.668426
1.504153,5,720.932962
3.03728,8,721.320278
2.146743,6,721.608795
0.523504,2,721.728511
2.675987,8,722.123456
0.530759,2,722.224755
4.258271,10,722.730857
3.588429,9,723.125046
4.303373,12,723.715231
-1.431676,9,724.200256
2.753928,8,724.567463
3.379457,9,725.038149
-2.214562,7,725.400274
2.714601,7,725.723816
1.729488,5,725.986362
3.758134,10,726.48005
2.464417,7,726.824263
1.295425,5,727.071066
7.227789,18,727.961064
-0.818489,9,728.461238
2.525542,7,728.836511
2.004927,6,729.099566
10.047425,22,730.163443
3.220206,9,730.58412
1.97012,16,731.380089
1.367782,4,731.580103
3.946215,22,732.702791
1.705569,5,732.948407
2.54652,7,733.260409
6.06661,15,733.975603
-0.796105,12,734.548366
2.660324,7,734.874295
2.013005,6,735.175934
0.543915,2,735.292205
8.120423,22,736.324405
2.731686,8,736.696797
0.128922,14,737.364558
0.918383,3,737.50581
0.906587,3,737.646017
0.508419,2,737.764669
1.208791,4,737.969251
0.885418,3,738.110772
2.907252,8,738.495487
6.719525,20,739.46512
3.875321,10,739.945257
7.162547,19,740.849864
-3.03669,5,741.07968
3.707142,10,741.612287
4.813568,13,751.013975
4.485575,12,751.585386
-0.595876,12,752.152826
5.608602,16,752.893573
4.015708,11,753.410071
-2.893847,5,753.678827
2.942471,8,754.070384
1.780252,16,754.835982
-1.994985,7,755.172637
17.643549,52,757.676979
8.52591,23,758.819425
3.277227,10,759.286759
7.403054,17,760.148365
2.970728,8,760.546988
0.974272,14,761.210735
4.360411,12,761.79708
7.230046,30,763.249942
3.773289,10,763.738811
7.720218,21,764.707712
0.548678,14,765.357742
14.839816,43,767.291354
2.604266,7,767.616355
4.338313,10,768.065596
3.09996,9,768.493359
1.715651,5,768.742526
0.503528,2,768.84359
2.65245,8,769.213702
4.937826,13,769.798156
10.264862,28,771.152941
13.267795,51,773.583206
0.96651,3,773.724756
3.827078,11,774.267103
5.032669,14,774.916793
4.142038,12,775.489386
2.163215,6,775.794003
13.001136,38,777.535317
8.867529,22,778.622637
8.381546,20,779.51836
3.965835,10,780.015982
1.653835,7,780.326941
0.591086,2,780.427004
0.543974,2,780.527551
-3.378298,5,780.770943
3.495335,9,781.199748
9.292109,26,782.364421
3.869106,10,782.840565
2.546821,7,783.224128
2.883276,8,783.608083
-0.617897,12,784.163141
7.920976,21,785.099725
2.479174,20,786.064466
5.33406,13,786.69944
7.581286,17,787.510633
4.27846,11,788.040476
8.976929,22,789.06954
3.6381,10,789.52374
3.039773,20,790.441022
6.238948,17,791.18336
4.372785,11,791.661267
4.696233,11,792.172958
5.187364,27,793.390025
9.682642,26,794.625227
7.056158,19,795.455836
2.544017,7,795.801046
2.733726,7,796.146444
0.997805,3,796.288185
0.87117,3,796.433077
6.584125,15,797.106835
13.219904,31,798.55368
4.084381,11,799.082699
2.725226,7,799.409238
2.096149,6,799.712656
1.301352,4,799.912569
9.321153,25,801.011667
0.548602,2,801.110105
6.941278,18,801.896147
2.822547,7,802.246083
0.531594,2,802.36409
0.543202,2,802.4639
6.889395,16,803.226357
6.679557,17,804.005896
1.78837,5,804.230105
6.951585,18,805.055246
5.854616,28,806.380389
10.994825,29,807.708395
3.399724,8,808.115836
18.66826,47,810.294515
4.102013,12,810.860644
4.223622,11,811.374243
4.669926,14,812.029294
1.985518,18,812.882553
6.762243,20,813.853598
0.542994,2,813.954292
8.814591,21,814.907514
1.761901,5,815.153691
-3.484137,4,815.33753
2.49815,7,815.66553
8.504026,23,816.675751
5.121062,13,817.315394
2.166921,6,817.60588
0.875713,3,817.749111
2.11566,19,818.606784
6.575357,34,820.258018
2.222144,6,820.526255
4.603498,28,821.841746
6.133978,15,822.553726
3.320943,9,822.961895
1.914945,6,823.27204
7.14951,19,824.156815
4.615304,12,824.702814
15.245916,34,826.31109
0.964646,3,826.452081
10.277775,27,827.716663
2.055214,6,827.98806
0.531773,2,828.107388
1.815289,5,828.332369
4.684832,13,828.971962
-2.349593,7,829.307224
1.43409,5,829.552317
7.100053,18,830.424357
4.710555,12,831.010007
2.544437,7,831.351938
1.538463,5,831.577193
2.183942,6,831.865555
2.956713,8,832.242234
5.576919,13,832.858043
2.416021,7,833.186432
5.808493,15,833.918604
2.030794,6,834.20522
4.726845,12,834.764693
4.996586,13,835.367352
5.019931,13,835.989843
2.293681,7,836.29722
8.309865,21,837.297345
-1.933474,9,837.761928
8.472602,23,838.827811
7.127528,19,839.68909
1.924505,6,839.995209
0.548971,2,840.113603
2.648462,7,840.442024
3.067796,9,840.871773
4.581673,12,841.420292
2.175655,6,841.709132
2.625206,7,842.038318
1.505404,5,842.271904
4.803464,13,842.875711
-1.609069,8,843.244746
3.212893,9,843.673772
4.8653,12,844.208111
0.900514,3,844.352085
7.041925,16,845.130965
6.771841,19,845.995754
5.320115,15,846.675219
5.307719,13,856.097841
14.234433,34,857.658138
25.584387,79,861.19402
3.5615,9,861.624908
1.735346,5,861.869864
4.827978,13,862.453616
3.497446,9,862.867546
4.311887,11,863.382441
2.50876,7,863.71017
3.181058,8,864.079906
6.800149,28,865.358815
36.426399,92,869.553651
5.196187,12,870.148807
2.989036,8,870.537215
2.133668,6,870.802819
1.669665,5,871.050838
1.871482,18,871.870096
5.190787,15,872.558489
2.820623,19,873.429136
8.380733,34,874.991586
4.317762,11,875.488672
3.604386,10,875.926598
2.707398,7,876.240559
2.781719,17,877.00988
2.629718,17,877.794739
1.931594,6,878.084015
24.90292,80,881.63845
5.590954,14,882.265276
1.04784,14,882.944952
9.697225,29,884.256236
14.070003,36,885.9408
2.690005,8,886.294998
4.84355,14,886.954678
13.044423,32,888.482133
4.239029,11,889.000739
11.332624,27,890.232449
2.501228,7,890.560658
1.338388,4,890.746487
4.548917,12,891.3248
2.205176,17,892.090477
7.727618,20,893.054242
1.705426,5,893.317459
15.426154,41,895.112647
2.751553,8,895.485701
7.419889,18,896.290865
4.42749,11,896.807831
6.545418,18,897.600786
5.159024,13,898.170742
0.048203,12,898.729603
3.979605,10,899.200258
2.072032,6,899.486764
2.762418,8,899.861872
-2.139062,7,900.208585
0.522538,2,900.309128
4.714931,13,900.918676
4.060124,11,901.43043
7.88505,20,902.343374
9.450046,27,903.574966
4.453079,11,904.084206
6.704626,18,904.893015
7.725777,19,905.837267
2.987408,8,906.223107
2.189353,18,907.070059
1.294945,4,907.257515
9.31829,23,908.315618
6.072255,24,909.442628
0.863417,3,909.582658
2.876199,8,909.938727
25.721162,65,912.848068
9.495407,22,913.849853
5.123679,13,914.472189
1.620788,5,914.742155
7.058462,17,915.541948
7.52789,20,916.412548
-1.225741,10,916.85546
19.076138,107,921.778547
6.499044,33,923.306015
2.404527,18,924.112781
12.393758,43,926.12026
-0.928798,10,926.57251
0.87296,3,926.713048
12.309489,30,928.156351
2.981729,8,928.503325
5.452065,24,929.597579
6.685666,16,930.309266
2.605846,7,930.619187
8.198144,20,931.535159
0.972128,3,931.676021
2.94993,8,932.062549
-2.774661,6,932.335735
3.295463,8,932.705795
1.628562,5,932.932424
3.993234,23,934.037663
4.491811,11,934.559843
1.881078,16,935.265241
7.627082,18,936.142373
7.568162,19,937.011927
8.672956,22,938.020684
4.599346,11,938.535697
1.485075,15,939.222008
3.817836,9,939.652372
18.717434,58,942.344381
-2.406398,7,942.674642
-2.73677,6,942.946089
-1.975865,8,943.297528
4.530439,25,944.450636
5.494057,15,945.121145
6.271715,16,945.854239
5.493958,14,946.515478
-3.104455,5,946.74339
7.262636,18,947.59939
2.710617,8,947.957766
3.136763,8,948.345628
3.246245,9,948.761855
8.226825,21,949.702658
1.278456,4,958.729036
1.838733,18,959.577717
17.759733,42,961.477958
7.047857,17,962.268171
4.132789,11,962.780418
4.378087,12,963.341074
5.108687,13,963.940795
9.666094,26,965.118071
0.57291,2,965.21799
4.400792,11,965.70025
4.672232,12,966.217143
2.916152,8,966.587002
1.662617,5,966.816852
8.817992,25,968.002474
4.145711,22,969.004619
2.045666,6,969.28718
2.572711,7,969.618487
4.89468,14,970.281488
17.803708,51,972.570308
6.1544,15,973.250217
3.243628,9,973.686678
-0.644518,11,974.184386
0.562882,2,974.286369
11.450038,29,975.565978
3.617401,10,976.057346
2.430378,19,976.908233
3.79625,10,977.379565
4.846231,12,977.91016
4.478837,21,978.891668
14.728868,40,980.714654
3.388848,9,981.144504
4.896757,13,981.725702
12.374992,31,983.161781
5.858555,25,984.307852
8.738897,38,986.006377
6.549905,17,986.765711
2.84696,8,987.154891
2.600355,19,988.035721
2.424859,18,988.822022
6.825494,29,990.086691
-2.003501,7,990.414948
5.643176,16,991.160864
3.722031,10,991.620085
4.883791,26,992.793476
3.672866,9,993.208719
5.150629,14,993.853511
3.546582,9,994.256578
3.319616,9,994.685279
-3.33344,4,994.870128
-0.926268,11,995.350007
0.857989,3,995.490385
4.88493,24,996.603148
9.551824,23,997.669905
14.636715,38,999.35277
27.939698,82,1002.976041
3.979435,10,1003.444958
1.88418,18,1004.293165
2.235262,6,1004.561273
8.402061,22,1005.580573
3.056566,17,1006.374784
18.314991,94,1010.553873
42.130804,163,1017.792817
12.431477,33,1019.251169
2.919757,8,1019.652886
2.211651,6,1019.923548
4.693601,23,1020.950455
-0.350473,11,1021.465636
6.521406,17,1022.256297
1.855917,5,1022.507222
9.336946,36,1024.138778
4.407495,13,1024.734128
12.270968,35,1026.294286
5.460913,15,1026.980914
4.697236,12,1027.545241
1.638021,5,1027.774339
2.773485,7,1028.108006
8.154656,21,1029.05346
4.53718,24,1030.171673
3.538502,9,1030.581779
2.331343,18,1031.398426
31.965219,85,1035.249937
12.069596,31,1036.73023
23.41986,62,1039.482248
1.373846,4,1039.664857
7.528519,21,1040.604075
7.753759,31,1041.98441
-1.384829,10,1042.448252
2.088689,6,1042.734984
10.491394,28,1043.990914
10.863036,48,1046.102037
6.2391,16,1046.85135
17.237,43,1048.693149
2.333631,6,1048.98033
3.733407,10,1049.431341
2.686966,8,1049.799502
7.53685,19,1050.619156
18.639413,54,1061.851236
9.595494,26,1063.023904
4.176033,10,1063.480263
18.396634,46,1065.484535
3.915557,22,1066.469974
6.556684,16,1067.18494
3.374709,8,1067.540786
13.913696,39,1069.186437
57.51327,176,1076.782089
5.877465,16,1077.491867
12.499749,33,1078.938316
22.127356,57,1081.453758
5.055163,23,1082.468688
5.019072,14,1083.084266
3.499612,21,1083.997826
2.463135,18,1084.788329
2.08618,6,1085.073817
2.26986,6,1085.339078
8.467291,22,1086.318535
2.129883,6,1086.60084
6.978959,19,1087.473686
4.528271,12,1088.02649
4.753334,21,1088.957663
1.809655,5,1089.202272
40.966974,104,1093.732368
7.617052,30,1095.082839
38.668691,135,1101.037139
3.052445,8,1101.391307
32.022976,101,1105.844433
17.628783,43,1107.769832
2.706932,7,1108.097172
5.528445,14,1108.716388
11.045678,31,1110.084532
21.228395,68,1113.015232
1.335626,16,1113.735484
1.291799,14,1114.335179
6.487519,16,1115.10101
1.582033,5,1115.349213
12.325106,32,1116.793029
4.917843,14,1117.455342
13.029867,34,1118.98611
2.271269,6,1119.273503
10.12348,26,1120.487496
1.402293,16,1121.212205
12.666062,32,1122.632514
6.72672,16,1123.344256
15.445153,38,1125.087298
1.841221,5,1125.354386
0.726894,14,1126.009291
1.554969,5,1126.259916
3.274303,19,1127.107664
31.759885,73,1130.325326
19.725915,46,1132.412357
15.2845,38,1134.067633
16.510683,45,1136.006237
2.411633,7,1136.337406
48.888573,176,1144.166457
2.556365,7,1144.481117
2.754192,7,1144.815364
21.379302,61,1147.579051
9.526243,24,1148.628905
20.29133,47,1150.745643
1.949018,16,1160.474131
30.240449,80,1163.981888
15.379441,41,1165.791773
19.572931,74,1168.967913
30.112827,78,1172.415131
18.017894,44,1174.439482
20.630903,47,1176.519022
7.978908,19,1177.382618
54.165024,124,1182.912945
0.732901,16,1183.620348
9.030405,21,1184.532696
9.358044,22,1185.47251
20.171226,44,1187.407789
8.3739,21,1188.325636
2.523268,17,1189.071451
-1.812772,8,1189.423949
5.133029,13,1190.03269
18.250958,80,1193.584096
4.914381,25,1194.749048
7.246431,17,1195.519061
2.236456,17,1196.298104
19.126987,50,1198.525212
12.618509,31,1199.976306
2.884538,8,1200.353232
2.229192,6,1200.626119
8.000583,20,1201.533208
39.030798,117,1206.678712
4.057308,10,1207.117455
6.225451,28,1208.390017
4.506668,12,1208.918154
12.092129,33,1210.378327
4.034351,10,1210.834462
3.458659,20,1211.698597
10.110488,26,1212.881916
21.923688,54,1215.248938
15.65061,37,1216.8679
0.567323,13,1217.446812
22.321981,57,1219.992961
3.978215,23,1221.055622
4.964377,13,1221.64333
31.973293,59,1224.295209
4.206288,22,1225.265491
5.328795,14,1225.927453
27.309153,88,1229.794566
9.780014,23,1230.862339
32.194847,91,1234.923727
2.726341,17,1235.689223
24.172435,73,1238.916707
4.458818,11,1239.401803
15.284108,42,1241.276669
13.317627,34,1242.784528
36.307371,95,1246.990306
2.741197,7,1247.325941
5.026549,13,1247.919705
6.68847,17,1248.673452
16.148567,54,1251.070977
6.418948,15,1260.635838
8.844923,24,1261.668682
14.709764,36,1263.252529
13.362077,34,1264.752819
13.446304,34,1266.290559
11.446292,29,1267.596807
27.803808,102,1272.115602
17.710253,44,1274.062529
6.812491,34,1275.585607
28.018559,93,1279.635704
20.293636,67,1282.543413
10.69391,29,1283.825811
11.180148,27,1285.029399
5.953556,15,1285.693755
36.16951,89,1289.593241
7.984991,19,1290.44493
9.643379,36,1292.068806
3.026377,8,1292.443133
6.390082,29,1293.72593
15.326438,45,1295.684565
13.889735,33,1297.166519
11.398253,29,1298.465368
14.052185,41,1300.275035
9.702631,26,1301.419457
14.983108,40,1303.137291
12.034259,30,1304.423562
52.362435,176,1311.967313
18.916565,57,1314.456549
57.0245,176,1322.062562
13.869851,37,1323.708288
2.497675,7,1324.023014
5.560529,28,1325.252276
14.507762,41,1327.024775
22.99864,54,1329.35029
14.386135,40,1331.16197
8.32412,23,1332.175292
2.02912,6,1332.470855
9.237752,21,1333.413249
7.173952,18,1334.256582
9.627506,38,1335.982427
26.890601,73,1339.190463
32.010412,107,1343.985056
0.949127,14,1344.610805
4.68189,12,1345.172791
44.530483,176,1361.723952
8.651552,22,1362.705372
28.300013,82,1366.314745
7.096187,18,1367.145892
2.607836,16,1367.841209
6.239367,27,1369.018645
36.388465,113,1373.991349
24.174873,87,1377.83076
16.075073,58,1380.389883
14.017689,40,1382.142831
8.427168,20,1383.056687
34.77337,119,1388.190765
2.090657,6,1388.460552
32.362593,79,1391.9015
4.04996,11,1392.402146
19.020801,66,1395.242428
26.468009,79,1398.628687
16.176881,39,1400.345506
19.986558,50,1402.45946
24.545694,67,1405.425533
15.291024,55,1407.875823
3.278018,9,1408.27638
2.436694,19,1409.128983
4.176923,22,1410.075974
38.672372,153,1416.75912
5.640275,13,1417.345729
10.20428,39,1419.07881
6.625657,32,1420.485783
5.386424,13,1421.051085
8.380306,20,1421.929276
12.584554,35,1423.435184
17.77023,53,1425.731294
6.036995,29,1427.009906
9.136935,22,1427.958519
19.428504,62,1430.694298
3.754089,10,1431.150937
3.702421,10,1431.584524
3.621746,21,1432.496152
19.668473,75,1435.836192
4.749923,26,1436.983634
34.548389,98,1441.170811
27.44047,80,1444.726604
6.697739,15,1445.415699
25.243844,77,1448.756421
33.694236,128,1463.23495
9.660415,23,1464.257451
33.688532,176,1471.904013
3.400753,21,1472.830883
15.517591,51,1475.045717
-2.065596,8,1475.42039
6.015979,27,1476.607677
-0.225265,13,1477.195145
9.901566,38,1478.897237
14.262247,45,1480.926203
4.779606,23,1481.938841
44.710371,133,1487.861086
13.092822,55,1490.357709
6.843436,29,1491.659225
4.28101,22,1492.631935
53.778335,173,1500.267845
40.553664,176,1508.135815
54.886721,170,1515.658092
24.998504,77,1519.084755
13.64825,35,1520.644741
3.901784,10,1521.092911
16.368643,63,1523.842475
3.560647,10,1524.286924
22.076422,54,1526.644409
15.079677,38,1528.32332
3.828769,21,1529.272878
9.697846,23,1530.348332
4.902259,27,1531.550023
9.92045,41,1533.442084
2.097937,19,1534.317758
6.653901,16,1535.040845
42.571202,176,1542.657018
8.380036,20,1543.572496
43.17491,152,1559.238094
13.450518,36,1560.823383
7.553031,20,1561.684707
6.333072,34,1563.226815
11.030563,42,1565.122792
47.751062,145,1571.563583
7.606437,19,1572.430898
4.161172,11,1572.934369
1.957833,20,1573.830418
37.043824,139,1579.951216
30.122032,82,1583.468892
7.973771,35,1585.005023
7.765913,32,1586.413496
3.55002,11,1586.918476
15.173536,44,1588.860663
9.935217,42,1590.747838
16.467667,45,1592.762361
3.799986,20,1593.6262
12.987656,50,1595.809864
6.421869,30,1597.157858
28.198285,114,1602.169751
4.89962,25,1603.298687
51.578799,176,1610.882908
11.60649,47,1612.918242
8.849564,44,1614.819597
36.954007,115,1619.767136
12.523221,48,1621.90827
28.788165,90,1625.751645
16.796018,65,1628.568737
2.672033,22,1629.564433
6.904771,16,1630.256512
9.549143,25,1631.349378
10.084191,37,1632.936754
5.098479,24,1633.974123
13.603438,43,1635.811937
10.520504,26,1636.986365
8.013799,21,1637.922505
27.204878,72,1640.969175
6.276483,26,1642.112097
20.475023,59,1644.687871
2.956011,8,1645.060175
55.816732,150,1660.387665
5.642641,28,1661.598011
6.716274,30,1662.885429
55.226451,176,1670.440985
13.778452,40,1672.175603
7.009124,34,1673.615667
9.766538,26,1674.733331
34.989573,176,1682.356535
37.714985,133,1688.024531
11.15738,44,1689.872736
6.363757,33,1691.259386
23.412795,80,1694.695351
8.755278,24,1695.758452
1.379435,4,1695.942557
53.583966,176,1703.467386
7.595735,22,1704.40488
1.287656,4,1704.588669
27.300159,102,1709.006776
5.192944,14,1709.608741
33.263716,99,1713.938025
20.95891,62,1716.650688
1.762455,17,1717.415122
21.119123,60,1719.959843
52.468307,176,1727.443815
37.729402,176,1734.999589
9.852533,43,1736.831641
7.58821,22,1737.781581
15.023797,42,1739.624912
11.322222,36,1741.175482
9.286423,27,1742.329075
10.552671,25,1743.418587
11.764174,44,1754.113085
12.282734,50,1756.276319
13.04316,70,1759.264406
24.79744,98,1763.434114
26.437206,87,1767.172558
50.261667,176,1774.603947
13.935893,43,1776.426525
5.84203,36,1777.985942
35.499457,176,1785.48029
11.410433,45,1787.435668
12.686188,47,1789.482705
44.183812,176,1797.082451
12.800244,49,1799.209218
40.851428,176,1806.77603
11.465155,51,1808.932908
4.7497,25,1810.016936
46.989238,176,1817.436224
11.652351,33,1818.861541
48.944493,176,1826.40438
7.16203,38,1828.055645
17.754208,51,1830.245767
21.548372,94,1834.256299
56.724994,176,1850.536012
15.896331,55,1852.887144
3.818697,11,1853.372997
53.809455,176,1860.752522
7.02783,19,1861.57829
11.418546,43,1863.434685
1.043504,17,1864.169699
34.502445,139,1870.07037
10.96999,33,1871.469804
10.147134,26,1872.591338
44.761683,157,1879.353269
23.659665,75,1882.620871
32.639178,174,1890.027386
14.205643,51,1892.24158
32.486164,117,1897.26789
55.033905,176,1904.751179
21.654292,64,1907.477097
3.576686,24,1908.543356
10.399846,37,1910.124112
58.864206,176,1917.582933
1.20674,17,1918.30694
-3.356009,4,1918.490964
49.56051,176,1925.888345
10.804668,56,1928.373988
24.050066,75,1931.590766
43.443723,176,1947.775
14.502119,69,1950.742645
20.151424,58,1953.20961
44.887156,176,1960.628495
43.421132,176,1968.047016
57.013571,176,1975.441019
17.833833,68,1978.367244
14.382669,60,1980.973539
9.896083,36,1982.548138
55.965299,176,1990.072189
46.500812,176,1997.516076
57.438036,173,2004.884654
47.057133,176,2012.34344
39.65026,176,2019.815091
-2.945198,5,2020.043417
-3.115984,5,2020.270224
56.632477,168,2027.382895
40.830553,176,2043.729155
40.518248,176,2051.118903
8.831187,27,2052.304207
46.031572,176,2059.768298
46.522035,176,2067.164869
44.362012,176,2074.665061
23.006293,116,2079.605594
49.47982,176,2087.124727
8.498247,58,2089.600243
41.964,176,2097.029224
19.078357,82,2100.556833
39.063815,176,2108.040257
48.734542,176,2115.394949
57.178574,176,2122.796464
49.540333,176,2139.24237
-1.25255,11,2139.722097
41.706307,176,2147.031553
48.260528,176,2154.434601
52.818022,176,2161.907779
42.695592,176,2169.36234
44.150721,176,2176.820932
21.900398,125,2182.203466
57.612124,176,2189.641048
59.895218,175,2197.161774
41.153829,176,2204.764541
2.626189,28,2205.997846
4.321976,31,2207.364201
34.275183,131,2212.904363
16.09742,54,2215.229515
49.882214,176,2222.663021
50.271091,176,2239.183336
22.687596,74,2242.373019
57.12092,176,2249.826042
47.886543,176,2257.336154
0.449704,15,2257.999237
6.724936,18,2258.780052
58.688604,176,2266.185176
40.87995,132,2271.835392
56.949031,171,2279.079218
22.096598,95,2283.12409
54.135723,176,2290.608017
17.827085,97,2294.721006
61.70474,176,2302.21561
52.642508,176,2309.675249
35.862697,155,2316.227026
56.519565,174,2332.573773
46.289183,176,2340.05838
22.039092,95,2344.095882
40.937101,176,2351.532338
15.669749,89,2355.298567
54.124048,168,2362.350267
63.415525,165,2369.359581
-2.650998,6,2369.633915
15.333848,75,2372.817925
32.995495,108,2377.39129
50.94661,176,2384.846498
9.830079,35,2386.337825
50.505935,176,2393.751322
48.83285,176,2401.17635
45.046471,176,2408.600936
59.677855,176,2425.054854
8.958011,43,2426.861201
41.566307,176,2434.332747
40.402158,176,2441.824857
49.424258,176,2449.164248
35.153235,95,2453.209543
45.952573,176,2460.575509
44.094856,176,2468.043592
44.928344,176,2475.426111
45.490085,176,2482.857192
18.921627,59,2485.347052
28.788067,135,2490.99518
60.316729,176,2498.306295
37.237739,176,2505.691939
60.879407,169,2521.760654
56.466727,171,2529.02204
45.691743,176,2536.445212
56.344035,176,2543.768835
28.479219,92,2547.640585
21.023279,93,2551.690979
54.289266,176,2559.161801
52.944652,176,2566.593758
53.136238,176,2574.006042
60.814831,160,2580.754973
50.027288,176,2588.162536
59.371198,172,2595.405847
46.716463,176,2602.844003
3.834316,25,2603.926044
61.393436,175,2620.371138
56.107769,174,2627.821976
17.469983,82,2631.270164
24.727729,89,2635.004986
52.92213,176,2642.498655
-1.033785,11,2642.992883
0.384428,15,2643.624778
24.704453,87,2647.304499
6.493854,25,2648.390335
60.408,174,2655.804488
56.513964,172,2662.971906
8.029696,32,2664.37102
63.348443,150,2670.729301
60.864534,169,2677.962034
30.277675,77,2681.282919
28.900343,119,2686.282643
31.368615,92,2690.203021
32.674059,87,2693.909959
49.984747,176,2701.384784
62.975223,161,2717.410326
46.909748,176,2724.779164
39.320678,176,2732.222717
46.928191,176,2739.800343
7.883815,60,2742.409204
39.16204,176,2750.001101
59.547244,174,2757.518113
26.259549,92,2761.545787
51.280319,176,2769.241231
55.497402,166,2776.368742
6.0995,34,2777.849141
10.959225,39,2779.541295
47.785202,176,2787.052433
62.40455,170,2794.234636
57.5676,176,2812.88179
51.561057,176,2820.359097
20.099974,78,2823.743129
64.69085,162,2830.720537
5.268816,15,2831.387711
23.278423,84,2834.97349
59.072796,176,2842.418102
13.548901,49,2844.492714
54.409462,176,2851.959484
51.464833,176,2859.366045
17.737128,65,2862.168082
45.666815,176,2869.707709
50.740324,176,2877.186081
9.587969,48,2879.238264
50.059143,176,2886.741713
52.17393,176,2894.258293
16.643626,60,2896.847137
49.009057,176,2917.281982
28.924022,95,2921.264932
26.054515,69,2924.175615
42.682973,176,2931.696384
64.299989,162,2938.470042
10.763865,37,2940.063425
42.249542,176,2947.512787
53.819364,176,2955.031708
2.262428,19,2955.86917
32.998583,114,2960.741886
19.059213,47,2962.714527
22.848479,69,2965.697676
61.790794,173,2972.97117
9.185385,31,2974.304638
47.488943,176,2981.766325
46.52546,176,2989.250787
15.565371,61,2991.848306
14.384577,41,2993.601498
-2.563707,7,2993.91125
54.196567,176,3013.50476
57.01991,176,3020.938192
7.505193,35,3022.437945
63.596362,175,3029.834056
26.248311,102,3034.176996
45.343302,176,3041.638418
59.464492,176,3049.094857
29.196603,136,3054.835169
25.434533,86,3058.506139
36.655136,117,3063.470484
53.619272,176,3070.984444
47.095655,176,3078.443829
2.686718,22,3079.416505
25.651123,90,3083.258565
47.031513,176,3090.721957
49.880493,176,3109.399307
52.765695,176,3116.822235
60.158904,176,3124.305079
47.624522,176,3131.804132
3.786533,21,3132.730165
50.506401,176,3140.210425
51.45231,176,3147.687135
3.933895,21,3148.600786
51.618249,176,3156.085239
24.8832,120,3161.216817
6.33972,17,3161.971522
55.744208,176,3169.431948
23.844528,102,3173.728273
55.242551,176,3181.243066
-1.860541,8,3181.594645
40.01974,130,3187.175767
34.070606,110,3191.882698
36.838531,118,3207.446042
51.037854,176,3214.923075
60.070051,175,3222.387499
62.005204,171,3229.667664
63.207464,174,3237.114532
1.943937,18,3237.882346
65.142329,171,3245.102407
12.603078,44,3246.997383
13.209667,52,3249.222537
9.130298,48,3251.286826
60.174363,176,3258.77654
-2.952548,5,3259.004763
63.995811,171,3266.281213
20.352308,55,3268.596711
48.740465,176,3276.044667
27.169205,94,3280.005416
62.770352,175,3287.302593
36.467002,98,3291.492825
61.435299,176,3309.833613
16.819246,76,3313.103698
62.518307,176,3320.609617
55.351994,176,3328.089753
9.784868,40,3329.814079
54.89859,163,3336.742604
52.517791,176,3344.199012
17.505652,68,3347.056365
30.209754,159,3353.852666
59.117668,155,3360.411554
48.039416,118,3365.479612
20.6329,67,3368.322313
12.154928,43,3370.181764
41.500209,151,3376.599525
34.112427,135,3382.331062
61.152276,176,3389.801723
38.624123,149,3406.628121
60.641628,172,3413.826173
24.529156,97,3417.883631
9.202149,37,3419.488111
57.84719,168,3426.571955
5.294881,26,3427.703246
64.710401,154,3434.289808
14.621744,60,3436.882527
10.360603,31,3438.209147
36.993011,101,3442.502486
32.324495,109,3447.170291
59.516685,171,3454.410367
15.450985,51,3456.595951
63.031628,168,3463.749551
27.474816,82,3467.241842
3.131701,24,3468.278363
1.442294,16,3469.022308
0.516095,15,3469.678322
64.258952,174,3477.062832
11.091197,37,3478.628602
59.996674,173,3485.884042
51.172544,176,3503.458865
60.115041,176,3510.981621
56.177152,176,3518.421676
5.118735,15,3519.059818
26.281455,92,3523.000549
10.274938,45,3524.920052
47.916786,176,3532.352038
8.819277,45,3534.317413
0.804938,17,3535.060281
10.802797,38,3536.693777
60.951858,164,3543.627252
51.226344,176,3551.142108
28.364356,121,3556.227593
64.108296,171,3563.458492
10.072652,48,3565.545791
17.892696,52,3567.781539
9.053683,32,3569.157359
66.342287,147,3575.425277
59.267471,166,3582.426678
18.143116,64,3585.171708
10.14513,43,3596.654212
55.766121,172,3603.872864
34.585755,111,3608.59523
63.012855,164,3615.523251
12.888927,49,3617.629422
8.874732,25,3618.711817
46.375844,176,3626.220562
53.998039,176,3633.628433
26.779956,87,3637.319606
2.298442,21,3638.213938
35.642654,87,3641.859792
28.626924,69,3644.83454
62.848141,156,3651.485816
46.611155,176,3658.911725
60.069439,174,3666.316305
28.453514,75,3669.479815
58.792449,172,3676.684133
54.925137,176,3693.400368
12.761465,43,3695.265994
59.888106,171,3702.479239
19.474336,57,3704.916742
55.785439,176,3712.325353
13.25094,58,3714.826965
53.693347,176,3722.309468
51.650956,176,3729.780401
24.024545,67,3732.666661
14.268273,49,3734.771569
6.574733,41,3736.540327
53.715049,176,3743.953261
15.708706,59,3746.522099
55.589393,176,3753.97168
14.844973,39,3755.647709
59.592252,172,3762.958061
61.978665,169,3770.121463
61.675213,172,3777.353582
14.966697,40,3788.221246
56.855232,175,3795.621704
8.098588,24,3796.635938
59.671926,173,3803.987068
5.228691,29,3805.235265
0.508736,17,3805.982309
10.781706,46,3807.949281
13.87731,46,3809.936811
56.707814,176,3817.371587
9.608432,23,3818.359358
12.45543,65,3821.194415
62.517099,172,3828.506397
8.4113,39,3830.189455
62.457274,158,3836.917751
62.917321,158,3843.676436
58.701663,172,3850.97879
60.021854,159,3857.720824
50.989305,176,3865.150085
53.529313,176,3872.612894
13.035049,55,3884.152384
59.65012,173,3891.526924
10.937891,43,3893.365713
16.12971,66,3896.145951
15.719785,43,3897.92697
25.40693,68,3900.792818
60.188546,172,3908.059897
11.077215,30,3909.379993
58.404475,174,3916.797637
21.527747,56,3919.169446
58.771118,175,3926.677171
56.667621,160,3933.428937
61.974744,166,3940.435035
56.76586,176,3948.058888
18.319904,71,3951.111785
60.0771,168,3958.287394
14.97961,62,3960.97999
-1.479543,9,3961.377059
20.605844,56,3963.796387
25.955548,72,3966.930995
40.107783,169,3983.248561
20.893425,56,3985.659494
59.4942,172,3992.886405
41.901952,113,3997.692164
60.137754,170,4004.90935
63.713838,173,4012.241031
64.034968,162,4019.121102
1.306816,4,4019.30415
61.73792,167,4026.48289
59.56576,160,4033.241711
54.920493,176,4040.647911
28.649222,94,4044.639698
5.453787,16,4045.340828
14.902903,64,4048.076605
10.97733,44,4049.952733
12.337519,46,4051.959519
8.991076,27,4053.121249
4.328731,12,4053.640469
12.616039,35,4055.141771
64.513087,159,4061.858175
57.474218,176,4078.515781
22.952579,93,4082.444618
15.090056,65,4085.231434
27.354902,77,4088.427855
62.679006,161,4095.262293
58.843393,163,4102.209097
4.080136,12,4102.731513
8.773927,21,4103.609061
14.019623,56,4105.971261
66.658316,156,4112.517377
60.006583,173,4119.77598
13.948843,52,4121.986476
56.596116,176,4129.485287
8.920523,42,4131.317066
38.121845,104,4135.72851
6.579436,30,4136.996861
35.033922,132,4142.580077
12.491626,49,4144.672386
4.52204,28,4145.896444
21.559655,70,4148.940528
63.665157,167,4156.025256
9.923037,39,4157.696771
14.291221,41,4159.44253
46.926666,176,4176.342488
31.021743,89,4180.191318
33.051822,117,4185.137528
25.462452,78,4188.438315
58.786326,176,4195.805555
9.335639,27,4196.97245
1.086478,16,4197.659572
60.085323,158,4204.311349
9.405819,25,4205.410742
61.674932,166,4212.447942
57.016462,169,4219.654963
2.219899,6,4219.923985
5.573082,31,4221.247436
23.721822,71,4224.26009
40.295774,131,4229.806858
61.712607,176,4237.222315
7.972429,42,4239.015271
6.535134,18,4239.81608
53.800297,176,4247.327152
8.868388,27,4248.509242
52.777279,170,4255.736146
15.580479,62,4258.31295
9.797534,41,4269.265712
57.626905,168,4276.435915
29.410213,92,4280.313128
60.04905,174,4287.606747
12.537485,35,4289.107546
64.255336,156,4295.712483
53.321332,170,4302.967491
3.96112,11,4303.444013
12.600784,48,4305.52218
11.011808,43,4307.346925
44.593265,142,4313.264299
21.250744,74,4316.332354
25.537235,70,4319.3048
58.108083,166,4326.290013
8.413654,23,4327.264314
24.392286,72,4330.284026
0.291689,14,4330.905065
46.257728,134,4336.539383
11.440104,48,4338.596068
26.455019,84,4342.116683
5.717346,16,4342.796111
13.26186,37,4344.350584
-1.866179,8,4344.701677
43.171434,118,4349.649471
28.301247,78,4352.967768
40.599556,110,4366.831504
48.972861,176,4374.251698
33.036871,97,4378.379946
36.123001,113,4383.109904
21.644113,74,4386.327896
4.284264,26,4387.456119
50.134994,171,4394.692986
9.816048,44,4396.545216
34.897927,106,4400.987707
64.642162,160,4407.745292
3.661202,24,4408.777126
4.094269,12,4409.303016
27.239992,92,4413.185266
25.675234,70,4416.195133
16.619467,59,4418.710639
34.013857,115,4423.606592
6.165355,35,4425.094429
59.126741,161,4431.90144
2.061265,19,4432.727286
57.21994,176,4440.197344
36.487763,130,4445.784027
22.938435,81,4449.198302
28.317576,92,4462.306482
58.062942,172,4469.647263
55.158372,160,4476.4459
28.18651,89,4480.242623
9.9524,43,4482.065596
21.770099,73,4485.178868
14.576094,55,4487.484164
21.737893,76,4490.641561
4.882601,29,4491.910409
43.451982,127,4497.25385
41.579292,105,4501.673341
27.907085,93,4505.604768
56.227303,172,4512.748182
38.460203,134,4518.521092
24.226296,66,4521.303379
65.330915,151,4527.671119
16.980497,44,4529.596839
21.665353,70,4532.606408
37.454442,112,4537.391844
36.378597,114,4542.182952
54.806656,176,4558.666289
22.499396,75,4561.819919
62.998763,168,4569.007245
41.603194,146,4575.33499
8.966537,25,4576.441929
33.360317,110,4581.296581
27.948244,94,4585.361364
51.816457,176,4592.895753
58.434056,175,4600.32673
7.727732,23,4601.303535
61.722861,165,4608.238314
49.045066,140,4614.11625
33.924829,116,4619.038744
9.103636,42,4620.850653
39.173347,124,4626.062297
60.264201,171,4633.26252
59.791476,176,4640.726283
24.334071,83,4653.412122
58.688156,151,4659.883992
15.222593,60,4662.413107
11.367401,38,4664.005301
2.698592,21,4664.909189
1.616925,5,4665.147491
12.304323,49,4667.25655
12.708673,47,4669.262811
59.065573,176,4676.638545
23.348652,67,4679.472963
28.310802,71,4682.513193
16.564084,55,4684.845189
62.02672,147,4691.015002
13.060585,35,4692.502728
62.022327,162,4699.41145
17.479408,44,4701.307933
64.273627,165,4708.325804
22.883724,57,4710.75972
6.166286,17,4711.544813
19.148904,59,4714.083941
7.986901,22,4715.0505
19.011268,46,4717.137395
61.524379,166,4724.201117
32.345276,119,4729.394164
61.346201,154,4736.124726
26.237971,71,4739.163013
20.485758,64,4751.114862
57.797744,175,4758.597851
48.560275,120,4763.7448
61.757424,165,4770.981281
15.893911,52,4773.254722
8.023271,23,4774.267453
60.027495,169,4781.641745
30.286879,78,4784.979019
60.88423,153,4791.479854
4.38165,11,4791.984952
57.225369,176,4799.609746
58.17369,163,4806.689462
5.424222,15,4807.365914
5.132311,15,4808.029203
36.512806,104,4812.504741
32.01279,98,4816.667924
33.423864,109,4821.343861
22.564338,84,4824.879349
49.257295,176,4832.468562
29.056957,88,4836.23852
0.735372,15,4836.897398
60.405067,171,4853.412269
6.810328,18,4854.189306
9.078403,27,4855.311878
19.15906,68,4858.24213
57.346797,167,4865.44346
44.450483,149,4871.844079
48.570464,168,4879.06091
1.305426,16,4879.739823
6.985733,32,4881.094007
59.625468,163,4888.009731
44.650956,163,4894.914315
32.54528,105,4899.34551
56.79876,133,4904.947429
59.186234,168,4912.049085
56.526514,163,4918.903603
42.331578,119,4923.918169
18.733272,66,4926.737882
58.182649,165,4933.757238
38.962197,156,4949.679405
54.089144,176,4957.032889
38.86634,104,4961.387214
9.655411,26,4962.558877
60.22459,176,4970.099324
11.455599,31,4971.429102
39.247049,156,4978.000281
5.231338,15,4978.667843
54.058668,176,4986.074269
47.209523,151,4992.479995
5.786614,16,4993.22061
25.631115,88,4996.994582
43.524044,129,5002.479212
10.250141,44,5004.351643
6.330394,17,5005.091381
46.676968,147,5011.320148
13.569638,50,5013.418923
20.769204,63,5016.114942
53.39012,176,5023.532616
14.159912,57,5025.965949
53.235911,169,5042.545767
0.379747,15,5043.210772
16.261997,58,5045.692834
59.380013,166,5052.901829
55.836465,176,5060.582899
50.580935,176,5068.096683
4.797378,28,5069.315478
37.650915,138,5075.238978
60.289434,156,5081.749579
3.150533,9,5082.142819
51.346994,157,5088.759615
23.202888,66,5091.513308
0.825878,17,5092.256256
29.747748,102,5096.600715
33.338025,110,5101.250561
53.690868,176,5108.56616
43.227759,144,5114.563787
53.036444,176,5121.87722
24.043048,87,5125.543891
29.88459,98,5138.907873
4.826447,15,5139.561067
23.850917,75,5142.72256
61.339331,144,5148.780822
15.393552,42,5150.522058
7.255053,20,5151.353103
4.428124,13,5151.901815
3.780745,11,5152.377825
33.568885,87,5156.062366
46.715142,176,5163.438385
6.260144,18,5164.211559
43.856898,176,5171.591057
57.264053,175,5178.881335
3.000739,9,5179.267087
55.766105,174,5186.48401
35.918045,108,5190.998934
3.527094,10,5191.450015
59.485479,156,5197.90608
60.150639,160,5204.597401
49.287428,165,5211.429961
15.768773,51,5213.563697
57.708352,173,5220.677289
30.59994,79,5233.248637
53.961024,174,5240.392204
67.688615,139,5246.095011
17.003829,50,5248.208672
33.693902,102,5252.507827
43.630556,143,5258.462106
12.01492,44,5260.292456
41.374993,127,5265.565463
1.043086,16,5266.25932
55.451762,176,5273.575104
45.138833,140,5279.405075
54.74215,174,5286.726228
49.085887,122,5291.710262
-0.771566,10,5292.138268
54.814833,170,5299.187219
42.546761,130,5304.545259
12.074029,51,5306.715614
14.453192,57,5309.090009
21.214465,82,5312.523608
61.251787,170,5328.869425
30.533435,92,5332.732575
46.46975,176,5340.052739
28.593351,87,5343.697747
45.138972,141,5349.661144
31.156951,96,5353.656115
58.978051,161,5360.403613
10.953651,42,5362.199675
56.343833,167,5369.16767
-1.295996,10,5369.594837
63.132468,154,5378.768565
55.505673,176,5391.438389
40.472452,126,5401.122896
53.698553,176,5414.684204
53.160382,153,5426.69087
62.205509,157,5438.811671
3.091139,9,5439.522977
50.462712,176,5466.368582
14.916344,60,5471.029523
25.84826,93,5479.077576
20.050398,56,5484.051805
11.578831,43,5488.051899
51.933148,176,5503.273935
11.367834,39,5506.735479
12.918179,37,5509.918017
8.096804,39,5513.071479
32.717917,133,5523.617044
38.154245,115,5533.074775
56.312671,167,5547.120971
53.292578,176,5562.067657
49.608701,176,5577.124466
59.733659,173,5591.683261
51.836746,176,5606.159275
11.430119,49,5610.026859
56.780299,163,5623.943307
59.37373,168,5650.348132
5.565737,26,5652.566228
57.158305,176,5666.993587
45.278149,176,5682.168789
25.093903,88,5690.042548
19.97022,75,5696.581048
20.061368,80,5703.173559
12.785975,51,5707.651601
0.208059,12,5708.851104
19.903386,75,5715.593247
23.752222,77,5722.019833
18.309003,55,5726.377147
14.341375,54,5730.862409
38.422084,119,5740.294068
-1.749676,8,5741.015543
40.937354,114,5750.459518
-1.198955,9,5751.166619
53.386288,176,5765.945619
27.964447,91,5773.453274
43.409226,132,5784.522754
29.312387,73,5790.561856
43.468565,98,5798.957904
59.738973,176,5826.285799
11.542362,45,5829.858805
11.202567,44,5833.355737
7.093827,34,5836.28256
9.505926,42,5839.529392
8.610057,39,5843.098901
8.857127,37,5846.366446
55.003134,176,5860.814813
6.718598,36,5864.203782
2.116026,20,5865.738686
27.729999,73,5872.173636
57.309751,168,5886.476999
15.357,57,5891.576175
-1.065837,10,5892.640944
0.845353,16,5894.013537
32.004884,102,5902.413555
21.955657,80,5909.81291
53.712585,176,5926.421893
2.90525,23,5928.485486
61.501777,148,5942.320685
58.022958,163,5957.45737
56.542615,176,5972.971801
16.74197,47,5977.190651
4.503867,24,5979.449989
32.292665,109,5988.577855
55.727296,166,6003.006133
11.356782,30,6018.036427
18.734725,53,6022.651464
49.475333,145,6036.181663
6.832912,20,6038.097997
57.04897,176,6054.307804
52.831626,176,6071.429328
7.859437,22,6073.50472
47.882791,135,6085.977727
8.4534,39,6090.057738
55.22378,174,6105.823215
12.504606,48,6109.890562
51.01789,176,6125.249472
58.166927,161,6139.767207
22.381407,77,6146.703005
61.276237,161,6160.731205
6.468947,17,6162.231456
21.107866,90,6170.227069
64.724122,140,6182.687951
21.898107,61,6188.255002
40.386493,114,6198.054458
36.047671,111,6220.747657
3.535206,22,6222.6527
20.722665,72,6228.911661
28.436854,100,6237.693123
45.813867,156,6252.127945
46.203141,136,6264.098315
26.014238,88,6271.802194
38.741301,128,6283.202206
10.080456,42,6287.299837
61.84011,160,6301.248299
35.679391,115,6311.410544
60.333013,161,6325.613249
19.059315,61,6330.966604
37.9486,130,6342.404253
-0.32778,11,6343.429417
60.682695,159,6357.236459
41.940199,135,6369.148765
15.5802,59,6374.603935
27.984774,86,6382.308387
38.80917,138,6394.389525
45.808798,123,6417.558354
52.88886,141,6429.795547
11.633561,31,6432.576848
25.667945,122,6443.932228
33.109799,120,6454.80256
54.176694,176,6470.193349
17.565679,63,6476.062935
56.530604,174,6491.586246
54.480357,176,6507.154603
30.441834,94,6515.97872
47.28992,167,6530.71497
54.349633,176,6546.41281
28.604077,111,6556.182912
-0.728242,11,6557.124424
6.014551,17,6558.601766
26.670328,90,6566.390077
40.97999,105,6575.591562
52.805544,174,6590.669566
16.631497,44,6606.658563
11.679104,45,6610.576785
1.302137,4,6610.985361
11.316231,31,6613.559159
57.061447,173,6628.702085
26.932557,85,6636.316011
54.461432,156,6650.466053
20.393022,53,6654.824868
10.25777,27,6657.320828
6.049608,18,6658.924566
57.03634,176,6674.115222
56.732173,165,6688.757191
4.437641,12,6689.806517
6.493366,17,6691.165146
19.886743,46,6695.22013
57.117115,176,6710.837968
10.594884,38,6714.609262
29.497979,103,6723.473092
45.71581,110,6732.838308
56.469751,173,6748.274499
33.570188,110,6757.509237
8.9834,40,6761.189111
19.812734,49,6766.480311
0.896063,18,6768.189294
31.978956,108,6778.037333
23.79169,71,6784.610957
19.831681,52,6801.531343
54.235599,172,6817.555595
59.230555,166,6831.923979
43.378371,107,6840.162204
19.80369,77,6846.759115
27.399351,77,6853.884168
20.588133,54,6858.814691
36.162121,93,6867.421448
16.617718,58,6872.492311
19.602886,57,6877.419894
55.188,167,6892.358069
34.146642,128,6902.921394
49.779574,152,6916.340105
26.887207,89,6924.503016
6.820161,18,6926.121718
10.034099,35,6929.561819
30.57681,87,6937.042774
58.076003,176,6952.493845
58.792471,166,6967.055457
12.427145,48,6971.214425
