#{"t_start": 1773994660.8883924, "env_id": "continuous-highway-v0"}
r,l,t
5.36511,13,9.225633
6.387124,15,9.663724
4.918339,13,10.048731
5.806871,14,10.44435
5.959892,14,10.857874
5.947087,15,11.291852
6.108941,15,11.72631
4.115838,12,12.036418
6.381376,16,12.480704
5.482302,14,12.859655
5.063224,13,13.220128
5.281066,14,13.59913
6.056172,14,13.977486
1.123693,15,14.382645
5.963165,15,14.786885
5.464917,13,15.146462
6.170653,15,15.563293
7.208572,16,15.991607
1.927365,15,16.391233
5.515145,14,16.772421
5.734161,13,17.11927
6.483491,15,17.494702
1.801887,15,17.892763
1.854563,16,18.308159
5.342053,14,18.689618
4.402486,12,19.008386
0.644719,14,19.375031
4.781689,13,19.732133
2.423718,17,20.184704
6.096328,14,20.563498
0.630555,14,20.944146
6.251432,15,21.346825
1.403564,15,21.74906
6.36059,15,22.151563
6.712322,15,22.555854
5.542882,14,22.94009
5.308743,13,23.285812
5.622008,13,23.643993
6.847093,15,24.046582
6.260904,15,24.448398
5.327571,13,24.802054
5.785103,14,25.166216
5.596711,13,25.507665
6.050389,15,25.897928
7.129754,16,26.309036
2.083173,17,26.768629
5.084332,13,27.125395
6.091387,14,27.492698
6.818693,15,27.900152
0.30703,13,28.240906
5.664362,14,28.633851
5.713472,13,29.000766
4.824233,13,29.353489
6.095433,14,29.722809
5.799805,14,30.104958
5.734536,14,30.48396
5.591398,15,30.887719
2.105323,15,31.289834
6.285828,15,31.692004
6.307228,14,32.059222
1.231294,14,32.424262
6.259899,15,32.818625
1.359678,15,33.218827
6.033637,14,33.582135
1.88137,15,33.983164
6.18935,14,34.358742
5.221061,14,34.734907
5.393672,14,35.112894
6.28174,15,35.513623
6.543507,16,35.938576
6.721159,15,36.339731
5.551655,13,36.681658
3.811602,12,37.001101
2.171828,16,37.428144
4.959428,13,37.770022
3.947894,11,38.08251
5.322449,13,38.438674
5.86145,14,38.81702
5.777102,15,39.206096
1.028881,14,39.586878
6.515751,15,39.989236
5.143079,13,40.331465
6.211886,15,40.733703
6.232803,15,41.139072
2.241432,16,41.565568
5.974288,14,41.930902
5.075256,14,42.311939
0.609218,15,42.719866
5.019223,13,43.069888
5.106854,12,43.389172
7.907247,19,43.910416
5.651737,13,44.254752
1.359476,15,44.658511
5.249032,13,45.002699
6.430581,15,45.406331
5.235226,13,45.763049
6.14408,15,46.16692
6.593326,15,46.55522
0.748405,14,46.937858
4.707458,12,47.270234
6.23401,14,47.64898
6.022134,15,48.054919
2.288655,16,48.482372
1.590327,16,48.908932
5.119989,13,49.265806
5.067949,13,49.629514
5.195927,13,49.995123
7.46019,18,50.48385
5.600254,14,50.83737
4.269321,12,51.156482
4.801213,12,51.47431
7.652963,16,51.899205
6.710127,15,52.287096
0.301089,14,52.6651
0.829741,14,53.033322
1.729133,14,53.398587
6.793035,16,53.810573
6.198829,16,54.222125
4.309516,12,54.541151
7.423949,17,55.002388
7.697739,17,55.449898
4.937155,13,55.805114
5.739131,14,56.184612
5.066673,13,56.526963
5.566841,13,56.87168
5.977216,14,57.250216
0.944675,14,57.630599
2.559487,17,58.085475
4.911457,13,58.427176
5.637642,14,58.792274
6.428107,14,59.177082
0.205633,13,59.539837
5.284797,14,59.925994
4.40093,12,60.264479
6.07473,15,60.675199
6.096558,15,61.086728
6.019595,15,61.498338
3.981196,12,61.81971
6.086557,15,62.237972
5.501319,14,62.625618
5.234163,13,62.961632
4.467522,12,63.301953
6.357166,15,63.716483
4.486151,12,64.058721
5.456942,13,72.131266
5.601825,13,72.498114
0.636052,13,72.852572
0.868904,15,73.274299
5.436611,13,73.665358
4.653941,12,74.019198
5.538072,13,74.402671
5.40726,14,74.804799
5.257858,14,75.219487
5.164217,13,75.597739
6.490465,15,76.052092
5.844259,14,76.471002
5.557613,13,76.843741
5.69024,15,77.27318
1.851035,16,77.739042
4.31323,12,78.075922
4.711107,13,78.435778
5.688816,14,78.818866
6.147899,15,79.223696
6.276016,16,79.647514
6.021458,15,80.048073
5.782716,14,80.434713
6.369068,16,80.886996
6.154272,15,81.295024
5.608952,13,81.639682
5.281913,13,81.986681
7.621536,18,82.489934
6.44307,15,82.885221
5.904395,15,83.275547
5.138384,13,83.607901
4.971248,12,83.91848
6.214496,15,84.323972
6.189833,15,84.726562
6.215257,15,85.130011
3.963591,12,85.437227
1.546971,15,85.828197
6.490135,14,86.199847
6.206306,16,86.645424
5.929541,14,87.033434
4.172675,12,87.369374
4.939804,13,87.727626
6.220938,14,88.127361
5.505794,14,88.523012
5.917475,15,88.944988
5.842845,15,89.366037
5.148563,14,89.761634
6.411971,16,90.213416
5.436779,14,90.616729
6.462938,15,91.04049
4.234912,12,91.392235
5.537383,14,91.77752
5.377979,14,92.164356
6.521463,16,92.637237
5.135701,13,93.011558
0.905114,14,93.405039
6.292129,15,93.828857
6.836349,16,94.270993
6.111625,15,94.686993
6.038911,15,95.099676
6.154615,15,95.535194
5.671029,14,95.925444
5.492004,14,96.304002
5.582392,14,96.66912
4.744947,13,97.011033
6.119481,14,97.388246
6.313373,14,97.766773
1.139181,15,98.159177
4.850756,13,98.503961
6.50538,15,98.908666
4.915828,13,99.252294
6.60741,15,99.641723
5.706855,13,99.972979
5.912346,14,100.365896
5.242278,13,100.720559
6.042093,15,101.137735
5.331802,14,101.515947
5.953165,14,101.907671
5.851268,14,102.298568
2.505001,16,102.740893
1.461886,15,103.162492
6.083115,14,103.553936
5.40712,14,103.948222
0.704164,14,104.339538
1.676527,16,104.793417
1.104785,14,105.188448
5.229943,13,105.560103
4.562901,13,105.928247
5.888146,15,106.346141
5.897109,14,106.72395
5.634551,14,107.116488
5.962196,15,107.519657
4.627747,12,107.871716
5.990821,14,108.252351
1.88188,17,108.720653
4.874583,12,109.069791
0.893489,14,109.466853
4.665207,12,109.802215
6.20182,15,110.221138
6.662799,14,110.620086
5.676793,14,111.019301
5.929806,15,111.43648
5.276913,13,111.805085
5.169309,14,112.201519
3.806494,12,112.549741
4.874631,13,112.914321
5.756579,15,113.332663
5.088253,13,113.689393
5.214336,13,114.059911
0.845849,14,114.438523
5.41187,13,114.793263
6.253109,14,115.171565
1.474649,14,115.552272
5.628298,14,115.938057
5.467778,13,116.310395
6.191291,15,116.732217
6.251686,14,117.120105
5.043857,13,117.478566
5.751585,14,117.880949
5.007597,13,118.264417
5.230315,13,118.621539
5.058616,13,118.96692
1.559075,15,119.398811
6.715099,15,119.802333
4.908654,13,120.145094
5.808606,14,120.525379
1.319925,14,120.920041
4.741422,12,121.266178
1.433661,15,121.686712
5.520857,14,122.087391
5.702054,15,122.507774
6.250736,15,122.921057
6.379136,15,123.32813
1.902091,15,123.735118
1.208583,14,124.131697
1.218818,15,124.537528
5.783275,14,124.906168
5.878412,15,125.312528
0.975497,15,125.705948
4.941847,13,126.064766
5.924929,14,126.460871
2.941304,18,126.970065
5.447638,14,127.352705
6.156309,15,127.777194
0.714731,13,128.156178
6.846857,15,128.567464
5.849998,15,136.975897
3.734847,12,137.309443
5.456741,15,137.732133
5.959944,14,138.118009
6.64308,15,138.537076
4.911602,14,138.946712
5.444442,13,139.292634
3.678129,11,139.603864
4.315664,13,139.9753
5.118788,14,140.373416
4.927065,12,140.708523
6.242225,14,141.090359
4.479796,13,141.445405
4.105271,11,141.766586
5.10239,13,142.133481
5.809356,15,142.546623
7.168293,18,143.050751
4.331277,12,143.378935
5.175966,13,143.746562
5.609244,15,144.161152
6.252759,15,144.563081
5.675974,14,144.941087
4.539281,12,145.285504
5.072324,13,145.625992
6.666934,16,146.067657
6.158653,15,146.471153
6.857307,15,146.88976
6.104973,15,147.306822
5.988417,15,147.709657
2.44767,16,148.15296
6.124216,15,148.568693
4.738997,13,148.923583
1.293431,15,149.328263
6.348259,16,149.770902
2.039783,16,150.212821
6.211705,15,150.629275
5.458151,14,151.022602
5.865088,15,151.439126
5.19309,14,151.831781
5.72971,15,152.250077
0.539139,14,152.642755
6.543325,16,153.088314
4.577516,12,153.432321
4.453152,13,153.80094
4.407695,12,154.130921
5.803934,14,154.509171
6.593423,16,154.950451
5.875755,14,155.343012
5.49484,14,155.735
5.895174,14,156.127071
6.263855,15,156.530914
6.457729,16,156.961121
6.836778,16,157.404286
0.701243,14,157.803128
4.994086,13,158.181442
2.226283,17,158.635641
5.38741,13,158.992665
6.944309,17,159.459142
1.388317,15,159.88226
5.960815,14,160.275799
1.798088,15,160.693673
7.493709,19,161.224006
5.281632,13,161.582642
6.050718,14,161.980712
5.757122,15,162.399186
1.419862,15,162.816953
6.056637,14,163.216382
1.142825,15,163.635269
5.531379,13,163.992337
5.850855,15,164.396698
6.087373,14,164.763575
6.28858,14,165.144897
5.886516,15,165.535403
1.889921,15,165.929006
6.229867,16,166.36947
5.663468,14,166.736273
5.2682,13,167.079909
6.098932,15,167.482924
3.479398,11,167.802144
1.387619,15,168.213784
4.881882,13,168.558864
0.567642,14,168.928884
4.944306,13,169.287279
5.50367,14,169.656034
4.879801,13,169.99094
4.18328,12,170.337051
6.301844,15,170.75851
4.928827,14,171.153249
7.472812,18,171.642871
4.850247,13,171.99924
5.862322,15,172.420208
5.634081,15,172.841041
5.55354,14,173.22518
5.526431,13,173.596623
5.257589,14,173.975512
5.290744,14,174.368232
6.266141,14,174.746908
1.211426,14,175.140606
1.475273,15,175.560294
5.390969,13,175.931672
6.130254,15,176.347898
5.75409,15,176.750579
1.132205,15,177.166532
6.097016,15,177.566839
5.663553,15,177.974277
4.180322,12,178.290354
2.370938,16,178.740649
4.799993,13,179.089738
1.612304,15,179.499548
6.892046,17,179.97245
4.108181,12,180.298932
0.640421,14,180.673509
1.020019,15,181.09051
5.751993,15,181.50801
0.967181,15,181.93027
4.745558,14,182.327096
6.678266,15,182.745029
4.948007,13,183.120201
0.846717,15,183.537273
3.276214,11,183.858684
6.258495,15,184.27827
4.553212,14,184.646449
5.786037,14,185.030437
3.700258,11,185.33956
5.330497,13,185.711913
5.181834,13,186.084175
1.179878,15,186.506213
5.868921,15,186.926882
4.698929,12,187.261205
6.160537,14,187.660505
5.249231,13,188.037828
5.583141,14,188.433811
0.841139,15,188.852657
6.326494,16,189.297407
5.649034,16,189.727293
3.970045,13,190.098364
6.357539,16,190.541049
6.305873,16,191.000059
6.195209,15,191.420353
0.926321,14,191.802806
4.960228,13,192.162002
5.480237,14,192.544737
5.121657,14,192.925952
4.546165,12,193.271454
5.262333,14,201.740054
5.842281,17,202.203142
1.909305,16,202.630414
6.363146,16,203.059514
6.030187,17,203.509145
5.969234,16,203.94701
5.677061,14,204.339693
4.776498,13,204.705351
7.021404,18,205.192781
4.862012,14,205.585578
7.164617,16,206.014001
1.378752,15,206.428137
5.576996,14,206.821045
5.152045,14,207.210915
5.144886,15,207.610171
5.316584,13,207.980418
5.119894,13,208.346215
5.839836,15,208.74808
6.30088,16,209.187986
5.497476,14,209.578173
6.664812,16,210.030112
0.759867,14,210.407677
5.794785,14,210.801059
5.420731,15,211.215987
5.226788,14,211.591994
1.540531,17,212.068448
4.381349,13,212.433205
6.885574,16,212.871546
7.265871,17,213.335706
5.555498,14,213.711032
7.041729,17,214.173681
0.997129,15,214.588765
5.346267,14,214.963487
5.570345,15,215.377454
6.219498,16,215.817402
6.056336,14,216.208423
5.782554,14,216.598103
7.005318,16,217.024854
5.758737,14,217.392865
4.853742,13,217.750713
5.274352,14,218.121252
5.735847,15,218.525273
5.294403,14,218.893809
6.007186,15,219.283731
1.259547,15,219.674411
7.221801,17,220.124905
6.278463,16,220.541056
3.63423,12,220.862518
5.544443,15,221.253429
5.764549,15,221.645616
1.71512,15,222.051566
6.183166,16,222.477737
4.814286,13,222.833965
1.847922,16,223.26555
6.150721,15,223.66866
7.048248,17,224.104703
5.324004,14,224.484176
4.969757,13,224.842012
6.204195,17,225.292826
1.053581,15,225.683542
4.609506,12,226.015254
2.828806,18,226.487464
6.564069,16,226.898644
6.696053,17,227.348513
0.72006,14,227.715605
0.088566,13,228.061258
6.511843,16,228.486519
1.882586,17,228.935035
5.15168,14,229.274241
2.403191,17,229.71047
0.199372,13,230.054397
1.396955,15,230.443151
6.354104,16,230.856394
5.764173,16,231.27098
5.779618,14,231.623922
5.498168,15,232.028758
7.485592,18,232.51579
4.52623,13,232.859266
6.671026,16,233.290516
6.647167,16,233.732433
6.497742,15,234.122123
7.953198,18,234.608684
6.35225,16,235.033539
6.202743,15,235.43596
5.381951,14,235.790178
4.557888,13,236.120608
5.713969,14,236.474606
5.589308,14,236.840248
6.335105,15,237.243202
2.345398,17,237.693095
6.227204,16,238.110645
6.256298,16,238.531816
5.389247,15,238.948732
4.666932,13,239.319773
6.386467,15,239.725306
6.304677,15,240.144236
7.336024,17,240.610836
6.985705,18,241.101575
6.247762,16,241.530535
5.108443,14,241.912077
6.890261,17,242.391964
4.268447,12,242.724983
5.800016,14,243.095958
5.409046,15,243.513894
7.109015,16,243.95595
5.403755,14,244.338518
5.238183,14,244.718647
4.414974,13,245.087388
6.162015,16,245.525718
4.934565,14,245.903554
5.755547,14,246.295342
1.517567,15,246.712891
6.690509,16,247.155848
5.787063,15,247.560538
4.661803,13,247.932284
1.90268,16,248.378756
4.323896,12,248.710221
5.50938,14,249.103448
1.846417,16,249.545853
6.592556,16,249.991113
3.932269,12,250.337189
0.815814,16,250.770647
5.457591,15,251.183377
5.202295,14,251.579311
6.957933,16,252.023979
6.085108,17,252.492705
5.955422,15,252.912034
4.969231,14,253.311901
5.570686,15,253.718795
1.648992,17,254.186867
5.143434,14,254.579846
7.431733,19,255.091874
7.112406,20,255.628101
6.577739,16,256.067161
5.388961,13,256.421692
6.220879,16,256.861781
2.598292,18,265.471963
7.159786,18,265.952983
2.455871,19,266.457055
4.500847,13,266.825325
7.230499,17,267.304583
6.752356,17,267.771823
5.572651,15,268.193373
4.579581,12,268.524061
6.003151,15,268.941376
5.026476,13,269.296679
6.296596,16,269.740448
5.857676,15,270.142241
1.173889,15,270.544919
1.181801,15,270.965553
1.820147,17,271.432466
4.826264,14,271.826788
5.60952,14,272.20482
7.090351,16,272.649061
5.244646,14,273.050894
7.463519,18,273.537621
6.275698,17,273.998169
6.827935,16,274.422585
6.724361,17,274.884744
4.844773,14,275.261065
6.008467,15,275.662529
6.82765,17,276.127922
5.945672,16,276.566619
5.315036,15,276.968213
3.926438,12,277.284111
5.956414,16,277.724666
1.700481,16,278.157052
5.024648,14,278.5497
1.492125,16,278.992717
5.493427,14,279.385613
6.064289,15,279.80298
1.115238,16,280.245254
5.126189,14,280.638
5.854066,15,281.048288
4.499685,13,281.406689
1.845213,16,281.852669
5.947382,15,282.270097
6.821806,16,282.704983
5.987607,16,283.137763
0.401614,14,283.519161
4.875458,13,283.886743
5.714709,14,284.280617
4.588629,13,284.634087
6.098442,15,285.047978
6.552194,17,285.509374
6.226581,15,285.925915
5.980409,15,286.3319
6.438142,17,286.79542
7.536377,18,287.285069
4.381795,13,287.653141
7.14113,17,288.111026
5.483989,14,288.502983
5.674821,16,288.929158
4.971563,13,289.297536
6.874564,17,289.749313
5.797244,14,290.141613
4.680049,14,290.535395
5.232026,14,290.927259
6.577792,17,291.395028
6.087066,15,291.813066
5.206409,14,292.191789
6.763531,17,292.659073
6.064774,15,293.084211
5.249874,15,293.495409
0.93393,14,293.875098
4.987851,14,294.255671
6.063967,16,294.680737
7.296503,18,295.152368
-0.071847,13,295.495063
1.331943,15,295.897491
5.943238,17,296.334844
6.678874,16,296.76108
6.840713,18,297.234171
5.86935,15,297.653454
6.579966,17,298.114311
1.085507,15,298.515193
6.258964,16,298.955353
4.147105,12,299.285084
4.481113,13,299.653766
2.336266,16,300.095905
4.64945,13,300.45196
5.883304,15,300.869159
6.712272,15,301.275351
5.369956,14,301.671041
6.21126,16,302.113457
1.259059,15,302.533471
5.959788,15,302.954471
5.10695,15,303.376742
6.657315,17,303.843298
4.905011,13,304.213424
6.793853,17,304.680045
5.517861,14,305.060354
5.173129,15,305.464203
4.704595,14,305.845452
4.472514,13,306.2044
2.744636,19,306.721969
6.18966,17,307.172939
5.31106,15,307.579396
5.048491,14,307.946773
6.05227,16,308.382049
4.735053,13,308.713026
2.256059,18,309.173786
6.503003,16,309.615133
5.366986,14,309.9971
7.934359,20,310.517481
4.179647,13,310.862061
4.038613,13,311.20937
5.607793,15,311.625105
5.580149,14,312.017538
6.635736,17,312.467785
6.36536,17,312.927064
2.156726,16,313.367581
5.167569,14,313.744978
5.939335,15,314.143181
5.452348,14,314.518308
5.727587,15,314.931295
6.162956,15,315.343943
5.886538,15,315.758838
6.011821,16,316.200537
5.351813,15,316.618232
6.233816,17,317.083886
5.662463,15,317.50009
6.501952,16,317.942302
5.039541,13,318.316813
5.51429,14,318.710083
5.785269,15,319.12711
6.486617,16,319.560252
6.857991,17,320.009555
6.893038,17,320.460949
6.519271,17,320.926087
1.248938,15,329.431329
6.261115,17,329.898883
6.46352,17,330.351928
1.830276,16,330.764748
5.446256,16,331.221565
7.044692,17,331.687292
6.79047,17,332.154916
5.644705,16,332.595747
8.06456,21,333.149417
6.235243,16,333.589028
2.633692,17,334.053664
5.626498,15,334.454921
7.055457,19,334.9799
5.674462,15,335.380867
6.035243,15,335.783986
5.03955,15,336.183478
6.142396,16,336.622473
5.159839,13,336.962575
6.683376,18,337.463247
5.726645,15,337.865602
4.505094,13,338.223072
4.947295,14,338.614422
4.557517,14,339.006708
6.990084,18,339.492886
5.349624,15,339.894874
6.847795,18,340.383001
0.220327,14,340.776915
4.653567,13,341.103498
5.784927,16,341.530691
5.844028,15,341.945863
4.432728,13,342.294656
5.305872,14,342.676004
5.638714,15,343.070617
5.728237,15,343.461121
5.528715,16,343.88725
6.610522,17,344.33742
1.275919,15,344.727126
6.905498,17,345.164617
6.126827,16,345.591089
7.493145,18,346.077571
5.104544,13,346.445601
7.77523,20,346.982857
5.824663,15,347.399096
6.022354,15,347.801838
6.060575,16,348.244872
2.404672,19,348.752787
5.840485,15,349.167781
5.07646,13,349.534968
6.278069,18,350.021717
6.915522,20,350.555175
4.589689,13,350.909634
5.124923,14,351.30082
5.494972,14,351.693656
2.874872,19,352.206801
6.878414,17,352.671121
6.314025,16,353.106421
6.140768,16,353.548099
6.692115,17,354.0283
6.703315,19,354.527553
5.399644,15,354.944739
6.600258,18,355.433127
6.828052,16,355.865125
5.915138,15,356.262789
5.763486,15,356.664986
7.478079,19,357.194116
7.69098,20,357.734923
6.510598,16,358.15307
5.503956,14,358.545846
6.58993,16,358.995414
6.779784,18,359.506329
6.888799,16,359.950581
6.229469,16,360.380689
5.531131,15,360.785258
6.709445,16,361.230229
4.628615,14,361.610954
4.744118,14,362.007073
0.771576,15,362.400588
5.849839,16,362.844407
6.84022,17,363.31503
6.189892,16,363.756172
6.195371,15,364.160824
6.27273,16,364.60165
6.440897,18,365.092067
5.807232,15,365.495011
4.933733,14,365.875228
2.557908,19,366.391677
5.065087,14,366.773692
1.377222,17,367.243525
4.900545,13,367.614815
1.685603,18,368.116476
5.38248,15,368.5232
6.35459,16,368.969464
6.686843,17,369.439984
5.272333,14,369.836636
6.39618,16,370.28287
5.858454,16,370.726764
6.02747,16,371.156502
6.083751,16,371.596512
5.516904,14,371.991661
6.652458,17,372.456836
4.978635,15,372.874218
4.949741,14,373.268226
6.926722,17,373.720655
6.927343,19,374.218313
1.478841,16,374.656093
5.663237,15,375.070242
4.76469,14,375.445779
5.717477,16,375.885079
5.955998,15,376.286855
5.035887,14,376.678415
6.339865,17,377.140225
5.197839,14,377.518915
5.712716,16,377.961697
6.911549,19,378.480439
6.800584,18,378.970719
1.16524,16,379.413795
6.531055,18,379.891752
6.487393,17,380.344787
6.048064,16,380.774583
5.349599,14,381.156346
1.864079,18,381.661596
6.871807,18,382.151593
4.535198,13,382.505541
7.137561,18,382.997852
5.881695,16,383.444373
4.470683,13,383.810499
5.768706,16,384.237839
6.368592,18,384.724949
6.104281,16,393.286085
5.412898,15,393.706007
5.922774,15,394.098151
6.041793,16,394.543169
6.605003,17,394.998628
5.988731,15,395.401932
5.828264,16,395.818798
5.653088,15,396.228464
5.079263,15,396.648521
5.251804,15,397.056887
0.424629,13,397.417048
6.298569,17,397.874142
7.326795,19,398.409379
5.777378,16,398.841152
6.531186,17,399.295754
5.760668,17,399.776806
5.749692,16,400.222181
7.089869,17,400.676338
5.643922,16,401.122189
6.222336,15,401.549405
5.50153,15,401.976741
5.319576,15,402.395657
6.394761,16,402.801913
4.667567,14,403.186447
6.159554,16,403.615723
6.772273,18,404.090873
5.318271,14,404.471845
2.874988,22,405.06487
6.144219,16,405.511008
6.105299,16,405.956656
5.674941,14,406.337073
6.095682,17,406.802606
6.442387,19,407.331431
7.676155,21,407.896843
6.017476,18,408.391079
5.960702,16,408.831831
8.060068,22,409.421889
6.450162,16,409.849524
6.186994,16,410.28932
5.388186,15,410.704312
6.4577,17,411.168753
4.566213,13,411.523453
7.058556,19,412.032815
6.503574,16,412.471524
6.286068,16,412.910938
5.074909,14,413.292415
6.069783,16,413.716516
5.785741,16,414.14024
6.111624,16,414.564573
5.238411,15,414.969635
5.472927,14,415.337257
4.642117,13,415.707275
5.703494,16,416.148392
7.209511,19,416.663551
5.772543,16,417.104084
6.862396,18,417.596305
6.140906,16,418.010157
5.372621,15,418.418028
4.958327,15,418.836646
5.146386,14,419.229318
6.896523,17,419.695598
6.656776,17,420.153002
5.721907,16,420.595407
8.014806,20,421.138799
6.313987,17,421.593168
7.192862,18,422.071321
5.638459,16,422.498099
6.958157,19,423.004179
5.399531,15,423.427572
6.634734,19,423.941914
6.729124,16,424.384779
5.843811,16,424.828278
1.704031,18,425.323576
6.348211,17,425.775181
6.20386,16,426.215822
5.86843,15,426.616627
5.460662,14,426.982957
5.505555,16,427.408435
6.770784,17,427.85219
2.543937,17,428.2995
5.152344,14,428.664598
5.975894,15,429.065486
6.551424,18,429.568959
7.014968,18,430.056526
5.835144,16,430.497496
5.327637,15,430.888372
6.851844,18,431.381872
6.984219,19,431.894177
1.997607,17,432.360243
1.18027,17,432.82515
5.353005,15,433.248245
5.363317,15,433.667827
4.994542,14,434.064848
6.865341,19,434.562506
5.375111,14,434.932181
4.43316,13,435.272109
1.677531,17,435.722751
6.262227,16,436.154778
7.458352,19,436.679425
4.983503,15,437.097986
7.022469,18,437.588799
5.768747,16,438.027907
5.56871,15,438.435517
6.465069,16,438.866875
5.622047,16,439.311085
6.333543,16,439.754323
5.216711,15,440.173464
5.478563,15,440.566415
6.5995,18,441.070695
6.760905,17,441.523509
6.941302,17,441.985786
5.338502,16,442.414064
6.827622,19,442.927058
6.150188,17,443.381701
7.257812,19,443.905598
6.740776,17,444.342785
5.99746,16,444.76976
6.628523,18,445.257389
6.488806,17,445.721362
5.376754,15,446.140485
5.858751,16,446.581745
6.840838,18,447.072886
4.957537,14,447.451885
6.360854,17,447.903447
5.818855,16,448.349068
5.736517,16,456.873988
5.741146,16,457.31838
6.70304,18,457.813296
5.418813,16,458.247571
7.262065,19,458.745361
6.489613,17,459.207628
6.432934,18,459.694546
2.079525,18,460.200284
7.13948,20,460.738204
6.684993,17,461.189183
4.102789,23,461.82447
6.509666,19,462.339429
1.892104,19,462.842782
6.452583,17,463.312656
5.380699,15,463.732765
5.257481,15,464.138651
6.185077,18,464.618466
5.387839,16,465.043294
5.970366,17,465.510206
5.823363,16,465.924112
5.49719,15,466.31673
6.235865,18,466.779934
1.415358,17,467.239941
7.423271,18,467.72343
6.515657,19,468.236951
6.149323,15,468.656225
7.747528,20,469.196394
5.488473,15,469.60204
7.949514,23,470.203178
6.449107,18,470.692083
7.351169,19,471.196565
6.528354,19,471.709075
4.851053,14,472.086607
6.285219,17,472.536468
1.748708,18,473.026865
6.200402,17,473.482985
4.129149,13,473.823668
7.892368,23,474.432809
4.736067,14,474.815984
6.12541,16,475.231942
5.855344,16,475.660222
5.997565,17,476.127114
6.136994,18,476.62236
5.820155,15,477.041401
1.203949,17,477.510591
5.399317,15,477.92941
8.687031,23,478.556947
5.266664,15,478.961093
5.2046,15,479.365358
6.357917,17,479.833952
6.734726,18,480.296449
4.714328,14,480.689507
5.360915,16,481.133166
3.417713,22,481.735327
4.932384,14,482.114577
5.931478,16,482.557361
2.312224,21,483.123043
6.898295,18,483.605276
4.508062,13,483.969602
4.706113,15,484.378363
4.972893,14,484.775397
6.986829,19,485.308327
7.053129,18,485.802258
3.196796,20,486.348515
6.214439,16,486.793039
7.969185,22,487.391835
5.391991,15,487.800182
5.920043,17,488.258219
7.212328,19,488.774317
1.856838,19,489.303167
7.908652,21,489.870403
8.043512,23,490.496459
2.112928,21,491.073683
5.832343,18,491.551136
6.442986,16,491.992257
8.368365,23,492.620213
6.523578,19,493.140036
3.263415,21,493.709232
6.806398,19,494.225573
5.340201,16,494.669431
7.073377,18,495.179623
6.41205,16,495.59594
8.183828,21,496.163575
5.930176,16,496.577589
0.656514,16,496.98293
6.230657,16,497.416688
6.138727,15,497.826023
7.102235,20,498.384991
5.481157,15,498.808671
5.53399,16,499.237667
5.117575,14,499.634533
6.242748,17,500.104531
4.737895,14,500.501416
7.402398,22,501.079014
8.187648,25,501.755916
4.945223,15,502.164729
4.811462,14,502.561212
6.675736,18,503.027225
5.650432,16,503.458456
6.660565,18,503.939154
5.712591,16,504.370466
6.694545,18,504.86275
6.215019,17,505.332145
4.757361,13,505.703703
0.961773,16,506.13887
4.766826,14,506.536132
6.637461,18,507.002799
7.204572,22,507.579264
4.669562,14,507.947722
6.619594,18,508.445305
2.806097,20,508.990309
6.324559,19,509.525275
5.109528,15,509.917586
6.101116,15,510.337376
2.680799,21,510.903191
5.739334,17,511.484021
5.216353,16,511.907683
5.627984,16,512.336647
5.198103,16,520.968008
6.116543,18,521.457446
6.243246,17,522.040291
6.831012,19,522.672551
2.599933,18,523.149474
5.281674,16,523.579468
6.712779,19,524.079818
5.48759,16,524.508497
4.196538,13,524.86399
6.634287,19,525.366042
5.73683,16,525.809554
5.800092,17,526.264637
5.546606,16,526.692489
4.45383,15,527.110986
6.257411,18,527.585832
7.553853,21,528.129152
5.963885,17,528.594763
6.725568,19,529.105834
2.729152,20,529.63769
5.055377,16,530.050464
5.846306,16,530.473207
7.621135,21,531.046307
4.76152,15,531.451507
6.424977,17,531.912953
4.880547,14,532.289742
6.36913,18,532.776679
6.606657,19,533.2918
5.484469,16,533.715746
5.955061,17,534.150372
7.500778,21,534.711683
7.243478,18,535.199297
7.092111,18,535.688585
4.862052,15,536.093131
6.10113,17,536.545014
6.218494,18,537.032562
0.886357,18,537.512388
6.729862,20,538.052278
5.095126,15,538.46152
6.827607,20,538.985328
1.667185,17,539.436517
0.484934,15,539.840264
6.544899,18,540.317509
7.30916,20,540.841449
6.955941,17,541.308136
5.328626,16,541.751554
6.518226,18,542.242706
6.5531,18,542.731232
6.537289,21,543.298464
7.074371,19,543.81639
6.15123,17,544.283375
6.859733,18,544.761138
5.485443,16,545.203344
1.843709,19,545.722129
6.089599,19,546.239637
6.213565,18,546.730541
6.175027,17,547.185734
6.498941,19,547.703789
7.99554,22,548.29606
7.352834,19,548.80632
6.166006,17,549.282395
4.622353,14,549.646168
7.456613,21,550.20639
6.67367,19,550.715565
6.468926,18,551.195553
6.335407,18,551.67011
2.275724,21,552.230576
7.064357,21,552.801862
6.425789,18,553.290632
5.452043,15,553.69362
6.762988,20,554.231304
6.166825,17,554.692002
5.034859,15,555.106755
5.240423,16,555.543192
5.700266,16,555.966016
4.778498,15,556.366891
6.758092,21,556.949157
6.531764,19,557.456447
6.955767,19,557.953354
4.904779,15,558.359548
6.821794,17,558.825335
7.087934,20,559.357988
6.697589,19,559.86773
6.294369,18,560.339631
8.327649,22,560.921409
4.942594,15,561.322721
7.086616,19,561.822279
6.456354,18,562.309435
1.426956,17,562.772778
6.498199,18,563.248606
6.249731,19,563.750279
6.348309,19,564.260936
5.624933,19,564.768986
5.663511,17,565.231338
5.218499,16,565.656595
5.395795,16,566.08473
5.148121,15,566.503632
6.999816,19,567.019931
7.183126,20,567.562385
5.472725,16,568.009433
6.789478,18,568.507102
6.338463,17,568.961223
6.834376,18,569.455161
5.452581,15,569.844203
6.15673,18,570.349177
0.949164,16,570.779856
0.957669,16,571.199668
5.474544,16,571.630497
6.126094,17,572.098798
4.622253,14,572.496252
6.487507,18,572.977425
8.430069,23,573.612818
4.537253,15,574.032917
4.981582,15,574.435778
7.701634,23,575.050902
5.555912,16,575.482197
7.727314,20,576.008903
5.60954,16,584.63186
7.455878,21,585.204844
5.44503,16,585.630325
7.892484,22,586.215662
7.738003,23,586.838489
6.987769,17,587.289039
5.820802,17,587.746676
7.467593,21,588.310923
5.253092,17,588.775317
6.733178,19,589.288029
7.436885,22,589.869673
6.692969,18,590.357314
5.569646,17,590.82041
7.561082,22,591.405983
6.442893,19,591.917958
8.06907,22,592.515005
7.71469,21,593.076474
2.18882,21,593.611259
5.004797,15,594.029037
8.241713,23,594.638047
5.749286,16,595.080915
6.33098,17,595.532454
6.178736,16,595.973002
5.926414,17,596.425375
6.527486,18,596.901805
4.730719,15,597.307595
6.592445,21,597.884328
6.725666,18,598.377288
6.786713,20,598.917248
6.441915,17,599.372742
7.85895,21,599.937303
6.127347,19,600.452432
5.288011,16,600.882155
5.850636,17,601.338454
6.234732,17,601.776727
1.617276,19,602.279782
6.372053,19,602.797375
7.867622,21,603.358751
7.386993,19,603.864009
4.713357,16,604.295051
5.743688,17,604.752396
8.552355,24,605.39785
7.591531,22,606.002343
6.790339,19,606.525846
6.826458,19,607.035802
5.79261,16,607.469421
6.663635,18,607.951711
5.02023,16,608.389053
7.351417,19,608.895273
7.593767,20,609.432084
6.477972,18,609.909067
6.484226,18,610.396071
5.968185,18,610.88444
5.943654,17,611.349109
6.687806,18,611.839066
6.70773,21,612.40135
6.965493,18,612.896662
6.960387,19,613.43228
5.997678,17,613.885931
6.294253,17,614.348631
5.046332,15,614.751416
6.587626,18,615.224853
5.794423,18,615.713329
5.908371,17,616.186135
6.872792,18,616.680936
6.165931,18,617.158377
6.062154,16,617.570906
7.212637,20,618.108385
5.265184,15,618.518008
5.296987,17,618.976644
5.889876,18,619.458737
7.053343,21,620.041492
1.55553,18,620.53449
6.456477,18,621.024146
5.523419,16,621.467659
7.048805,20,622.003176
6.088019,17,622.468954
5.775159,16,622.911938
6.350439,19,623.413485
7.819342,23,624.023594
6.16497,18,624.514681
5.966998,18,624.992137
7.673744,21,625.555128
5.745949,16,625.982155
6.673563,20,626.524081
6.59778,22,627.114165
7.14599,18,627.591029
6.024757,17,628.04233
6.082392,16,628.489639
5.856865,17,628.96245
7.862785,22,629.538289
3.992112,13,629.896562
3.09728,21,630.466118
5.803422,16,630.893101
4.731328,15,631.272146
2.977042,20,631.809055
6.541392,18,632.284717
5.670294,17,632.753926
5.747459,16,633.199084
6.14329,18,633.692952
0.992944,17,634.160539
6.193946,18,634.64936
6.479583,17,635.113389
6.488553,17,635.564706
6.092665,18,636.053841
6.298973,17,636.520134
5.503051,16,636.945666
6.769401,19,637.459249
2.072229,20,638.011818
7.103614,19,638.527031
5.821131,16,638.937773
6.733182,18,639.398969
4.585531,15,648.047396
5.805951,18,648.548327
5.215304,16,648.989248
7.29303,21,649.558171
8.190834,25,650.210183
7.332849,21,650.779749
5.157715,16,651.225478
6.92146,19,651.744514
5.25365,16,652.189645
7.443391,20,652.730659
6.198163,18,653.224667
5.900815,17,653.679384
7.845471,23,654.292729
5.416386,16,654.722665
7.072579,21,655.288003
6.292897,18,655.778623
6.173546,17,656.248621
6.006917,17,656.718118
6.152226,20,657.260331
6.699579,19,657.774673
6.725643,19,658.279099
9.200864,26,658.980915
4.866555,14,659.362587
2.154763,20,659.903083
7.496603,19,660.41944
4.990903,16,660.852216
6.794342,18,661.347832
6.821719,20,661.904143
1.570311,19,662.426006
5.160804,17,662.884908
7.265912,22,663.496341
6.846657,20,664.039838
7.291744,22,664.646069
6.384868,18,665.138543
6.374811,18,665.619021
7.785456,21,666.182644
5.743121,17,666.618706
1.494799,19,667.132337
6.83412,20,667.657365
8.050814,22,668.264538
6.966275,20,668.823999
5.870538,17,669.266044
5.692551,17,669.728675
6.936133,20,670.249553
1.03971,18,670.723303
9.155601,26,671.416618
1.804936,18,671.895116
5.678383,17,672.335416
8.244153,24,672.970918
5.538865,17,673.43955
6.52867,18,673.928537
6.188681,18,674.415571
6.835716,20,674.952253
6.84087,19,675.464522
5.579577,15,675.879514
6.41084,18,676.360452
7.779889,22,676.958814
5.350456,16,677.387451
6.284042,18,677.874487
5.358344,16,678.314039
6.446207,19,678.829244
7.214157,20,679.369373
5.083358,16,679.810375
7.076842,21,680.354952
6.462989,19,680.854055
7.279695,22,681.435443
7.065926,21,682.016237
5.394777,16,682.448253
5.582171,17,682.922807
7.166147,21,683.497282
5.557634,16,683.943833
8.08385,22,684.534649
6.296231,17,684.993415
6.701331,19,685.526513
5.830744,18,686.015949
4.951448,16,686.446284
7.631004,21,687.0081
5.998233,18,687.48929
1.26894,18,687.966888
6.350137,20,688.505414
7.802934,22,689.105157
8.161952,24,689.723989
0.784717,16,690.16288
7.011054,20,690.700058
5.811978,16,691.140721
7.107671,19,691.662068
8.756422,25,692.328979
5.22314,16,692.768142
5.772029,18,693.24763
5.844819,17,693.699206
5.471323,17,694.140617
7.804139,24,694.793941
7.480795,21,695.359562
4.982253,16,695.77601
4.571773,14,696.174432
7.510621,22,696.766879
7.703696,22,697.363994
7.832057,21,697.918941
4.8087,16,698.347269
6.603572,19,698.864436
6.642421,20,699.401107
7.544537,21,699.976577
8.739291,24,700.607924
6.974985,20,701.144406
7.264865,20,701.682752
6.757569,18,702.174735
6.496599,17,702.640741
1.277397,18,711.38517
8.381267,27,712.103736
9.442453,28,712.863058
7.575611,23,713.484448
6.945985,20,714.029496
8.004454,23,714.665425
6.941864,22,715.250885
7.265908,21,715.82532
8.571574,27,716.546449
3.193495,24,717.189656
6.754429,20,717.738354
7.055006,20,718.290117
5.822118,18,718.790798
6.492274,19,719.319478
6.927515,23,719.945437
5.703702,17,720.426603
7.883538,23,721.043387
8.64461,26,721.75927
5.821471,17,722.235248
7.120472,23,722.85528
6.67112,21,723.432904
2.147233,22,724.035523
10.081295,31,724.863429
7.504425,23,725.489236
6.440768,19,726.008458
5.594319,17,726.476702
6.756072,21,727.026859
5.137552,17,727.492879
7.505728,25,728.164917
6.125865,18,728.661034
5.015217,16,729.089339
5.776058,17,729.553635
9.088107,31,730.362694
6.791994,19,730.864832
7.299056,21,731.439629
7.139134,19,731.964014
6.455071,20,732.505593
4.987912,16,732.941932
6.91638,22,733.545397
7.174464,19,734.072959
5.821123,16,734.521107
6.048615,18,735.006823
8.880294,26,735.702732
6.811209,19,736.206423
6.984499,21,736.774224
7.095225,22,737.367702
6.195919,18,737.861254
7.648674,23,738.4696
5.486266,17,738.939609
7.528071,23,739.54196
6.956792,20,740.079284
5.793157,17,740.532188
8.397435,26,741.22984
5.596295,17,741.682924
6.131567,19,742.200878
6.527881,19,742.717901
6.119967,18,743.205004
8.861656,26,743.905019
7.139823,20,744.450017
1.910676,19,744.972183
7.236093,22,745.569865
7.294038,23,746.203834
7.055625,20,746.749592
2.005252,20,747.294339
5.179506,17,747.765761
7.399459,24,748.421986
5.717371,18,748.908046
7.541167,25,749.574581
5.289814,17,750.041589
4.44975,14,750.407607
7.542592,24,751.04073
7.859101,22,751.629411
6.759248,20,752.153118
6.433937,18,752.642021
7.900234,25,753.31985
6.84505,19,753.841777
5.116652,15,754.233234
9.013883,27,754.940731
7.399207,21,755.50445
7.583423,23,756.119175
7.605974,23,756.734036
6.591902,18,757.210592
6.830899,19,757.712337
8.085212,22,758.28652
1.365961,19,758.789094
8.438425,24,759.42742
6.541656,19,759.94201
7.401707,23,760.539651
6.312301,18,761.028213
5.663646,17,761.493505
7.002061,18,761.968421
5.451262,16,762.396641
9.038739,26,763.082447
2.095567,19,763.598553
2.359512,22,764.191892
5.783685,17,764.664278
0.596154,16,765.080853
3.296377,25,765.735904
8.762109,25,766.421555
6.963562,21,775.330594
6.646998,21,775.900722
6.401618,18,776.389085
6.879143,21,776.979931
7.011922,22,777.600159
7.051824,20,778.169433
7.649396,25,778.891895
4.782417,15,779.314563
6.710268,20,779.890909
8.675061,27,780.653284
6.304511,18,781.172883
4.76163,16,781.632275
6.971808,21,782.214488
7.581523,22,782.82827
4.856935,16,783.314203
5.227932,17,783.816411
7.158937,22,784.446418
7.260233,23,785.090627
9.721965,28,785.844916
6.988564,21,786.39945
7.098892,23,787.039307
5.448287,17,787.521657
9.906852,33,788.449679
7.012098,21,789.051564
9.060674,30,789.886402
6.869425,21,790.471275
6.3989,20,791.030072
7.435277,23,791.668593
6.682556,22,792.259345
5.692594,18,792.766114
7.376672,21,793.354328
6.759843,20,793.909956
7.784981,24,794.572077
6.010293,19,795.108848
5.541565,18,795.597723
5.999591,18,796.095181
7.508594,22,796.682271
6.726029,20,797.247893
10.353832,35,798.244116
7.319896,23,798.915755
7.757257,22,799.540656
7.890825,24,800.223718
3.010474,23,800.857134
7.006575,21,801.457117
5.233802,18,801.97282
3.185737,26,802.695782
6.082753,19,803.225523
8.425164,27,804.007722
7.654252,23,804.68181
8.217804,25,805.409722
6.730385,20,805.980176
6.572142,19,806.537969
7.400512,24,807.212947
7.822851,23,807.863301
6.980784,21,808.464046
4.616217,16,808.926957
3.017975,23,809.592719
5.914624,20,810.162918
6.030366,19,810.710627
6.993038,22,811.327858
5.845976,17,811.826931
4.632658,15,812.24599
6.905757,21,812.857451
8.986797,27,813.618417
8.622787,28,814.417073
6.495073,19,814.976435
5.429398,16,815.428722
9.200225,29,816.258951
7.200206,21,816.868147
6.328133,20,817.447133
8.710423,27,818.242987
7.197955,22,818.885216
0.967036,17,819.390479
6.317482,19,819.933397
6.914941,21,820.541763
2.125915,21,821.142503
11.077482,46,822.456674
6.582748,20,823.017265
7.226859,21,823.634433
6.039579,18,824.148818
7.194552,20,824.722062
7.975354,23,825.356219
8.083932,25,826.066387
7.595019,23,826.714057
6.822856,20,827.27321
6.764579,21,827.872938
6.319608,21,828.479905
8.439443,25,829.187206
5.546747,18,829.68318
7.558802,20,830.257563
6.390685,20,830.817032
10.577654,38,831.891911
6.798624,19,832.42961
6.779069,21,841.258672
6.299847,19,841.792114
7.617385,23,842.402744
6.066816,18,842.895796
6.742637,20,843.450927
7.35144,22,844.064078
7.481519,25,844.728904
8.604031,26,845.435324
7.782641,24,846.094308
8.220952,25,846.781154
7.025901,23,847.415989
8.192103,26,848.135002
7.244434,23,848.764569
8.799504,26,849.46333
7.741372,26,850.168381
6.046003,19,850.684983
6.242572,20,851.241231
2.614838,25,851.933103
7.752611,23,852.554367
5.231457,17,853.001702
6.232384,19,853.480948
2.66537,25,854.1734
3.072718,25,854.833784
6.75513,22,855.429972
8.701115,26,856.125343
8.833022,26,856.797932
7.211458,21,857.354946
6.181361,19,857.8544
5.610636,18,858.361734
7.722794,24,859.01851
6.082659,20,859.53325
7.856118,24,860.191027
7.690437,22,860.78248
7.903281,25,861.457714
7.300615,22,862.046749
6.113919,20,862.601758
7.130627,21,863.175998
7.236596,22,863.783016
7.782369,25,864.474051
6.294138,20,865.012912
6.491874,20,865.553726
5.242811,17,866.002621
7.853244,25,866.688201
6.98464,23,867.293997
7.426474,24,867.941418
6.717308,23,868.556495
2.430112,23,869.181002
10.885056,35,870.123795
6.42787,21,870.694273
5.690132,19,871.222955
6.574688,21,871.80343
6.719098,21,872.385666
6.289579,20,872.930341
8.729156,30,873.767218
6.483261,20,874.291997
7.285503,21,874.872524
6.613177,22,875.470871
9.134913,27,876.20953
6.541527,21,876.785062
6.699894,21,877.333347
7.629942,22,877.935236
8.474845,26,878.64228
6.863367,22,879.24423
6.763962,21,879.807239
6.660278,22,880.410888
8.367727,26,881.114603
6.26568,18,881.616267
8.516209,27,882.336031
5.762603,17,882.811916
7.473479,21,883.372347
8.988339,27,884.114287
6.710424,20,884.643688
5.674083,18,885.143703
7.150035,25,885.815777
8.090419,24,886.478368
7.378056,22,887.072876
4.982219,31,887.902974
7.015776,21,888.462136
9.288927,31,889.303268
6.952796,23,889.916702
7.851143,26,890.597043
6.866336,20,891.134368
6.728465,20,891.672646
7.832774,28,892.404178
7.489408,23,893.013575
8.265532,25,893.677074
6.704658,21,894.232376
7.691313,23,894.836879
8.945513,30,895.642375
7.179001,22,896.233912
8.439599,24,905.127085
5.974265,19,905.644943
7.490938,26,906.353818
7.421483,23,907.00531
7.578024,24,907.672998
6.016881,20,908.215598
7.371204,22,908.820117
7.13752,22,909.417597
6.138706,19,909.936609
7.759522,25,910.630059
7.346942,23,911.259698
5.223539,17,911.722987
6.570637,20,912.246267
7.655975,24,912.871291
5.69473,19,913.396397
8.395708,26,914.086191
7.229242,21,914.666222
8.765902,30,915.471944
7.635999,23,916.097349
6.882392,21,916.676051
7.203238,25,917.363318
6.755824,20,917.894911
5.721749,18,918.394941
6.759417,21,918.988571
2.111676,20,919.516433
4.690282,15,919.91612
4.12428,15,920.331582
8.053073,26,921.035159
6.48559,20,921.569107
8.055764,26,922.272964
8.112074,26,922.99438
6.680036,21,923.563973
8.977055,31,924.43504
7.589633,24,925.106326
7.647702,24,925.769215
2.706569,23,926.387928
6.500734,21,926.953464
6.533626,20,927.490167
11.267407,46,928.760247
7.474275,26,929.467034
6.232321,19,930.001201
5.539298,18,930.508589
7.873863,26,931.211982
7.529614,22,931.819665
6.549883,20,932.380102
6.948385,21,932.964241
5.241923,17,933.413895
7.538767,26,934.142234
6.785736,22,934.736069
7.425041,24,935.395006
7.102374,23,936.006088
6.384311,20,936.545149
8.311563,27,937.272311
6.15091,19,937.800031
6.731042,20,938.350275
5.981878,18,938.839619
6.844173,22,939.439059
6.388241,20,939.993121
6.11083,18,940.494423
6.722333,21,941.058733
6.061058,20,941.610916
9.234076,30,942.425719
7.194201,22,943.008721
7.727582,25,943.686597
6.094684,19,944.201271
8.533191,26,944.884759
8.56793,29,945.669798
8.127473,27,946.410254
6.025585,20,946.971514
7.509139,23,947.605094
8.730834,27,948.325506
6.171055,19,948.863115
7.204442,22,949.469486
5.878457,18,949.971467
6.918681,22,950.55461
3.158362,30,951.344421
7.143457,23,951.959347
6.817701,21,952.537048
6.891538,20,953.087257
6.487849,22,953.683004
7.751603,25,954.351283
6.74279,19,954.884951
7.715337,24,955.535255
6.646464,20,956.094733
6.72223,20,956.638959
7.142358,22,957.243117
4.542433,16,957.676524
7.420679,22,958.270284
7.493914,23,958.895486
7.846793,25,959.596774
9.303872,29,960.373908
6.778176,21,969.224275
7.778914,24,969.864602
7.266221,21,970.444059
6.181238,20,970.970374
7.360266,25,971.66371
8.084331,27,972.387669
7.410269,24,973.045584
6.867114,22,973.653848
21.265372,176,978.289135
7.498972,22,978.883955
7.212807,23,979.511013
7.779784,28,980.270873
9.244119,34,981.155937
6.836102,22,981.741913
7.302277,22,982.324223
26.696818,176,986.914853
7.930396,25,987.600219
8.171945,25,988.28106
7.388921,24,988.939824
8.275414,27,989.653926
6.704125,21,990.231842
6.38003,21,990.793889
8.470853,25,991.429986
7.29687,23,992.069984
8.749821,30,992.865523
5.989296,19,993.371129
8.077076,23,994.003932
6.056665,20,994.557215
6.712335,22,995.157462
6.645417,21,995.719896
7.256167,25,996.389472
8.5777,28,997.129208
7.792498,24,997.738007
6.756185,22,998.302113
8.691258,32,999.14961
7.183806,23,999.743829
6.661143,21,1000.285535
2.407586,24,1000.884877
10.046929,35,1001.814234
8.344125,26,1002.512571
7.071721,22,1003.098943
7.10073,21,1003.662457
8.606206,26,1004.364413
5.528001,19,1004.873613
5.006553,17,1005.335797
3.109397,27,1006.06268
6.020643,20,1006.58701
8.428119,26,1007.287531
7.78412,25,1007.964982
7.043938,23,1008.590658
6.050365,20,1009.137177
5.453585,19,1009.648715
7.369309,23,1010.247267
8.728683,29,1011.006838
2.813408,22,1011.584176
7.994005,24,1012.215985
8.447202,25,1012.88061
8.185907,28,1013.621099
5.26899,18,1014.103889
7.264212,23,1014.715351
11.505864,45,1015.919213
5.669475,18,1016.386971
9.248304,31,1017.23004
6.645918,21,1017.792722
6.975563,22,1018.381241
8.12719,24,1019.023227
7.911965,25,1019.66722
8.774906,28,1020.386519
8.493134,25,1021.031023
8.427805,26,1021.703419
6.903496,21,1022.26099
8.252625,27,1022.983528
7.055282,23,1031.839325
7.175104,24,1032.483072
15.374077,176,1037.057843
7.789475,27,1037.763928
7.731729,29,1038.522448
7.985696,25,1039.187338
7.189116,22,1039.785387
7.188841,25,1040.471148
7.596569,26,1041.170412
7.355222,23,1041.780057
7.161172,24,1042.416734
7.785905,25,1043.081019
6.804791,20,1043.624165
6.173832,20,1044.169434
5.945699,19,1044.685544
19.411204,176,1049.147497
7.110829,23,1049.72721
6.031089,19,1050.236424
7.909078,26,1050.934716
7.777915,27,1051.685743
7.059398,24,1052.324379
7.96304,27,1053.054766
6.992101,23,1053.685583
9.2857,32,1054.557872
8.907154,30,1055.361323
6.194533,19,1055.875871
13.364987,176,1060.477116
6.821773,23,1061.074035
7.269419,23,1061.682487
6.978532,23,1062.279169
6.92918,21,1062.824995
15.294582,176,1067.372333
5.914963,19,1067.872424
8.446184,27,1068.596794
8.063908,26,1069.282638
7.34272,24,1069.916822
6.852525,22,1070.515589
7.731073,25,1071.178478
9.301678,31,1071.980748
6.81107,24,1072.613873
6.959059,23,1073.213777
7.554696,26,1073.894332
5.506861,18,1074.376856
3.367528,25,1075.021241
6.793463,22,1075.590872
6.64974,21,1076.136256
7.704693,29,1076.857809
8.253321,29,1077.589916
7.844172,28,1078.327629
7.387111,24,1078.9747
9.26225,34,1079.872036
14.951071,176,1084.30374
7.643579,26,1084.987397
23.75718,176,1097.554668
7.451619,24,1098.163361
8.286604,30,1098.922184
8.521184,28,1099.633603
6.452693,21,1100.171052
8.343721,32,1100.965558
7.616194,25,1101.581726
8.849194,30,1102.334104
6.883868,22,1102.896137
22.058651,176,1107.261472
10.389527,38,1108.219396
7.792043,28,1108.933154
7.396793,23,1109.488964
8.349089,31,1110.260846
29.717452,176,1114.719785
7.070084,23,1115.331701
22.201312,176,1119.743281
7.25755,25,1120.415933
9.226541,34,1121.302998
26.544548,176,1125.883876
7.3934,24,1126.538146
21.657485,176,1130.997776
22.132871,176,1135.4861
8.300807,27,1136.162944
22.912335,176,1140.390677
7.387546,24,1140.988309
7.870871,27,1141.660182
7.662588,27,1142.356853
6.428173,21,1142.878984
7.574717,25,1143.491972
31.394005,176,1156.06307
8.191724,30,1156.787827
7.322191,23,1157.358215
8.014776,28,1158.065644
8.178203,28,1158.792429
2.280829,23,1159.394734
5.588975,18,1159.873551
8.662572,29,1160.615268
7.143787,26,1161.271969
7.421794,25,1161.900067
29.818208,176,1166.125617
8.521106,31,1166.886432
8.217645,28,1167.59275
8.124102,30,1168.34804
8.650141,31,1169.120921
7.416222,25,1169.753364
7.152602,24,1170.345372
6.893359,24,1170.945859
7.313605,25,1171.583698
8.528882,29,1172.281415
8.317544,29,1172.990312
30.968823,176,1177.28948
7.454624,25,1177.90584
7.976775,27,1178.579454
7.861894,25,1179.201574
6.634224,22,1179.744736
32.941215,176,1184.006001
4.868868,17,1184.421591
30.540232,176,1188.647808
30.056322,176,1193.052907
8.50157,28,1193.776906
7.074129,23,1194.352907
5.286747,19,1194.838968
8.487242,34,1195.674499
31.142616,176,1199.99953
8.732419,35,1200.855627
36.063903,176,1213.302681
8.29126,32,1214.127174
6.93954,22,1214.701819
6.285546,20,1215.216366
33.509109,176,1219.419482
8.144786,29,1220.154126
6.066122,21,1220.664623
7.367875,25,1221.264385
6.264693,21,1221.8132
31.216956,176,1226.076725
8.169595,27,1226.743979
6.821574,25,1227.350056
30.246762,176,1231.558573
8.48832,32,1232.349184
31.571045,176,1236.697668
6.078424,19,1237.162746
7.250626,24,1237.758717
9.407604,32,1238.527364
8.080624,27,1239.19915
31.977041,176,1243.51305
38.076533,176,1247.827118
6.681226,23,1248.39343
7.956218,33,1249.185079
31.725905,176,1253.426354
31.768889,176,1257.668735
8.955389,34,1258.483673
8.818373,33,1259.278214
7.417902,24,1259.854173
36.633295,176,1272.22832
8.218889,28,1272.897742
32.330404,176,1277.072949
31.55224,176,1281.250278
27.061802,176,1285.427521
7.672789,31,1286.16256
33.491343,176,1290.36059
33.89489,176,1294.548291
32.204992,176,1298.939634
31.714704,176,1303.367089
30.172789,176,1307.690788
25.284903,176,1312.021869
27.872344,176,1316.219125
27.50408,176,1328.716211
32.63108,176,1332.903018
32.880055,176,1337.074112
34.033775,176,1341.30235
29.481442,176,1345.501792
30.944855,176,1349.693486
33.968598,176,1353.882457
32.165703,176,1358.106448
28.884747,176,1362.295494
34.803323,176,1366.520104
30.469037,176,1370.709787
28.924308,176,1374.933987
7.596465,28,1375.608233
31.617972,176,1388.042393
31.037387,176,1392.245313
34.758493,176,1396.494366
7.254967,26,1397.132451
6.983656,25,1397.750849
29.764868,176,1401.979132
27.687482,176,1406.163247
7.143095,28,1406.857146
35.0907,176,1411.102105
34.228076,176,1415.31153
31.224186,176,1419.582758
28.532054,176,1423.780003
35.977023,176,1427.970914
34.187394,176,1432.262305
7.489455,26,1432.888149
33.730075,176,1445.34008
32.454444,176,1449.556378
33.734376,176,1453.760948
6.754923,25,1454.38749
35.368141,176,1458.60843
35.621756,176,1462.844073
34.310181,176,1467.029963
7.498317,32,1467.818526
33.675806,176,1472.067727
32.592292,176,1476.290892
35.812329,176,1480.430986
35.603305,176,1484.612849
37.07381,176,1488.799894
32.232632,176,1501.469407
27.425461,176,1505.691064
32.795031,176,1509.912394
34.210039,176,1514.072652
32.821907,176,1518.276492
32.125431,176,1522.536223
31.371254,176,1526.747026
28.077114,176,1531.017164
34.061326,176,1535.271036
29.023824,176,1539.498477
34.896225,176,1543.675083
31.006098,176,1547.874534
30.880635,176,1560.355061
32.734808,176,1564.529867
31.755395,176,1568.707795
35.354828,176,1572.900422
31.436059,176,1577.084761
34.368051,176,1581.255994
31.448828,176,1585.444442
26.055908,176,1589.61569
31.796728,176,1593.822443
31.566309,176,1597.978651
31.436013,176,1602.170543
29.193228,176,1614.677324
30.645811,176,1618.852994
32.033384,176,1623.038635
34.612226,176,1627.20544
31.63097,176,1631.390918
35.860434,176,1635.54985
32.639152,176,1639.751059
33.964292,176,1643.956879
34.469833,176,1648.13295
36.099061,176,1652.315325
33.923315,176,1656.512268
33.284648,176,1660.731449
31.516901,176,1673.434826
31.782951,176,1677.645042
30.083535,176,1681.822924
29.623001,176,1686.052094
37.718397,176,1690.225196
33.519322,176,1694.412971
34.724519,176,1698.584635
31.323186,176,1702.812545
36.043046,176,1706.973313
31.320661,176,1711.14781
32.909548,176,1715.382929
33.041498,176,1719.573727
36.646054,176,1732.380393
34.229319,176,1736.593422
33.86772,176,1740.799067
32.151658,176,1745.0237
31.742503,176,1749.233678
35.213603,176,1753.564038
32.247236,176,1757.818701
33.72272,176,1762.030588
30.361022,176,1766.20436
32.579251,176,1770.395748
29.909089,176,1774.590154
27.982229,176,1787.212631
36.8891,176,1791.453651
30.752483,176,1795.670301
36.850606,176,1799.878678
31.68528,176,1804.079477
36.03041,176,1808.317901
33.304138,176,1812.523569
34.140617,176,1816.752778
34.289903,176,1821.042196
37.252444,176,1825.255101
33.615076,176,1829.479511
34.209844,176,1833.678491
35.678664,176,1846.495729
35.127577,176,1850.682984
32.694409,176,1854.947688
34.27891,176,1859.247536
37.625154,176,1863.473018
37.161048,176,1867.707457
31.321307,176,1871.871109
30.662986,176,1876.120062
35.002702,176,1880.301978
36.105617,176,1884.495448
27.379061,176,1888.668662
33.710804,176,1892.867433
35.448887,176,1905.652199
29.744125,176,1909.836881
33.902739,176,1914.004913
36.754112,176,1918.185492
33.049637,176,1922.353709
34.814713,176,1926.535546
37.280427,176,1930.848696
33.751628,176,1935.073748
34.391157,176,1939.260615
32.405032,176,1943.464711
32.2209,176,1947.669899
37.212364,176,1960.509997
30.387812,176,1964.675456
33.886117,176,1968.877638
34.052998,176,1973.076076
37.266842,176,1977.247636
36.722776,176,1981.491879
35.681018,176,1985.753511
32.032174,176,1989.9699
33.348461,176,1994.1368
33.228512,176,1998.490915
31.448042,176,2002.885793
37.005594,176,2007.190678
30.430586,176,2020.210056
35.547979,176,2024.427398
6.588302,28,2025.137578
35.336251,176,2029.341309
6.915339,31,2030.097055
41.701131,176,2034.303079
37.480931,176,2038.526428
35.552069,176,2042.69782
35.914829,176,2047.003486
34.020005,176,2051.244956
27.116362,176,2055.511041
34.608149,176,2059.751676
33.843432,176,2063.975602
35.604961,176,2076.923243
31.529463,176,2081.121081
33.006811,176,2085.318572
36.134731,176,2089.516426
32.064897,176,2093.802681
35.281901,176,2098.137161
37.283056,176,2102.401491
37.423629,176,2106.604489
32.167882,176,2110.789408
28.905529,176,2114.968919
33.535436,176,2119.143243
35.013661,176,2123.333803
35.638084,176,2136.4547
36.138763,176,2140.753976
36.943333,176,2145.011304
36.75579,176,2149.210742
36.902087,176,2153.414697
32.227664,176,2157.594766
33.97669,176,2161.795531
35.793237,176,2165.975334
31.053808,176,2170.169658
33.222245,176,2174.370652
34.709402,176,2178.58168
33.404714,176,2191.655523
36.129532,176,2195.881071
36.480714,176,2200.098869
28.459597,176,2204.292723
32.171009,176,2208.569645
37.753838,176,2212.762969
38.229957,176,2216.961428
35.144355,176,2221.20482
35.963931,176,2225.387545
36.244444,176,2229.552866
37.446431,176,2233.751821
40.491204,176,2237.938576
33.265451,176,2251.15074
31.32201,176,2255.362375
34.899393,176,2259.530525
32.95643,176,2263.835659
36.414693,176,2268.147332
34.650659,176,2272.488538
39.72349,176,2276.719819
30.453615,176,2280.912541
30.666306,176,2285.098019
29.391907,176,2289.282459
38.576842,176,2293.475127
35.220235,176,2297.678191
36.593383,176,2310.869045
34.882854,176,2315.089073
39.391774,176,2319.323421
36.282101,176,2323.519024
31.583148,176,2327.790055
35.814493,176,2332.011827
33.611128,176,2336.245023
34.574907,176,2340.447975
36.337178,176,2344.642416
35.296613,176,2348.839916
37.813401,176,2353.036654
37.953943,176,2366.18209
33.691454,176,2370.355392
33.324077,176,2374.509837
33.134909,176,2378.683719
37.298649,176,2382.919314
38.567783,176,2387.095013
32.269929,176,2391.280808
32.955225,176,2395.484197
40.332073,176,2399.710023
35.053469,176,2403.923255
37.737862,176,2408.131
36.170659,176,2412.317094
32.242831,176,2425.545541
35.12628,176,2429.75642
35.090271,176,2433.995119
34.301305,176,2438.167353
41.446281,176,2442.458091
34.273331,176,2446.696721
35.495502,176,2450.95563
31.989134,176,2455.24468
31.639267,176,2459.553392
36.861797,176,2463.834048
34.933223,176,2468.065028
31.430977,176,2472.363137
31.561149,176,2485.754765
40.164191,176,2490.095115
34.121707,176,2494.432678
37.431021,176,2498.786952
42.190216,176,2503.136873
33.923585,176,2507.476186
30.47957,176,2511.819276
29.690542,176,2516.188066
38.082961,176,2520.547193
39.211423,176,2524.914137
40.243395,176,2529.285273
35.01244,176,2542.670349
33.410394,176,2547.00475
39.801189,176,2551.316289
33.36264,176,2555.692506
38.88237,176,2560.101377
35.223401,176,2564.503929
36.215087,176,2568.906862
35.85733,176,2573.296701
33.150613,176,2577.730829
33.578338,176,2582.138664
35.997608,176,2586.524044
36.694412,176,2590.888838
39.89674,176,2604.466717
30.854224,176,2608.886778
34.366227,176,2613.281055
30.289283,176,2617.692788
36.98184,176,2622.11418
32.385088,176,2626.523556
34.372662,176,2630.939209
33.859918,176,2635.316856
34.549881,176,2639.721001
30.163915,176,2644.111198
39.961121,176,2648.505039
37.137828,176,2661.886004
39.725572,176,2666.232725
39.962678,176,2670.602937
37.695143,176,2675.002727
37.343053,176,2679.372499
34.417709,176,2683.780868
39.559691,176,2688.196852
36.409751,176,2692.606489
37.87309,176,2696.996058
38.125478,176,2701.413226
36.395296,176,2705.828017
29.823089,176,2710.244076
30.269068,176,2723.847914
27.681277,176,2728.279402
38.911007,176,2732.723827
32.031734,176,2737.15797
37.22089,176,2741.554434
32.715547,176,2745.998932
32.865381,176,2750.424366
29.06065,176,2754.879101
32.548936,176,2759.315084
31.490017,176,2763.745291
34.36707,176,2768.195377
36.604562,176,2772.631089
35.919682,176,2786.17072
37.247123,176,2790.580879
36.030851,176,2795.023841
34.773781,176,2799.460399
34.204231,176,2803.923368
31.83038,176,2808.375053
38.679895,176,2812.783901
35.2087,176,2817.190802
34.269248,176,2821.599835
37.748865,176,2826.021951
39.885225,176,2830.436188
39.885925,176,2843.874655
38.813787,176,2848.300644
38.050448,176,2852.703824
31.633497,176,2857.13865
35.067095,176,2861.504944
37.974137,176,2865.887885
35.81076,176,2870.290319
41.846491,176,2874.660321
33.297706,176,2879.068456
34.27137,176,2883.449325
32.493485,176,2887.822318
34.928518,176,2892.229935
34.62042,176,2905.767447
31.899729,176,2910.138371
34.788938,176,2914.52637
34.224801,176,2918.799188
33.051326,176,2923.144415
38.723415,176,2927.474996
35.681278,176,2931.803886
40.848891,176,2936.167228
36.498555,176,2940.575972
32.852332,176,2944.980587
37.11167,176,2949.32856
32.354084,176,2953.698886
38.497438,176,2967.343473
35.474121,176,2971.751226
35.498107,176,2976.147882
36.493329,176,2980.563925
31.62423,176,2984.988979
38.169328,176,2989.407111
35.781883,176,2993.84497
39.242293,176,2998.235703
38.450624,176,3002.652621
34.812543,176,3007.064631
33.265522,176,3011.467551
33.352921,176,3025.185136
40.348906,176,3029.637927
29.491169,176,3034.083973
36.636054,176,3038.541844
38.647012,176,3043.00631
41.459571,176,3047.459079
35.281549,176,3051.895356
37.081848,176,3056.332652
39.604112,176,3060.776973
38.224484,176,3065.202005
32.031005,176,3069.614946
31.471259,176,3074.046981
34.666506,176,3087.793104
37.24779,176,3092.226363
34.97017,176,3096.677651
39.009746,176,3101.146505
31.887907,176,3105.5915
37.273515,176,3110.024698
35.521726,176,3114.442527
35.883093,176,3118.854588
37.739576,176,3123.275605
32.221659,176,3127.729427
35.804374,176,3132.154492
35.753491,176,3136.598846
34.540803,176,3150.295501
33.073875,176,3154.763044
37.272478,176,3159.214559
33.867026,176,3163.669568
35.130479,176,3168.102286
36.752736,176,3172.559292
32.133824,176,3177.013651
38.712378,176,3181.467589
32.38457,176,3185.884855
36.64144,176,3190.337006
36.165637,176,3194.788284
29.898352,176,3208.400632
34.674532,176,3212.833464
37.784754,176,3217.245442
38.090499,176,3221.545158
38.82508,176,3225.880211
35.592772,176,3230.18622
36.157255,176,3234.572422
35.150525,176,3238.947699
38.459784,176,3243.366321
35.960994,176,3247.727462
34.223493,176,3252.140238
38.299699,176,3256.482914
38.714765,176,3270.149541
36.836213,176,3274.531906
32.198692,176,3278.956603
35.362673,176,3283.356357
35.144272,176,3287.726361
35.950183,176,3292.078198
34.94059,176,3296.393901
37.120621,176,3300.718628
32.71346,176,3305.108859
35.335868,176,3309.416141
34.168923,176,3313.787937
38.704438,176,3327.339828
36.786457,176,3331.711487
38.107415,176,3336.277219
38.11662,176,3340.682705
30.480668,176,3345.198972
37.289745,176,3349.725327
40.120959,176,3354.292145
36.519279,176,3358.927994
35.597258,176,3363.567421
37.015628,176,3368.149958
34.342754,176,3372.659371
35.18229,176,3377.010587
37.911542,176,3390.64694
30.348448,176,3394.921942
35.463342,176,3399.131247
30.454249,176,3403.366903
36.632499,176,3407.615113
33.270458,176,3411.881898
35.942373,176,3416.118117
38.357863,176,3420.333243
34.142246,176,3424.545257
36.472151,176,3428.801944
38.38505,176,3433.025973
36.998087,176,3437.275306
32.333161,176,3450.757268
37.547177,176,3454.957612
31.130688,176,3459.170699
35.713685,176,3463.368336
33.52205,176,3467.584686
36.5918,176,3471.812853
39.902662,176,3476.055301
36.454365,176,3480.245825
32.794962,176,3484.418453
37.670394,176,3488.62211
34.000528,176,3492.803533
39.266994,176,3506.112383
31.92984,176,3510.309145
33.142645,176,3514.521545
29.77807,176,3518.766926
33.362373,176,3522.984451
32.394464,176,3527.173414
38.990002,176,3531.359434
37.10224,176,3535.553635
42.287522,176,3539.735844
37.767845,176,3543.946104
34.588936,176,3548.14542
36.892192,176,3552.386011
36.668979,176,3565.824824
34.441855,176,3570.0078
35.494133,176,3574.238179
33.148075,176,3578.424234
37.223256,176,3582.606287
33.556902,176,3586.775628
36.087722,176,3590.953602
35.978427,176,3595.128022
37.706856,176,3599.280516
39.126597,176,3603.439342
34.363266,176,3607.632787
41.03178,176,3611.83355
38.070007,176,3625.294271
37.605919,176,3629.492263
37.732236,176,3633.685634
37.381104,176,3637.880414
38.99698,176,3642.091052
33.949897,176,3646.275418
33.728955,176,3650.481433
37.755898,176,3654.696134
39.014672,176,3658.900238
38.555297,176,3663.135659
33.720466,176,3667.420305
34.335891,176,3680.925273
36.768348,176,3685.172061
35.605196,176,3689.466974
30.883526,176,3693.669227
39.099472,176,3697.926869
29.629896,176,3702.119646
33.909029,176,3706.309008
35.763522,176,3710.511747
38.969959,176,3714.669222
34.962131,176,3718.8348
34.796507,176,3723.031805
33.812977,176,3727.228343
