#{"t_start": 1773513470.287894, "env_id": "continuous-exit-v0"}
r,l,t
0.383491,2,5.301796
-7.389385,7,5.632295
0.329581,2,5.724062
2.652727,8,6.072371
-6.012135,9,6.468499
0.377311,2,6.54834
-6.729712,9,6.952114
0.344297,2,7.041166
0.34534,2,7.140887
5.19807,15,7.800854
-8.151567,5,8.028151
1.04836,4,8.186991
0.688922,3,8.325799
-8.468219,4,8.499255
2.362338,7,8.805596
-6.931467,7,9.114043
0.339818,2,9.194156
-8.536923,4,9.380359
0.379236,2,9.470634
-8.359504,4,9.6506
0.372283,2,9.729591
2.86834,8,10.076453
0.330709,2,10.167724
-7.540498,6,10.425018
1.210048,5,10.641245
0.318858,2,10.730395
0.330901,2,10.822341
2.995104,9,11.231895
-8.360639,5,11.452117
3.026022,9,11.864145
0.342621,2,11.953768
6.477831,17,12.685628
1.84096,6,12.935124
1.72123,6,13.200433
-4.766612,12,13.76104
-6.901748,9,14.174324
-8.628842,4,14.35243
2.845718,9,14.757541
0.357541,2,14.846015
5.700689,16,15.533567
-4.543884,12,16.035812
0.793554,4,16.218294
-6.033189,10,16.632103
-7.549573,7,16.939282
0.33725,2,17.031275
-5.148691,10,17.457346
0.368086,2,17.547332
1.042158,4,17.721416
3.268314,8,18.07031
-8.593022,4,18.254437
-4.93219,10,18.705161
-5.071429,10,19.143582
2.610769,7,19.458406
-7.909221,5,19.676688
3.848423,12,20.19664
2.615994,8,20.536443
-8.529194,5,20.757741
1.076237,4,20.928632
-7.332079,7,21.242124
0.313088,2,21.337126
0.689773,3,21.469817
1.158705,5,21.691123
1.493136,5,21.914027
1.640927,6,22.217799
0.33725,2,22.327955
-8.093104,5,22.573041
1.101078,4,22.769518
3.451306,10,23.229004
0.367446,2,23.331064
0.346549,2,23.423159
0.685786,3,23.575962
1.420104,5,23.827876
0.311285,2,23.920704
2.160312,7,24.229985
2.506836,8,24.580765
0.679111,3,24.706228
0.683958,3,24.843752
2.094796,7,25.144674
1.787594,6,25.418265
0.688875,3,25.542166
-5.412121,11,26.067211
1.696038,6,26.340732
0.33725,2,26.423823
1.490277,5,26.654186
-7.714892,6,26.92379
-5.245865,13,27.501998
0.346817,2,27.585727
2.511302,7,27.909584
0.334819,2,27.999091
0.353406,2,28.09057
-6.924073,9,28.476077
-8.474863,4,28.650737
4.938057,13,29.221905
-8.638587,4,29.381554
1.316866,5,29.599694
1.817946,6,29.858448
3.566878,9,30.259445
0.324243,2,30.34932
1.892828,6,30.635596
0.381784,2,30.735029
2.007865,6,30.987014
-6.438203,11,31.483239
1.30979,5,31.704662
1.186498,5,31.923739
0.341505,2,32.012483
-8.67851,4,32.196077
1.053869,4,32.376133
0.726664,3,32.510738
0.364348,2,32.602405
0.323569,2,32.692655
-7.885867,6,32.955019
1.566567,5,33.180147
0.722115,3,33.302348
2.180688,7,33.60992
-5.768159,10,34.038925
-8.039159,6,34.290375
-7.918378,5,34.507216
0.313492,2,34.587751
0.3662,2,34.679782
1.17321,4,34.858851
1.125385,4,35.052999
-7.81344,6,35.329122
-7.78213,6,35.602529
0.33725,2,35.694772
0.320682,2,35.784776
2.18115,8,36.140231
3.160922,9,36.557429
0.358426,2,36.635391
-8.488306,4,36.829216
1.435827,5,37.085096
-7.83634,5,37.335769
0.364616,2,37.436169
-7.532001,7,37.750546
1.165405,4,37.9383
-7.883255,5,38.159905
-4.84303,12,38.686936
-6.497085,11,39.19653
0.33725,2,39.277606
0.732907,4,39.4645
0.311285,2,39.557143
0.686281,3,39.693519
0.339584,2,39.785515
0.715039,3,39.9193
0.35799,2,40.014811
0.321957,2,40.106837
1.113387,4,40.272081
1.934989,7,40.590777
0.354486,2,40.677648
-8.568578,4,40.874237
0.696807,3,41.002081
0.365172,2,41.100792
3.849041,10,41.535211
2.656754,7,41.871544
0.33725,2,41.971712
1.411436,5,42.201059
-6.426563,8,42.587412
1.149304,4,42.775318
0.364172,2,42.865344
0.372759,2,42.948126
-8.412069,4,43.117404
1.313876,5,43.361897
0.702295,3,43.491981
0.311285,2,43.586026
-8.522474,4,43.739631
-7.88187,6,44.018087
1.987105,6,44.306684
3.096745,10,44.740833
4.412278,14,45.367104
-7.038411,7,45.681188
1.034893,5,45.915148
0.33725,2,46.010978
1.772736,6,46.277748
-5.790334,10,46.738434
1.781007,6,47.020898
-8.086447,6,47.282918
0.311285,2,47.375575
-7.925784,5,47.608347
3.457935,10,48.071723
0.330945,2,48.16759
2.201739,7,48.500869
1.093813,5,48.733465
-6.410768,9,49.139105
0.321381,2,49.229317
0.377002,2,49.32286
-8.50687,4,49.510246
1.035506,4,49.690273
2.796175,8,50.039926
0.311285,2,50.132506
-7.664477,6,50.40774
1.39421,5,50.634312
2.040446,7,50.972503
0.733982,3,51.103937
-6.814589,7,51.419174
1.636768,5,51.656067
-7.870981,6,51.928282
-7.455348,6,52.245224
0.369077,2,52.348368
-7.950364,5,52.588584
-3.790728,15,53.276916
0.371128,2,53.359079
0.332389,2,53.460115
2.886929,8,53.837264
0.312044,2,53.93021
1.947975,6,54.23159
1.44869,5,54.458025
0.374594,2,54.554392
-8.096945,5,54.77423
4.048479,11,55.277854
3.311423,10,55.747631
2.533975,8,56.081604
0.348129,2,56.16054
0.715007,3,56.291816
4.236573,13,56.826065
0.330314,2,56.917818
2.925067,9,57.309522
1.818597,6,57.576091
0.334127,2,57.655922
-7.851772,6,57.912236
-6.603923,8,58.268564
2.233957,7,58.57355
0.725547,4,58.746641
1.918289,6,59.016369
0.328502,2,59.109827
0.789524,3,59.251405
0.33725,2,59.344257
0.697475,3,59.481758
-6.666848,7,59.769331
0.334252,2,59.859692
0.359655,2,59.952178
0.355651,2,60.042951
-6.591365,8,60.40147
1.47499,5,60.618284
-8.512332,4,60.798179
0.318193,2,60.878586
0.312031,2,60.967399
0.316914,2,61.059743
0.328967,2,61.150833
-8.582107,4,61.324867
0.331939,2,61.404623
1.14515,5,61.626123
-8.708297,4,61.8088
0.33725,2,61.897638
0.316534,2,61.989989
-8.526217,4,62.173207
0.312599,2,62.264455
0.72299,3,62.401322
1.772976,7,62.699136
2.589939,8,63.044295
0.738141,3,63.182174
0.742013,3,63.316368
3.832102,10,63.74942
-7.400755,6,64.003199
2.340685,7,64.305827
0.318045,2,64.400396
0.729273,3,64.525917
1.643581,6,64.802777
0.683367,3,64.941722
0.320725,2,65.031911
2.382994,7,65.319636
2.561501,7,65.630946
0.71119,3,65.756757
1.352101,5,65.973742
0.693861,3,66.10959
1.468753,5,66.327464
-6.554628,9,66.710804
0.371531,2,66.800099
0.747438,3,66.927536
1.85787,6,67.180709
-7.34192,7,67.49524
-7.832485,5,67.726122
-8.44272,5,67.942485
0.33725,2,68.033967
0.388238,2,68.11376
-7.768688,6,68.373147
1.442689,5,68.602574
3.57724,10,69.05155
0.311285,2,69.142263
0.333106,2,69.234282
7.245654,19,70.073918
0.311285,2,70.164304
1.443438,6,70.4303
2.941656,8,70.790597
-7.781851,6,71.068056
-7.799548,6,71.332263
-7.720111,7,71.621159
0.317276,2,71.712537
0.356906,2,71.805322
-8.620074,4,71.975763
0.333423,2,72.06686
-5.307899,12,72.606909
0.343344,2,72.696289
4.637247,13,73.258304
0.33725,2,73.349641
0.693631,3,73.485617
-1.552287,18,74.27539
-7.087636,8,74.627123
0.354091,2,74.705724
2.218393,7,75.016528
0.374739,2,75.109557
0.315709,2,75.199914
-8.450122,4,75.380159
2.04874,7,75.682563
5.253211,14,76.285027
3.062113,8,76.642581
0.715329,3,76.766611
-8.025459,5,76.998282
-4.017237,15,77.640676
3.024865,8,77.987025
1.117913,5,78.202056
0.674738,3,78.328671
3.504755,11,78.80854
0.332397,2,78.89873
1.219485,5,79.11506
1.78994,6,79.378951
1.941799,7,79.68656
-7.973029,6,79.957915
-5.12639,10,80.410866
0.319467,2,80.489162
2.924,9,80.889179
0.321821,2,80.979234
-7.669237,6,81.253318
-8.198088,5,81.481853
2.326511,7,81.791865
1.837015,6,82.067134
1.439904,5,82.283381
2.236779,7,82.599225
0.703266,3,82.734783
-8.206211,5,82.944122
-8.03244,5,83.169857
1.903109,6,83.427696
0.314513,2,83.519045
5.035201,13,84.115495
-8.206616,5,84.34278
0.335078,2,84.432281
-6.814561,8,84.774739
1.606484,6,85.03492
2.440738,8,85.397176
-7.964263,5,85.613395
1.043831,5,85.834775
0.33725,2,85.925205
1.400082,5,86.154373
0.746819,3,86.291848
2.139316,7,86.610374
1.866445,6,86.883128
3.364062,11,87.353167
1.170731,5,87.568877
6.149268,16,88.262606
2.111892,7,88.575313
0.318937,2,88.653893
1.76664,6,88.908735
1.784801,6,89.180822
1.757997,6,89.435273
0.361901,2,89.526386
1.117248,5,89.746959
2.867165,8,90.09234
-8.327996,5,90.318721
0.735562,3,90.456831
0.315296,2,90.545517
5.624522,15,91.209841
3.661053,11,91.69342
1.506427,5,91.90201
-4.666898,11,92.384351
0.770796,3,92.499526
0.333195,2,92.590465
0.318671,2,92.682768
0.327256,2,92.772414
2.473877,8,93.116586
0.334368,2,93.208183
1.088539,4,93.39032
1.129131,5,93.608573
0.352575,2,93.698097
0.695851,3,93.826447
-7.58616,6,94.083241
0.325647,2,94.173597
-8.173155,5,94.402047
-7.416009,7,94.718383
-8.526719,4,94.898295
-6.959717,7,95.224044
4.271668,14,95.822138
-8.631275,4,96.005148
5.587765,16,104.548586
0.359247,2,104.640821
-8.425348,4,104.823754
0.327202,2,104.914903
0.748889,3,105.050508
1.86547,6,105.316954
1.047708,4,105.487757
1.033865,4,105.661088
-8.407152,5,105.870191
0.361189,2,105.95911
5.21932,13,106.523849
0.358438,2,106.616211
0.3207,2,106.707624
1.801409,6,106.969138
4.120708,13,107.543038
2.894633,9,107.935397
3.289996,8,108.289557
0.761719,3,108.426835
0.714845,3,108.56504
1.458439,5,108.769356
2.12881,7,109.080197
0.321757,2,109.170945
2.116618,6,109.437483
-8.072076,5,109.668087
1.801231,6,109.921889
-5.244546,10,110.36975
0.745785,3,110.495653
-8.195516,5,110.727665
1.430816,5,110.945007
0.334042,2,111.036459
1.010186,4,111.20645
-8.026089,6,111.47059
0.766766,3,111.607043
-8.111761,5,111.812116
2.026335,6,112.076762
-8.084305,5,112.307886
0.738206,4,112.49027
0.33725,2,112.581199
0.711958,4,112.763768
0.685028,3,112.8987
1.895474,6,113.156379
0.311285,2,113.247699
-7.783775,5,113.466969
0.323092,2,113.556316
1.370153,5,113.787714
0.332014,2,113.878275
3.38219,12,114.418932
0.323149,2,114.509474
0.339878,2,114.587775
0.33725,2,114.681175
1.333838,5,114.89805
2.929484,9,115.30125
0.323097,2,115.392021
3.639031,10,115.817587
1.372774,5,116.035126
1.157914,5,116.25233
6.29344,15,116.917113
0.317442,2,117.006062
7.999808,22,117.959299
2.467695,7,118.280606
1.83642,6,118.546718
0.702314,3,118.681581
0.326228,2,118.771178
1.213318,5,118.998748
0.735353,3,119.13321
1.604149,6,119.398552
0.350193,2,119.478294
0.314801,2,119.56974
-8.120925,5,119.789753
0.751648,3,119.917216
0.339779,2,120.009987
0.376069,2,120.100976
1.039496,4,120.283391
1.168842,4,120.466117
0.66224,3,120.602936
2.072502,7,120.912178
1.124882,4,121.096199
1.372552,5,121.306753
0.34334,2,121.398242
-8.223873,5,121.628674
1.197504,5,121.85888
-7.303643,7,122.1596
3.360072,10,122.595194
1.14181,4,122.776745
0.337618,2,122.868428
0.748068,3,122.992391
0.3174,2,123.086473
0.656874,3,123.225809
5.682517,16,123.936131
1.019199,4,124.099522
0.349756,2,124.191013
-8.513312,4,124.363422
0.3342,2,124.453943
0.694,3,124.592382
-4.992492,13,125.168705
-4.792409,14,125.785533
0.344234,2,125.87567
1.481103,5,126.106718
1.556188,5,126.324608
1.033762,4,126.4961
1.695526,6,126.762232
0.705907,3,126.898317
1.633774,7,127.20675
4.355597,11,127.710558
3.081399,9,128.099555
2.296012,7,128.421662
0.336753,2,128.515837
0.358238,2,128.594642
3.737825,10,129.034543
0.331822,2,129.122808
-7.893046,5,129.350188
1.278615,5,129.566543
4.592062,15,130.23318
0.311285,2,130.323077
0.749692,3,130.454741
0.750897,3,130.578676
0.314946,2,130.67359
0.352439,2,130.76931
1.586683,5,131.009939
0.333131,2,131.093914
0.713197,3,131.231657
2.488966,7,131.534781
0.328956,2,131.623431
0.354484,2,131.703086
1.082225,4,131.874393
0.700645,3,131.998536
4.283957,14,132.586414
4.735,14,133.231599
0.685085,3,133.353569
0.33725,2,133.433132
1.157046,4,133.612078
0.345164,2,133.703627
0.373147,2,133.782364
1.088228,5,134.007356
1.053466,4,134.187302
0.336329,2,134.278589
0.311285,2,134.369495
0.33725,2,134.449801
2.817326,7,134.747191
0.753519,3,134.872684
1.091396,4,135.047335
0.321494,2,135.137362
4.631841,13,135.70112
0.339762,2,135.792465
0.318993,2,135.882989
0.32548,2,135.97592
-6.641053,10,136.404424
-7.423149,7,136.701112
-8.385822,5,136.931022
2.11291,7,137.222248
2.220451,7,137.534497
0.327034,2,137.623893
1.74498,6,137.88868
0.734923,3,138.013908
1.885865,7,138.337656
2.211694,7,138.637504
0.380457,2,138.717138
3.74662,10,139.156896
-8.129756,5,139.372742
0.343468,2,139.463361
-7.668529,7,139.785269
0.686873,3,139.909555
-8.111845,5,140.138846
-7.275992,6,140.379738
1.553625,6,140.636008
1.052982,4,140.817811
-7.869679,5,141.048085
1.69092,6,141.323586
0.743908,3,141.448384
-7.545204,6,141.713165
0.333337,2,141.80475
4.318102,12,142.313879
0.704309,3,142.448837
1.287273,5,142.666916
0.311285,2,142.748175
0.996036,4,142.932339
0.712411,3,143.05776
1.124475,4,143.240762
0.702078,3,143.379345
3.728409,11,143.863119
2.147245,6,144.11975
2.474174,8,144.488807
1.688812,6,144.7364
1.077041,5,144.96566
0.362146,2,145.054504
1.024053,4,145.227903
1.581075,6,145.485181
2.244804,7,145.782148
0.377965,2,145.875738
1.770354,6,146.141088
0.340254,2,146.23086
-7.591209,7,146.542935
-8.037076,5,146.758497
1.782142,6,147.002791
0.327723,2,147.081658
0.311285,2,147.162949
0.334655,2,147.253306
-7.918683,6,147.505618
-7.752794,6,147.763468
0.334207,2,147.853639
1.66445,6,148.105649
-8.150358,6,148.374523
0.72043,3,148.509023
0.323923,2,148.591757
1.811568,6,148.865271
2.624771,8,149.214967
1.47004,5,149.442899
2.044666,7,149.76301
1.033331,4,149.943303
0.311285,2,150.025535
0.315157,2,150.115601
0.323382,2,150.207501
0.347908,2,150.30038
2.060982,7,150.612962
0.314257,2,150.692195
-8.613821,4,150.879446
0.33725,2,150.97043
-8.650976,4,151.153783
1.121554,4,151.335323
-7.938539,5,151.544559
1.077138,5,151.774187
0.31781,2,151.864922
-7.93374,5,152.083948
-7.417888,7,152.400177
2.752012,9,152.80491
-8.544842,4,152.97508
4.904043,13,153.54799
0.741042,4,153.730112
0.33725,2,153.822623
0.344392,2,153.903329
1.468857,5,154.137201
0.330215,2,154.226312
-7.865991,6,154.498832
1.427357,5,154.727469
1.903219,6,154.990742
-7.761024,6,155.255693
0.311285,2,155.345763
0.33725,2,155.434897
0.379407,2,155.516453
-7.559903,6,155.781433
1.812375,6,156.03335
-7.97915,5,156.26179
-7.594388,6,156.527489
0.344038,2,156.618213
-7.544901,6,156.880501
0.31404,2,156.969347
0.353137,2,157.06078
1.556346,5,157.278905
-8.122794,5,157.500032
1.98497,6,157.765317
1.388822,5,157.984924
0.709759,3,158.122753
-8.532142,4,158.287253
0.33302,2,158.380525
0.381914,2,158.471127
-4.362785,13,159.058761
0.311285,2,159.150896
-4.914933,12,159.686743
-6.075758,10,160.133348
1.292466,5,160.36272
-7.797187,6,160.632783
-5.173078,11,161.117896
0.327873,2,161.209241
-8.001692,5,161.434565
0.330562,2,161.513906
-8.136389,5,161.724516
0.357039,2,161.815855
1.602289,6,162.066007
0.683041,3,162.192289
0.350396,2,162.285481
0.680428,3,162.424204
1.663082,6,162.697556
0.345101,2,162.78813
2.19649,7,163.095965
0.311285,2,163.186564
0.368108,2,163.276831
2.409475,7,163.588628
-6.470381,8,163.946827
1.438526,5,164.173465
2.80901,8,164.529921
1.946443,6,164.781746
-5.124518,11,165.254939
2.130382,7,165.566646
0.388392,2,165.660076
-6.985585,8,166.007861
0.312556,2,166.099877
1.927633,6,166.378756
4.61948,13,166.945625
0.31903,2,167.036099
1.416336,5,167.264276
1.430645,5,167.483333
-7.468164,6,167.740157
1.449917,5,167.949061
0.330423,2,168.041384
2.452486,8,168.401147
0.338229,2,168.493192
-7.769835,6,168.74612
-8.60475,4,168.929227
2.595299,8,169.287952
0.358852,2,169.378015
2.444933,8,169.746716
1.50027,5,169.962469
1.577864,6,170.236576
0.314063,2,170.325959
-7.901157,6,170.600844
1.049652,4,170.760322
1.15096,4,170.934721
0.691398,3,171.071869
0.370644,2,171.164703
1.746,6,171.427721
0.689125,3,171.553258
1.039301,5,171.785647
2.255267,7,172.076006
0.376721,2,172.166851
-7.722046,6,172.432273
0.747041,3,172.559321
0.327181,2,172.652358
4.195398,11,173.160316
0.320711,2,173.248472
0.683968,3,173.375279
0.371803,2,173.466266
0.311285,2,173.555361
1.834159,6,173.802502
0.369374,2,173.8946
0.374191,2,173.98615
-4.998729,14,174.617234
0.334646,2,174.707834
0.338909,2,174.786602
0.380937,2,174.878006
4.568593,12,175.413701
3.902146,10,175.838193
1.024426,4,176.014609
0.35484,2,176.108161
0.710045,3,176.244231
-8.500075,5,176.453168
0.741411,3,176.580113
0.321876,2,176.672364
0.320416,2,176.763573
0.344068,2,176.84357
-7.27233,7,177.164024
1.368669,5,177.380458
0.33725,2,177.471683
1.561209,5,177.691296
0.334547,2,177.782684
1.817691,6,178.039658
0.758069,4,178.22085
0.311285,2,178.31256
-8.049922,5,178.543282
0.327184,2,178.633726
0.369039,2,178.725141
1.097375,4,178.908854
-2.816659,15,179.565687
1.377695,5,179.781228
1.895542,6,180.056524
2.637472,8,180.413224
0.327077,2,180.503245
2.427236,8,180.866581
3.465827,10,181.294258
0.700774,3,181.429845
0.733729,3,181.569595
1.775903,7,181.87191
-5.671128,12,182.386035
0.337202,2,182.478399
0.34085,2,182.570601
0.707813,3,182.710012
0.317308,2,182.799252
-8.009292,6,183.078342
2.032711,7,183.376827
0.343866,2,183.468395
0.315693,2,183.55895
0.369743,2,183.653093
0.311285,2,183.744643
1.47784,5,183.975618
-8.16981,5,184.193452
1.045639,4,184.377865
0.33725,2,184.45807
0.320101,2,184.538263
1.072012,4,184.718542
0.32162,2,184.8103
1.093476,4,184.993629
1.864118,6,185.260227
0.335296,2,185.352462
2.095907,7,185.676535
-6.166868,9,186.065684
1.046478,5,186.274168
3.787046,11,186.757147
0.320575,2,186.84605
0.352964,2,186.93778
-7.254404,6,187.215768
2.554412,8,187.556698
0.334749,2,187.647421
0.327683,2,187.737738
0.318678,2,187.827316
0.368962,2,187.922057
1.312611,5,188.141153
0.362029,2,188.222178
0.33725,2,188.313437
3.408897,10,188.745081
0.318306,2,188.834212
1.116432,4,189.005944
0.712779,3,189.14325
2.063397,7,189.450167
4.413026,12,189.975494
2.180762,7,190.284835
-8.55087,4,190.469626
0.329294,2,190.560818
0.349428,2,190.653571
-8.287908,5,190.87165
3.141181,8,191.20816
4.137375,10,191.642886
1.796569,6,191.919863
-8.142057,5,192.158913
0.364049,2,192.249238
-7.252285,8,192.609491
1.637076,6,192.874245
0.357111,2,192.953729
1.339704,5,193.182839
0.311285,2,193.261676
0.325992,2,193.353067
0.722189,3,193.492116
-6.040738,12,194.029864
2.110968,7,194.326507
3.994255,11,194.814277
1.064521,4,203.044911
0.735899,3,203.181863
5.094295,14,203.786554
3.565792,10,204.243631
6.648978,17,204.973878
-8.328122,5,205.192619
0.33725,2,205.281842
0.350771,2,205.36392
0.323508,2,205.458214
4.890969,15,206.133425
0.368157,2,206.218723
0.729233,3,206.350086
0.357957,2,206.440422
0.327912,2,206.534616
2.139476,7,206.853483
0.331562,2,206.945507
2.39974,7,207.256463
0.314485,2,207.346625
2.42025,7,207.647057
0.691605,3,207.781377
1.034286,4,207.950934
0.332104,2,208.038776
1.378595,5,208.254828
0.330191,2,208.342866
0.365648,2,208.432296
0.311285,2,208.521076
0.727899,3,208.644671
4.328783,13,209.198301
1.02202,4,209.382841
3.672543,12,209.908586
0.349286,2,210.001912
0.33725,2,210.092955
1.116571,4,210.277855
1.107877,4,210.456754
1.086857,4,210.645262
0.373227,2,210.734448
0.311285,2,210.827567
0.380386,2,210.918236
1.035984,5,211.138911
1.033031,7,211.455904
1.389517,5,211.685611
1.504575,5,211.915848
0.34691,2,212.004067
0.311285,2,212.093723
0.329729,2,212.182338
1.44559,5,212.410158
2.03887,6,212.67898
0.322936,2,212.766236
4.668409,13,213.351297
0.377353,2,213.441264
-7.434161,6,213.699657
0.329501,2,213.791171
0.374757,2,213.879896
0.325159,2,213.968269
0.311285,2,214.058076
0.963753,4,214.226843
0.311774,2,214.315145
0.715263,3,214.448401
0.312786,2,214.536403
2.050162,6,214.800863
-8.378677,5,215.015028
0.312149,2,215.104023
0.368429,2,215.192529
0.375534,2,215.284228
-8.610138,4,215.471499
1.102857,4,215.650025
0.345207,2,215.739463
0.359022,2,215.82827
0.351103,2,215.917924
1.802512,6,216.176856
1.956283,6,216.437397
4.526031,13,217.008297
0.733756,3,217.132306
0.354727,2,217.222159
0.706985,3,217.354314
0.336003,2,217.447345
0.320972,2,217.536141
-7.849706,6,217.795104
0.371279,2,217.88661
0.323863,2,217.975024
-7.620549,6,218.223003
2.131937,7,218.530614
0.709585,3,218.667671
0.333702,2,218.761537
0.742561,3,218.896814
1.488141,5,219.113227
0.370975,2,219.190259
0.311285,2,219.279457
2.498804,8,219.631375
0.712309,3,219.766296
1.085324,4,219.945827
1.892686,6,220.20459
0.361539,2,220.295579
0.327316,2,220.385419
1.28107,5,220.600869
0.320634,2,220.691711
1.839784,6,220.946698
0.348537,2,221.035117
1.026687,4,221.215825
1.407665,5,221.42999
0.318272,2,221.5202
1.205435,5,221.723833
-6.486343,8,222.084908
1.14383,4,222.253677
0.33725,2,222.332705
0.341628,2,222.423791
-4.611625,13,222.996897
1.356244,5,223.221776
3.422158,10,223.647634
0.744458,3,223.780813
1.259826,5,224.007693
0.709829,3,224.131039
0.371941,2,224.221354
1.050373,4,224.400661
0.681326,3,224.522325
0.311285,2,224.613212
2.450668,7,224.919216
0.33725,2,225.007897
0.961557,4,225.177849
0.742812,4,225.34471
0.33725,2,225.433872
0.709965,3,225.558692
-7.128429,9,225.923123
0.814955,4,226.103605
0.662097,3,226.236878
2.128942,7,226.53645
-8.156357,5,226.758937
1.46342,5,226.974807
0.735223,3,227.09816
3.183286,9,227.481367
4.36022,12,228.005839
1.955334,6,228.279148
1.071332,4,228.465915
0.314279,2,228.559164
0.342709,2,228.653417
0.369609,2,228.747854
0.688038,3,228.886211
0.311285,2,228.978873
0.33725,2,229.072535
0.984858,4,229.25011
1.38479,5,229.492481
1.010704,5,229.719685
0.311285,2,229.812496
0.320967,2,229.906034
1.942807,6,230.191501
1.208995,5,230.419054
-8.612,4,230.6062
0.311285,2,230.698883
3.88072,10,231.164863
0.341799,2,231.256146
1.872859,6,231.538781
0.312918,2,231.630395
0.324393,2,231.72307
0.311285,2,231.814829
1.456067,5,232.039526
-5.92746,9,232.456453
3.259713,10,232.916382
0.359517,2,233.007013
0.332464,2,233.102484
0.318423,2,233.183883
0.33725,2,233.273837
1.438813,5,233.484757
2.202572,6,233.746641
0.32121,2,233.838223
0.763095,3,233.977845
0.364443,2,234.067759
-7.713905,6,234.345612
0.311285,2,234.425861
0.334332,2,234.510107
2.527304,8,234.88195
0.323861,2,234.963388
0.345906,2,235.054649
-8.036231,5,235.283708
0.323013,2,235.372736
2.796327,8,235.732322
3.653199,10,236.175456
0.334284,2,236.266904
0.352993,2,236.358469
2.726697,8,236.718981
1.163502,5,236.947679
0.382721,2,237.036321
0.357102,2,237.126224
2.771317,9,237.519773
0.340998,2,237.610064
0.33509,2,237.701973
-8.607223,4,237.871075
3.11895,9,238.278098
0.714993,3,238.413349
0.331218,2,238.50796
0.324822,2,238.599281
2.697745,8,238.933191
-8.499167,4,239.113815
3.158123,9,239.521487
0.327495,2,239.612531
1.760844,6,239.889051
0.662936,3,240.021229
1.997622,6,240.287308
0.368818,2,240.374611
0.378037,2,240.464591
2.507652,7,240.774044
1.731769,6,241.021252
-8.517379,4,241.189044
0.379328,2,241.278091
3.466165,11,241.762258
0.311285,2,241.849742
1.01471,4,242.029007
0.328056,2,242.117207
0.345202,2,242.206931
0.349778,2,242.296316
0.752099,3,242.420488
0.311285,2,242.499413
1.809138,6,242.756451
0.370466,2,242.833429
0.311285,2,242.912941
1.103914,4,243.094271
-6.814631,8,243.440524
0.356413,2,243.527638
0.726014,3,243.650021
1.786221,6,243.918991
0.7055,3,244.054007
0.356447,2,244.141534
2.967627,9,244.537922
5.227785,14,245.119997
-7.434174,6,245.391203
1.048016,4,245.563635
4.714327,13,246.13589
0.373968,2,246.225199
3.048711,10,246.654565
1.741336,6,246.91689
0.311285,2,246.995661
1.852782,6,247.25643
0.329451,2,247.344426
0.751827,3,247.477563
0.715683,3,247.610723
0.355944,2,247.69756
0.313299,2,247.787574
2.141734,7,248.09694
1.84745,6,248.347208
1.696159,6,248.599096
1.024695,4,248.779447
-8.48737,4,248.94842
-8.606107,4,249.118091
0.377173,2,249.206324
1.097617,4,249.385661
0.311285,2,249.474879
0.322307,2,249.566015
1.059278,4,249.743862
0.333986,2,249.836171
1.024695,5,250.080295
1.448993,5,250.305209
0.364478,2,250.394369
1.416805,5,250.611959
-7.662922,6,250.889473
-7.133388,9,251.271018
3.837112,11,251.759961
-8.714021,4,251.934121
3.874031,10,252.366137
-8.418539,4,252.539552
1.149277,4,252.725194
0.756967,3,252.859576
1.062617,4,253.051765
-8.808828,4,253.231098
-6.47127,8,253.5793
0.327785,2,253.670556
0.354935,2,253.762358
1.491635,5,253.982372
3.008229,8,254.346951
-7.245993,9,254.766975
0.364899,2,254.856632
0.724001,3,254.983734
0.35047,2,255.075934
3.080012,9,255.478296
0.704863,3,255.615086
0.334203,2,255.705293
0.738314,3,255.840598
0.337561,2,255.935425
0.322281,2,256.026132
1.26585,6,256.281028
1.026228,4,256.45354
0.690837,3,256.581517
3.117151,9,256.978141
0.326768,2,257.058846
2.959605,10,257.509634
0.322022,2,257.600734
0.68779,3,257.726057
0.696784,3,257.86381
2.44593,8,258.22956
0.711597,3,258.36536
2.234672,7,258.685418
1.896898,6,258.959176
0.348708,2,259.051546
1.899741,6,259.3153
1.489118,5,259.539013
0.322377,2,259.629636
1.216648,5,259.847682
0.362331,2,259.937427
1.685324,6,260.199905
0.701256,3,260.328046
0.313764,2,260.421877
4.532944,13,261.019904
2.299979,7,261.341601
4.374753,13,261.91515
0.699939,3,262.05004
1.097648,4,262.233736
0.328557,2,262.322511
-7.48836,6,262.597781
0.311285,2,262.688342
0.352254,2,262.778651
-8.579491,4,262.951813
0.666965,3,263.088422
2.576571,9,263.480737
0.33725,2,263.570014
-7.96577,5,263.781487
0.369779,2,263.873134
1.227983,5,264.096767
1.790739,6,264.369563
0.317168,2,264.460273
1.069369,5,264.688493
-7.165686,7,265.002601
0.312564,2,265.093676
1.091442,4,265.262998
0.353265,2,265.353338
-6.306558,8,265.70113
2.579245,8,266.058075
0.334022,2,266.147694
3.461228,11,266.634896
0.333211,2,266.713177
0.666301,3,266.850853
4.541189,13,267.409766
1.796295,6,267.6849
0.331279,2,267.774099
1.536794,5,268.008545
2.307748,8,268.374965
1.295303,5,268.592509
1.476554,5,268.8209
0.364462,2,268.910516
3.354265,9,269.32154
0.315872,2,269.413565
3.997318,11,269.89874
0.321043,2,269.990138
0.375726,2,270.079749
2.644056,7,270.388065
-6.760025,8,270.733276
0.33725,2,270.813048
0.32654,2,270.904161
1.606316,6,271.156445
0.384881,2,271.248462
0.359419,2,271.339525
0.357612,2,271.435549
0.716176,3,271.570935
-8.211531,5,271.802687
-7.954723,5,272.033878
2.176713,7,272.35337
0.694192,3,272.488933
1.720785,6,272.765803
0.73924,3,272.900199
0.331116,2,272.989618
0.35889,2,273.082744
2.969382,9,273.485168
0.732691,3,273.622144
0.311285,2,273.713261
0.332587,2,273.805629
0.761061,3,273.943454
1.158842,5,274.159598
0.33725,2,274.238385
0.388982,2,274.317626
1.339713,5,274.547601
0.374368,2,274.636152
0.311285,2,274.727035
2.649008,9,275.131414
1.945379,6,275.405434
0.734984,3,275.530807
0.34444,2,275.6139
1.312757,5,275.834478
0.745335,3,275.973673
-8.142776,5,276.199914
0.342063,2,276.280617
1.09113,4,276.460886
0.988372,5,276.688421
0.330961,2,276.778166
0.331133,2,276.86817
2.687789,8,277.223698
0.380093,2,277.315103
2.436615,7,277.615613
0.740411,3,277.751109
0.318302,2,277.831552
2.094061,7,278.155944
1.448881,5,278.386708
0.33725,2,278.477523
1.810986,6,278.743275
-5.785235,10,279.169904
0.749185,3,279.307106
0.971678,4,279.493702
1.473747,5,279.721431
0.383577,2,279.810365
0.695038,3,279.937177
1.224845,5,280.161757
3.051711,9,280.573877
-8.699426,4,280.744403
0.365868,2,280.836471
0.357449,2,280.926585
0.372893,2,281.018411
1.016563,4,281.203993
0.327488,2,281.295182
0.342028,2,281.38718
0.325196,2,281.478257
2.388257,8,281.802456
3.095407,8,282.160655
1.37656,5,282.390273
1.890384,7,282.697978
0.955111,4,282.881634
0.353845,2,282.961479
0.662883,3,283.086581
0.71534,3,283.223326
2.657207,8,283.589453
1.4038,5,283.818051
1.054193,4,283.988444
0.372695,2,284.079227
0.337109,2,284.172606
1.101341,4,284.354497
1.421451,5,284.580422
0.373233,2,284.660703
3.87949,9,285.065193
0.680921,3,285.201036
1.002448,4,285.385901
0.328292,2,285.46653
3.208378,9,285.859516
0.362168,2,285.947647
0.316422,2,286.036393
0.311285,2,286.129083
2.006889,7,286.437163
2.202698,7,286.75424
1.109812,4,286.935052
1.480212,5,287.143734
-7.255483,7,287.446284
1.992993,6,287.700446
0.736472,3,287.835723
0.367361,2,287.928389
0.729604,3,288.06479
0.316737,2,288.154817
0.350062,2,288.24626
1.590785,5,288.477835
1.092661,4,288.650572
1.460547,5,288.861761
0.374383,2,288.952748
0.318079,2,289.046802
0.332926,2,289.139067
0.334533,2,289.229289
0.739484,3,289.367625
0.328267,2,289.458857
0.360147,2,289.551936
2.329602,7,289.87318
0.33725,2,289.963691
1.898941,6,290.233808
0.311285,2,290.324658
2.70218,8,290.669024
0.337539,2,290.761077
1.137573,4,290.932891
2.937709,9,291.337182
2.043395,7,291.63753
0.365654,2,291.730071
0.314615,2,291.822717
1.41241,5,292.028873
0.360632,2,292.120096
1.115878,4,292.303164
0.332078,2,292.393207
0.372136,2,292.483616
0.723165,3,292.619738
0.338735,2,292.713722
1.804815,6,292.976844
0.757004,3,293.103276
1.041548,4,293.286137
1.160829,5,293.515016
0.755855,3,293.651281
-6.978191,7,302.182775
1.342881,5,302.399169
1.250009,5,302.629009
0.742849,3,302.765172
0.33725,2,302.857703
1.147309,4,303.042386
0.359085,2,303.131737
0.341876,2,303.221534
0.710629,3,303.358642
0.311285,2,303.450642
-8.283759,5,303.677989
1.132855,5,303.90448
0.323898,2,303.995319
2.889311,9,304.386954
0.348353,2,304.479458
1.531848,5,304.67961
0.329745,2,304.774509
0.381189,2,304.867333
0.700138,3,305.001831
0.353041,2,305.082017
0.318263,2,305.16305
0.754353,3,305.301093
0.349991,2,305.392333
1.773652,6,305.656799
0.746074,3,305.793298
1.070612,4,305.964823
2.27707,8,306.329274
1.099133,4,306.501654
0.32926,2,306.59168
-8.493504,4,306.764976
0.995419,4,306.940317
1.054852,4,307.123886
0.723199,3,307.251876
0.316319,2,307.344523
0.3575,2,307.434498
0.353974,2,307.525208
4.513918,12,308.066006
4.028161,12,308.621799
-7.915348,5,308.841586
0.326319,2,308.932621
0.338341,2,309.023901
8.367272,24,310.12046
0.376634,2,310.20922
-6.784929,8,310.566398
-6.145028,9,310.957748
-8.729304,4,311.130621
4.207395,11,311.632901
1.810853,6,311.899216
0.346371,2,311.989582
0.340227,2,312.080849
0.710307,3,312.218608
0.33725,2,312.309695
0.32177,2,312.389444
2.701052,8,312.736892
0.67986,3,312.873946
0.326339,2,312.965332
2.391414,7,313.278857
1.346263,5,313.504648
0.33725,2,313.597507
0.33725,2,313.688435
-8.065862,6,313.963985
0.363257,2,314.053949
1.547065,6,314.317647
0.33725,2,314.408451
0.746694,3,314.542741
1.400525,5,314.759209
0.365716,2,314.851494
0.336363,2,314.942968
0.336969,2,315.035074
2.5074,8,315.373419
0.337601,2,315.464616
1.078909,4,315.635684
1.350956,5,315.864955
1.682491,6,316.116297
0.320044,2,316.207504
1.504618,5,316.434606
1.425768,5,316.651318
1.37894,5,316.880727
1.455249,5,317.106634
1.069586,4,317.278417
1.255142,5,317.498202
0.33725,2,317.590866
3.09703,10,318.050815
0.700641,3,318.18651
1.143322,4,318.366292
0.356432,2,318.453415
0.322507,2,318.545287
0.311285,2,318.62384
0.350106,2,318.704633
0.311285,2,318.785201
1.121804,4,318.955456
0.726383,3,319.081124
0.332459,2,319.172997
1.749008,6,319.449054
4.07593,12,319.989355
1.480035,5,320.22063
2.009559,6,320.487376
0.712945,3,320.623711
-4.320573,12,321.163857
4.04386,13,321.728861
2.060593,7,322.047521
0.723343,3,322.181694
0.384207,2,322.26168
2.871493,9,322.663603
0.364715,2,322.745096
1.801102,6,323.011391
0.330905,2,323.104398
2.529286,8,323.463687
0.351737,2,323.553368
0.330981,2,323.644884
1.283218,5,323.863481
0.354694,2,323.944927
0.311285,2,324.035739
1.137688,4,324.210155
3.974263,12,324.751547
2.11809,7,325.073338
0.334867,2,325.163551
0.358794,2,325.255372
1.238952,5,325.471039
0.311285,2,325.54972
5.312958,15,326.227242
1.194686,5,326.435482
1.397253,5,326.668537
2.323633,7,326.987164
0.758998,3,327.122121
0.323726,2,327.215737
2.451758,8,327.562349
1.133014,4,327.74386
0.315176,2,327.824233
0.32456,2,327.914396
1.366917,5,328.133323
0.35201,2,328.224173
0.357258,2,328.314959
1.421761,5,328.534521
0.376278,2,328.626581
1.734748,6,328.893927
1.47476,6,329.158998
0.317524,2,329.248669
0.347979,2,329.340636
3.836279,12,329.873365
0.999489,4,330.048377
-6.348819,8,330.409399
0.329933,2,330.501257
0.350788,2,330.592479
1.490222,5,330.81983
0.367279,2,330.910383
1.141647,5,331.138451
0.708309,3,331.272678
1.307157,5,331.491176
0.324225,2,331.570404
0.33725,2,331.660331
0.323267,2,331.753706
0.341125,2,331.846391
2.725185,9,332.248459
0.707125,3,332.384135
0.350249,2,332.474
0.676009,3,332.614679
0.320235,2,332.706825
1.647616,6,332.973502
0.386389,2,333.064076
0.960653,4,333.225214
-6.51062,9,333.618893
0.320338,2,333.710552
1.38551,5,333.935366
2.120515,6,334.202069
1.558165,6,334.476225
0.338906,2,334.568701
1.163154,4,334.747056
5.189881,17,335.494246
1.807407,6,335.756959
0.721074,3,335.873897
0.311285,2,335.966316
1.047428,4,336.140073
0.375951,2,336.221155
0.738427,3,336.361789
0.709902,3,336.488066
0.720498,3,336.613522
0.384975,2,336.705585
0.695224,3,336.843878
2.671833,8,337.198917
1.119224,4,337.380224
0.381705,2,337.471982
0.665377,3,337.609371
0.362806,2,337.701163
-7.861537,5,337.921636
2.407459,8,338.279542
0.368873,2,338.369735
0.352154,2,338.458908
1.429242,5,338.685623
1.852076,6,338.956625
0.342069,2,339.047529
0.311285,2,339.129957
1.088724,4,339.310884
-6.923608,9,339.705225
0.330127,2,339.781907
0.317559,2,339.870556
0.329426,2,339.960315
1.402996,5,340.182977
0.353767,2,340.271593
0.358519,2,340.364653
0.319231,2,340.452311
0.320316,2,340.532715
0.381138,2,340.613312
0.766086,3,340.739604
0.33725,2,340.830119
-8.201425,5,341.032071
0.311285,2,341.121821
1.842592,6,341.382623
0.354111,2,341.470395
4.363428,12,341.988979
1.083169,4,342.149675
-8.162743,5,342.371931
0.321732,2,342.459491
0.349224,2,342.547842
1.051217,4,342.716688
0.343203,2,342.795502
-6.68063,8,343.146412
0.692462,3,343.279225
4.191926,12,343.811592
0.331982,2,343.902852
1.110412,4,344.08428
0.731356,3,344.208541
0.736313,3,344.346753
1.261588,5,344.566853
-8.443003,5,344.796403
0.343136,2,344.88559
0.365892,2,344.976665
1.242033,5,345.206095
1.254765,5,345.434525
-6.828287,8,345.80496
2.261462,7,346.126392
1.112125,5,346.353556
1.425803,5,346.572732
2.583828,8,346.92669
0.332983,2,347.016938
0.320627,2,347.106663
1.481779,5,347.324659
0.693796,3,347.462762
0.694898,3,347.599086
0.324952,2,347.678408
0.333756,2,347.770249
0.364954,2,347.862784
0.35899,2,347.95587
-7.469555,6,348.224993
0.738002,3,348.36103
-7.788721,7,348.660338
1.837884,6,348.923603
0.773468,3,349.059368
0.311285,2,349.139779
1.304582,5,349.358871
-8.5758,4,349.542857
0.728981,3,349.679967
3.679228,10,350.126504
0.35716,2,350.218231
2.372436,7,350.527863
-8.562371,4,350.700831
0.311285,2,350.792906
0.337946,2,350.884597
1.357018,5,351.114295
0.329978,2,351.206256
0.690855,3,351.331046
1.276684,5,351.560989
-8.734931,4,351.733181
0.319042,2,351.824139
-8.592626,4,352.008086
1.417649,5,352.223857
0.313597,2,352.315973
0.345885,2,352.405684
4.44375,12,352.953105
1.02558,5,353.159456
0.358209,2,353.240079
0.311517,2,353.322959
0.674789,3,353.459918
-8.116039,5,353.676654
2.787745,9,354.085779
1.264382,5,354.315161
1.415687,5,354.523526
3.637824,9,354.938167
0.721746,3,355.075813
1.108354,4,355.248886
0.742738,3,355.387689
0.738233,4,355.570067
0.331411,2,355.664688
1.818933,6,355.938673
1.32617,5,356.147312
0.311285,2,356.23939
0.33725,2,356.321138
2.142826,7,356.641172
2.879114,8,356.986691
1.384757,5,357.209495
0.33725,2,357.299037
0.350957,2,357.388414
3.312144,8,357.750836
0.388717,2,357.840453
0.322828,2,357.93237
2.675425,8,358.285718
0.325773,2,358.37919
0.313748,2,358.47042
0.322088,2,358.559737
2.858073,9,358.965647
1.40297,5,359.185671
0.33725,2,359.277474
0.369462,2,359.372179
2.577987,8,359.726679
0.332085,2,359.817866
-8.014586,5,360.026999
3.120493,9,360.409948
1.767675,6,360.684302
-8.590601,4,360.867935
0.33725,2,360.957737
0.725246,3,361.095041
1.902923,6,361.363981
0.33725,2,361.45432
-8.731705,4,361.639186
0.352707,2,361.728479
2.020093,6,362.005054
3.316663,10,362.461327
0.715561,3,362.587187
0.744124,3,362.723926
-7.740742,7,363.043006
1.857339,6,363.318034
0.335792,2,363.408791
0.359002,2,363.502708
0.735596,3,363.627273
2.80232,8,363.984615
0.331762,2,364.07597
2.685563,8,364.440141
3.193348,10,364.898111
0.33725,2,364.989606
2.37643,7,365.308315
0.360888,2,365.399886
-8.58987,5,365.629366
3.43411,9,366.000733
0.370765,2,366.091526
0.339851,2,366.182357
-7.956077,7,366.507194
2.982554,10,366.964573
0.355965,2,367.056523
3.286356,10,367.512674
2.969595,9,367.916757
0.325572,2,368.00713
1.319683,5,368.236302
0.715028,3,368.376326
2.071662,7,368.68761
-7.97606,5,368.915199
0.319683,2,369.007709
0.330194,2,369.098939
0.323911,2,369.191332
0.69611,3,369.33006
1.32165,5,369.560589
-4.436213,15,370.238508
0.325872,2,370.33006
1.153221,4,370.511002
0.334919,2,370.603954
0.721438,3,370.729715
4.173491,12,371.26238
1.005924,5,371.490848
-8.316528,6,371.757764
1.916144,6,372.032211
0.716846,3,372.168381
0.670511,3,372.304091
1.104004,4,372.475484
1.550676,5,372.705774
0.378681,2,372.796486
0.372577,2,372.886151
4.234442,13,373.486392
0.33725,2,373.577063
0.322691,2,373.656837
0.331218,2,373.737624
0.743254,3,373.865097
0.701282,3,373.992466
0.73658,3,374.118464
1.81445,6,374.395702
1.175728,4,374.581083
0.721601,3,374.716499
0.316128,2,374.807005
4.353252,12,375.34353
0.686072,3,375.479134
0.674131,3,375.612038
2.914859,9,376.01534
3.043722,9,376.417805
3.859808,12,376.956028
0.34094,2,377.046161
2.065693,7,377.361295
0.33725,2,377.450113
1.044458,4,377.633585
0.311285,2,377.723274
3.568942,11,378.224385
0.672487,3,378.361332
2.40354,8,378.703736
2.670577,9,379.09685
0.344688,2,379.18904
2.479196,8,379.54576
1.327874,5,379.767704
0.690891,3,379.903273
0.33725,2,379.996674
2.631179,7,380.316454
-8.390217,4,380.501079
0.331528,2,380.591572
1.422085,5,380.822447
4.215057,12,381.37006
0.311285,2,381.459775
0.370442,2,381.552537
1.408803,5,381.758801
0.381657,2,381.85082
0.322565,2,381.945599
3.050019,9,382.328907
0.724834,3,382.454265
0.363655,2,382.547693
0.972015,4,382.718264
2.08163,7,383.033695
0.311285,2,383.123634
2.444264,7,383.446995
2.558088,8,383.80474
0.36746,2,383.896495
0.972725,4,384.080404
0.311285,2,384.159282
0.355882,2,384.252079
0.346906,2,384.34325
1.142977,4,384.518706
2.602858,8,384.875079
0.742264,3,385.013118
2.167802,7,385.325291
0.311285,2,385.415174
0.316707,2,385.508781
0.338433,2,385.600349
1.213751,5,385.821374
0.341323,2,385.912112
1.053164,4,386.09498
0.34435,2,386.186081
0.33725,2,386.275598
0.722441,3,386.402604
0.324313,2,386.492138
0.319915,2,386.574617
1.295777,5,386.796924
0.727608,3,386.921938
3.883386,12,387.468227
0.373008,2,387.558666
1.60902,6,387.814237
0.376565,2,387.905644
0.315388,2,387.997567
2.159281,7,388.31707
0.345439,2,388.396801
1.00546,5,388.615862
2.782861,8,388.971545
1.69323,6,389.226134
0.320264,2,389.3167
-8.02154,5,389.548121
0.33725,2,389.63857
0.765485,3,389.775222
0.366927,2,389.867254
0.358542,2,389.958073
2.563879,8,390.302662
0.388014,2,390.394543
2.59203,9,390.799038
0.379805,2,390.890726
0.354411,2,390.982121
0.35854,2,391.073176
1.550234,5,391.304548
0.673814,3,391.441231
2.432298,8,391.809469
1.064359,4,391.981371
0.340999,2,392.07192
0.741009,3,392.209895
0.33725,2,392.300988
0.33725,2,392.391906
1.313834,5,392.62142
8.272783,20,393.467408
0.728012,3,401.698861
0.351916,2,401.798274
2.16606,7,402.134888
0.324883,2,402.213644
0.361689,2,402.304451
0.328965,2,402.388315
0.311285,2,402.482429
0.365271,2,402.573656
1.873045,6,402.850646
0.710653,3,402.987542
1.767204,6,403.263466
0.33725,2,403.355901
1.707426,6,403.629128
2.021813,6,403.891778
2.706085,8,404.262194
0.336128,2,404.352506
1.045429,4,404.538626
1.029834,4,404.722353
1.969473,6,404.969095
0.662887,3,405.095528
0.699115,3,405.234896
0.332534,2,405.316381
1.499385,5,405.545534
0.325237,2,405.637125
0.322262,2,405.727254
1.485422,5,405.94597
0.990472,4,406.129331
0.377623,2,406.221318
0.341853,2,406.312179
0.729903,3,406.44926
0.324758,2,406.540268
0.342069,2,406.63012
0.320085,2,406.72107
1.426191,5,406.951598
0.379828,2,407.040721
0.314319,2,407.131177
0.385543,2,407.223157
1.121367,4,407.385022
0.323536,2,407.477465
0.725425,3,407.619223
0.32551,2,407.709581
1.676218,6,407.975957
1.553834,6,408.2492
3.14518,9,408.651859
1.464503,5,408.849005
2.268461,7,409.162157
0.332653,2,409.254306
1.070947,4,409.437728
0.312473,2,409.531275
0.342085,2,409.62243
-6.951622,7,409.924211
0.756901,3,410.061972
0.327839,2,410.151866
1.461848,5,410.385829
0.381231,2,410.479045
2.820747,9,410.868119
1.324765,5,411.088278
0.339173,2,411.176756
0.355184,2,411.267694
1.644092,6,411.541789
0.723171,3,411.680647
1.583744,6,411.956409
0.674358,3,412.092609
0.338138,2,412.184245
1.137667,4,412.356189
1.358165,5,412.584347
0.69631,3,412.720432
0.338243,2,412.811746
1.473281,5,413.031173
0.314535,2,413.122637
2.061835,6,413.397729
2.195277,7,413.704589
2.398744,7,414.017585
0.356302,2,414.106535
1.972331,6,414.373483
2.356506,8,414.739091
3.191573,10,415.177846
-8.011855,5,415.405287
4.818438,13,415.98414
0.317221,2,416.075726
4.629742,14,416.712426
2.569747,8,417.067561
0.350954,2,417.146978
2.50289,7,417.456859
0.352737,2,417.548961
1.195051,5,417.779463
1.417441,5,417.999198
0.346255,2,418.092838
0.311285,2,418.18296
0.335227,2,418.273528
0.355121,2,418.366063
0.342108,2,418.458215
2.149012,7,418.779875
0.361851,2,418.868725
0.677934,3,419.004553
0.738359,3,419.131498
1.421938,5,419.360662
0.311285,2,419.450621
2.407747,8,419.796848
0.322281,2,419.876569
-7.200247,8,420.23429
0.348234,2,420.31485
1.102281,4,420.498741
1.038441,4,420.679674
0.31982,2,420.771315
-8.193408,5,420.999826
0.338552,2,421.090388
0.311285,2,421.181096
2.998304,9,421.594853
1.880749,6,421.860471
0.325777,2,421.951663
1.474246,5,422.180345
0.712833,3,422.316174
1.103427,4,422.490025
0.724145,3,422.626221
0.377045,2,422.715415
2.338397,7,423.034986
1.524814,5,423.251873
0.350766,2,423.344956
0.31876,2,423.436466
3.271326,11,423.935717
1.744144,6,424.212939
0.741024,3,424.339392
0.311285,2,424.430137
0.332428,2,424.52118
0.373462,2,424.601199
1.346845,5,424.831188
0.322356,2,424.924698
0.314347,2,425.016238
1.862602,6,425.293816
-8.140075,5,425.521476
0.974582,4,425.686739
0.33725,2,425.778893
0.354477,2,425.870316
2.085048,7,426.190673
1.72369,6,426.467355
1.879544,6,426.720114
1.357076,5,426.949844
4.215246,13,427.538484
3.074246,9,427.95001
1.093068,4,428.121165
0.375903,2,428.214154
1.545101,5,428.435432
1.030498,4,428.620541
2.837733,9,429.012583
1.499755,5,429.24692
1.679697,6,429.513489
0.320434,2,429.603645
0.33725,2,429.694496
3.07395,9,430.086076
1.720132,6,430.361281
2.970161,8,430.704515
0.329798,2,430.795049
3.971367,11,431.283257
0.375491,2,431.375732
1.825792,6,431.649812
1.53894,5,431.855892
2.6864,9,432.268822
0.33168,2,432.359353
0.355215,2,432.453369
0.314963,2,432.544072
0.350302,2,432.63585
1.068609,4,432.806739
0.735349,3,432.943604
0.311285,2,433.024729
2.683759,8,433.362004
1.147559,4,433.546981
0.364311,2,433.637212
2.148373,7,433.953362
0.717078,3,434.087687
0.715044,3,434.210141
0.339674,2,434.299359
1.977746,6,434.577592
0.730768,3,434.70747
0.689346,3,434.834264
0.337062,2,434.923593
0.330134,2,435.012136
3.70886,9,435.415569
0.714084,3,435.550107
0.322011,2,435.640601
1.157134,4,435.82014
1.788831,6,436.069098
1.852666,6,436.316044
0.345952,2,436.406698
0.354317,2,436.497193
3.323735,12,436.996854
0.368515,2,437.087616
1.080966,4,437.256864
2.968134,9,437.651512
0.345008,2,437.742431
0.323745,2,437.833044
0.363587,2,437.922297
0.337134,2,438.009776
1.37225,5,438.23855
1.430138,5,438.458997
0.731484,3,438.596194
1.85062,6,438.85692
1.15305,5,439.084766
0.321626,2,439.167515
3.942137,11,439.661407
0.685081,3,439.789762
7.319716,21,440.739079
1.101094,4,440.901551
1.114919,4,441.072119
0.724048,3,441.211447
1.774426,6,441.464927
1.41715,5,441.69295
0.378263,2,441.772599
0.362641,2,441.863384
1.477491,5,442.081867
1.19925,5,442.316382
0.32598,2,442.409325
0.358736,2,442.500237
0.385695,2,442.594704
1.015161,4,442.76618
0.717196,3,442.902886
2.456222,7,443.213782
0.333995,2,443.305336
0.875825,4,443.489034
1.041373,4,443.670428
0.315057,2,443.760379
0.331424,2,443.849397
0.71445,3,443.975081
1.148119,4,444.160111
2.236195,7,444.484859
0.33725,2,444.5766
1.33833,5,444.796104
0.381709,2,444.88776
1.849699,6,445.163024
3.862964,11,445.66178
0.325749,2,445.751731
0.318592,2,445.843226
2.474549,8,446.204049
5.867797,15,446.859777
0.312401,2,446.94973
0.673863,3,447.086208
-8.364333,4,447.262169
0.322797,2,447.343674
2.198698,7,447.6677
0.345851,2,447.758791
1.066001,4,447.919465
0.381277,2,448.013179
0.335994,2,448.093062
0.702064,3,448.218877
0.311943,2,448.310894
0.331408,2,448.402559
2.635191,8,448.740499
3.046726,10,449.188587
-7.549716,6,449.466476
0.731112,3,449.602077
1.359749,5,449.832437
0.345292,2,449.923921
0.77384,3,450.051208
1.052461,4,450.23437
0.342117,2,450.326719
0.33725,2,450.421066
-6.805664,7,450.743295
1.810624,6,451.018674
0.7411,3,451.152813
3.655231,11,451.628899
0.311285,2,451.719934
0.347905,2,451.811452
1.859381,6,452.086251
0.772126,3,452.222757
2.421453,8,452.581369
1.883812,6,452.854961
0.367497,2,452.946413
2.727164,8,453.293306
0.33418,2,453.38429
0.331899,2,453.477389
1.918799,6,453.752229
0.990904,4,453.936261
2.265051,7,454.245243
0.336753,2,454.337865
0.3344,2,454.429417
1.050396,4,454.61238
0.736052,3,454.738515
3.44108,10,455.19824
0.337901,2,455.28927
4.121614,11,455.794729
0.328714,2,455.88675
1.455878,5,456.105812
0.722488,3,456.242825
0.33725,2,456.333484
1.700087,6,456.610258
1.851849,6,456.885352
1.701338,6,457.158185
0.3517,2,457.247534
0.70933,3,457.385399
1.005553,4,457.570944
3.878882,11,458.044389
0.362183,2,458.134638
1.42289,5,458.357869
2.479934,8,458.716417
1.752634,6,458.991103
0.701429,3,459.127934
0.726597,3,459.263336
2.280115,7,459.584678
0.702317,3,459.720941
-7.662301,6,459.996387
1.733536,6,460.258539
1.04359,4,460.444391
0.361191,2,460.535123
1.926972,6,460.791424
0.326585,2,460.881742
0.353192,2,460.97214
0.385697,2,461.064352
0.335355,2,461.154863
0.719326,3,461.281953
1.833771,6,461.55963
0.701978,3,461.697205
0.31333,2,461.791466
1.007376,4,461.974018
0.706076,3,462.101206
2.528793,8,462.460321
0.330248,2,462.551097
1.553383,5,462.769496
0.319952,2,462.850733
0.367417,2,462.932981
0.324681,2,463.025422
0.766078,3,463.162296
0.335798,2,463.25314
0.357675,2,463.335259
0.360771,2,463.427457
2.433468,8,463.782198
0.715589,3,463.917883
1.432663,5,464.136199
0.700805,3,464.273585
1.085171,4,464.449108
0.35694,2,464.53972
1.879315,6,464.794147
1.105822,4,464.968509
0.360855,2,465.059848
2.157428,7,465.360621
0.379684,2,465.452204
2.718762,9,465.845609
1.838871,6,466.109602
0.749611,3,466.235378
0.714468,3,466.374679
1.462284,5,466.603823
0.317618,2,466.693411
2.914207,8,467.060519
0.328002,2,467.153943
2.859892,8,467.501738
8.116173,22,468.475526
0.313329,2,468.567945
0.326087,2,468.648899
1.008034,4,468.825353
4.456649,12,469.381531
1.02354,4,469.561507
0.3143,2,469.652438
1.951948,7,469.963384
3.244455,9,470.374596
0.332676,2,470.464564
0.311285,2,470.554756
1.427983,5,470.786218
2.917891,9,471.177621
0.722124,3,471.314098
3.107849,9,471.715963
0.684957,3,471.854106
1.749971,6,472.108605
0.311285,2,472.200999
0.375854,2,472.291976
0.311285,2,472.385894
0.668284,3,472.521418
0.742463,3,472.650517
1.08033,4,472.822225
0.347229,2,472.914146
0.33725,2,473.006297
0.34204,2,473.086096
0.357831,2,473.178193
2.91385,8,473.539759
-6.585348,8,473.904583
1.432728,5,474.113021
2.454481,8,474.485091
0.33725,2,474.576257
1.041816,4,474.759255
0.33725,2,474.850914
-7.980412,7,475.16313
0.317325,2,475.254054
0.324657,2,475.346797
0.33725,2,475.43765
1.113475,4,475.612844
0.311285,2,475.704962
1.42748,5,475.935799
0.341502,2,476.025655
0.316774,2,476.105825
0.33725,2,476.198207
1.579969,5,476.41864
0.326822,2,476.5113
4.346902,12,477.064069
1.053829,4,477.234636
0.347833,2,477.326676
0.316031,2,477.406532
0.768741,3,477.542419
0.360923,2,477.631982
2.24375,7,477.950886
2.275359,7,478.270596
0.334717,2,478.360187
1.746245,6,478.626024
0.311285,2,478.706438
1.496629,5,478.940173
1.056733,4,479.112348
1.766965,6,479.375705
1.673027,6,479.65505
1.038608,4,479.827396
0.674746,3,479.953837
0.33725,2,480.046195
1.068172,4,480.232333
1.793646,6,480.508585
0.386592,2,480.600116
0.323255,2,480.683221
0.329044,2,480.765905
0.315608,2,480.856962
0.335448,2,480.951025
0.761519,3,481.07676
0.327152,2,481.169645
4.271017,12,481.693665
0.702267,3,481.828211
2.221221,7,482.148394
0.687926,3,482.283906
0.721196,3,482.422425
1.163145,4,482.593563
1.740131,6,482.845831
2.801512,9,483.259233
2.100778,6,483.522641
0.717267,3,483.66096
-6.194449,9,484.066692
0.361555,2,484.157243
0.683598,3,484.29698
0.331957,2,484.388246
1.375139,5,484.617801
0.353952,2,484.708366
1.808264,6,484.971398
1.073951,4,485.153263
0.689359,3,485.293429
0.349758,2,485.387196
0.373278,2,485.47844
0.319461,2,485.57056
-6.4062,9,485.982875
0.311285,2,486.072617
5.214225,14,486.693943
1.019041,4,486.877639
0.340646,2,486.968281
0.356771,2,487.059941
1.137239,4,487.242791
-8.329793,5,487.472076
2.412765,7,487.780376
0.355205,2,487.871599
0.317062,2,487.953479
0.685143,3,488.090324
3.049083,9,488.500235
1.94242,7,488.816521
0.319222,2,488.909171
1.110896,4,489.09132
3.640829,10,489.533607
0.320689,2,489.626644
0.745667,3,489.763313
0.311285,2,489.855808
0.335855,2,489.947643
0.751838,3,490.073263
0.33725,2,490.166411
0.344206,2,490.258301
1.556617,5,490.489817
0.704256,3,490.616173
0.314196,2,490.709168
0.376137,2,490.802073
1.078153,4,490.975955
1.788183,6,491.252209
1.143453,4,491.424976
0.700411,3,491.563567
1.74387,6,491.83936
0.710208,3,491.97498
-8.39119,4,492.14763
3.337278,10,492.598389
1.350644,5,492.804435
1.867951,6,493.062118
0.321168,2,493.15437
1.349037,5,501.644735
2.25127,7,501.944444
-7.034516,7,502.259817
-5.183586,11,502.705906
1.746899,6,502.982431
12.982644,38,504.644512
0.31602,2,504.739454
0.31471,2,504.820491
0.706323,3,504.958985
0.726806,3,505.093592
4.47039,13,505.672272
0.344275,2,505.753513
0.714374,3,505.879351
3.732156,11,506.365292
1.120062,4,506.531693
0.315348,2,506.623774
0.706151,3,506.751607
2.400291,8,507.11518
-7.376349,7,507.396553
2.506214,8,507.737735
1.584349,5,507.949064
0.332554,2,508.029591
1.943788,6,508.277195
2.407739,7,508.592635
1.413888,5,508.811408
1.820694,6,509.058011
1.03281,4,509.22957
0.351617,2,509.320178
2.538362,8,509.658285
1.472984,5,509.890697
5.996793,16,510.570845
1.059197,4,510.753419
0.311285,2,510.844255
1.88129,6,511.12289
-0.580359,25,512.188623
2.56417,8,512.543992
2.036718,6,512.810643
0.311285,2,512.901913
1.458064,5,513.112247
4.871286,14,513.709881
6.050924,16,514.412602
0.333281,2,514.502929
0.311285,2,514.596001
5.450091,15,515.253221
11.983714,38,516.871459
0.380568,2,516.950828
2.445019,8,517.299902
-6.900792,9,517.702678
4.682515,14,518.324984
-6.966638,8,518.655165
1.405204,5,518.862031
0.710889,3,518.990402
0.36569,2,519.080707
0.33725,2,519.173688
0.693355,3,519.313258
6.237072,18,520.092114
1.481471,5,520.302903
4.210412,13,520.876533
0.33725,2,520.956326
0.345556,2,521.048923
0.741091,3,521.184609
0.698917,3,521.320061
0.722551,3,521.458233
0.685641,3,521.596773
0.33077,2,521.688632
1.122229,4,521.871993
2.199305,7,522.18815
0.324426,2,522.280297
1.028083,4,522.443585
0.311285,2,522.534225
1.77431,6,522.787983
0.320596,2,522.867162
2.718578,8,523.222462
1.780847,6,523.48066
2.464172,7,523.803755
5.997461,20,524.647662
0.331673,2,524.739004
0.333928,2,524.832135
5.671746,16,525.549542
-7.129894,7,525.837551
0.352596,2,525.920195
1.837409,6,526.176694
6.121178,20,527.057046
0.335029,2,527.148493
0.315902,2,527.229131
0.738801,3,527.357667
2.338048,7,527.660752
2.054822,7,527.95283
1.050086,4,528.116429
0.739528,3,528.255324
0.346988,2,528.347074
7.000687,19,529.164422
1.021066,4,529.332209
2.015043,7,529.63537
0.330372,2,529.713089
9.704906,28,530.887837
1.144692,4,531.068245
2.047866,7,531.369035
2.925008,9,531.766017
0.313472,2,531.856474
0.716275,3,531.987571
0.335733,2,532.066828
0.374051,2,532.157629
2.376476,7,532.451939
2.480458,8,532.8025
0.327088,2,532.889669
8.996187,23,533.907525
3.601835,12,534.449394
0.363021,2,534.541069
4.903475,14,535.169916
0.344216,2,535.259265
0.3257,2,535.352024
2.493059,8,535.687693
0.329709,2,535.769336
0.32079,2,535.859531
3.73298,11,536.330258
4.47063,13,536.906059
1.05874,4,537.082714
1.053111,4,537.268102
3.213479,10,537.69589
2.015062,7,538.001326
3.411601,11,538.480165
4.02288,11,538.961245
-4.82985,14,539.555773
0.738879,3,539.68053
0.717076,3,539.816284
2.36242,8,540.185297
1.510103,5,540.414276
1.073447,4,540.603172
0.33041,2,540.699099
1.833914,6,540.97576
0.334473,2,541.06778
1.083133,4,541.239265
1.154857,4,541.412075
4.093597,12,541.925549
0.311285,2,542.016182
1.880163,6,542.271893
0.33725,2,542.365331
0.730592,3,542.503572
3.309315,11,542.985998
1.87362,6,543.250513
0.725691,4,543.433227
2.158765,7,543.733285
3.379264,11,544.187091
3.746003,11,544.674677
0.346033,2,544.766023
0.353151,2,544.847107
1.388567,5,545.058877
0.751428,3,545.18661
1.757036,6,545.464345
1.121722,4,545.646613
0.700401,3,545.772467
0.744304,3,545.911913
3.431477,10,546.366394
1.467272,5,546.586818
0.719651,3,546.712538
1.505641,5,546.933338
0.344442,2,547.024183
1.999919,7,547.336327
1.824191,6,547.601597
0.704036,3,547.730248
3.498997,10,548.163826
0.702015,3,548.300727
4.313375,12,548.814481
0.33725,2,548.908369
0.765841,3,549.035027
0.337681,2,549.12876
3.697227,11,549.62673
0.662725,3,549.753824
0.354118,2,549.845859
0.345261,2,549.928684
0.331437,2,550.01984
0.337711,2,550.114461
0.335538,2,550.196335
3.088483,9,550.60553
7.877893,23,551.597475
2.19123,7,551.903698
2.971533,9,552.301232
0.344195,2,552.394098
1.859123,6,552.640484
1.392735,5,552.84033
4.61478,12,553.360674
0.364742,2,553.451442
0.317183,2,553.545545
2.280899,7,553.868126
0.720195,3,553.994834
3.590468,11,554.490495
2.924551,9,554.898033
0.345316,2,554.989344
0.311285,2,555.083642
2.246019,7,555.38715
1.915421,6,555.655655
3.013761,9,556.028499
1.457308,5,556.223878
1.611196,5,556.456801
1.332079,5,556.677434
1.119795,4,556.829646
2.400978,8,557.16726
3.739551,11,557.646323
1.762886,6,557.886585
2.388711,8,558.243345
2.305953,7,558.542166
1.42519,5,558.772964
4.069953,11,559.258348
2.323901,7,559.546891
0.3564,2,559.638383
1.890841,6,559.905914
1.056201,4,560.078003
3.67805,12,560.603023
1.100247,4,560.763287
4.144243,11,561.246891
0.322447,2,561.338321
1.473239,5,561.554101
0.675333,3,561.681975
2.598767,8,562.042219
6.744677,20,562.900015
0.352667,2,562.993944
2.054024,7,563.29515
7.922651,22,564.289107
0.772196,3,564.41743
1.427758,5,564.634662
0.350697,2,564.725819
4.754985,14,565.334472
0.347596,2,565.425965
3.806811,12,565.93794
1.949179,6,566.21572
2.43226,8,566.560429
0.315295,2,566.650233
0.33725,2,566.739338
1.050051,4,566.914998
0.746297,3,567.043046
0.348317,2,567.13644
1.056471,4,567.308087
0.372101,2,567.39939
0.33725,2,567.482434
0.716836,3,567.621547
2.239369,7,567.927444
3.173933,10,568.383662
0.343687,2,568.475354
3.402889,9,568.851153
0.354053,2,568.932376
3.987216,11,569.438037
0.766249,3,569.573962
3.572611,10,570.003496
3.301631,9,570.388325
1.841975,6,570.643926
0.336395,2,570.7341
1.781965,6,570.99749
4.920203,13,571.574226
0.321881,2,571.666623
0.692184,3,571.802895
2.737709,8,572.148995
3.762188,11,572.620174
0.702023,3,572.747464
5.471616,18,573.531457
1.544117,5,573.729704
0.327121,2,573.822819
0.696047,3,573.960494
7.307554,18,574.73055
0.350215,2,574.812221
3.069267,9,575.195004
2.999294,10,575.607175
0.368474,2,575.698512
2.576673,7,576.01529
0.722298,3,576.141212
0.364135,2,576.231314
0.313616,2,576.322254
1.471037,5,576.555686
2.730171,8,576.915328
1.493899,5,577.133379
0.33725,2,577.213223
0.369072,2,577.305926
1.512852,5,577.535152
0.311285,2,577.616713
0.731086,3,577.742106
2.171633,7,578.043867
1.398368,5,578.24642
2.568896,8,578.623245
0.311479,2,578.705589
1.479504,5,578.925085
1.931587,6,579.175139
1.368089,5,579.398474
1.392454,5,579.619175
1.494703,5,579.838845
0.35196,2,579.930016
0.324673,2,580.019272
4.59662,13,580.610819
3.614934,10,581.04607
0.75419,3,581.17309
0.33725,2,581.253447
2.861308,9,581.64932
0.385428,2,581.730124
0.363716,2,581.823029
0.383097,2,581.915358
2.202425,7,582.237864
0.322927,2,582.319083
0.704349,3,582.447244
0.311285,2,582.528712
0.348423,2,582.610002
1.09476,4,582.77453
1.049522,4,582.949054
2.873521,9,583.325446
0.32289,2,583.405499
0.35053,2,583.497748
2.771362,8,583.86092
0.33725,2,583.951288
2.813355,8,584.28583
4.150139,11,584.778291
3.424857,10,585.200576
0.712758,3,585.3293
3.152796,9,585.684861
7.210867,22,586.681561
1.802094,6,586.950377
2.23925,7,587.250828
0.322961,2,587.34024
0.33725,2,587.421604
0.33725,2,587.503229
1.83227,6,587.751095
2.183785,7,588.064999
1.573991,5,588.28502
0.34093,2,588.365618
1.124145,4,588.537276
2.052733,7,588.834642
0.779426,3,588.970838
4.165588,12,589.491287
0.336694,2,589.582199
1.071413,4,589.755693
8.218155,21,590.690934
0.736566,3,590.826726
0.338895,2,599.063301
0.311285,2,599.155465
-7.818187,6,599.41292
1.823569,6,599.659827
0.312483,2,599.750412
2.630058,8,600.088762
7.428435,22,601.056424
-5.811571,12,601.546305
1.792628,6,601.812023
0.380767,2,601.901444
2.661881,9,602.287777
1.730506,6,602.542196
2.92174,9,602.934008
9.167566,28,604.140458
3.907008,11,604.65523
3.300646,10,605.075738
1.833545,7,605.387508
0.735192,3,605.524868
0.33725,2,605.605613
0.757553,3,605.745803
3.549421,11,606.229328
2.652014,8,606.578898
0.703783,3,606.705609
2.006278,7,607.01439
3.925581,12,607.508572
2.941732,9,607.914107
4.823456,14,608.510155
13.688395,41,610.168558
3.772043,12,610.679068
0.764135,3,610.794183
1.830786,6,611.04428
2.487238,8,611.392405
0.679815,3,611.50878
1.291148,5,611.717081
0.334822,2,611.79736
1.037548,4,611.961017
1.818407,6,612.217908
0.669791,3,612.355608
3.384832,12,612.872913
1.522671,5,613.09267
2.41621,7,613.386639
4.396816,12,613.904516
3.38455,10,614.336456
1.074212,4,614.505216
5.902513,43,616.322837
6.149081,17,617.015246
0.756948,3,617.142261
5.04609,14,617.710602
7.275266,19,618.514932
1.385566,5,618.715295
0.367644,2,618.804372
1.682036,6,619.049705
1.492859,5,619.282665
4.895357,17,620.00621
6.955841,22,620.944175
3.926754,11,621.413338
1.466896,5,621.624397
5.072759,13,622.15825
0.339192,2,622.23882
1.085805,4,622.42413
2.325829,7,622.706485
5.22946,16,623.374637
2.933924,9,623.740281
0.708558,3,623.87763
4.022648,12,624.38476
2.126986,7,624.663605
4.346361,12,625.143377
2.435406,8,625.465049
-5.234883,13,626.018516
8.774007,25,627.044959
2.685356,9,627.429384
5.686049,15,628.028178
0.313147,2,628.107613
4.512904,14,628.675374
0.315915,2,628.765777
1.634286,6,629.03739
5.777183,17,629.762009
1.079529,4,629.943455
3.406872,10,630.380581
0.312957,2,630.472159
5.15941,14,631.029887
2.677392,8,631.368694
0.379705,2,631.44947
5.00556,14,632.024708
-6.622729,10,632.450047
1.027189,4,632.614076
0.351757,2,632.695913
0.376343,2,632.786647
-5.903457,11,633.255682
3.321654,10,633.666735
4.578016,15,634.244715
1.327629,5,634.465692
6.526976,19,635.281838
-7.339169,7,635.57598
1.902365,6,635.830146
4.331506,12,636.306201
3.055008,10,636.716309
3.021342,9,637.115405
2.564312,8,637.455319
1.295852,5,637.686216
4.809411,13,638.230752
0.311285,2,638.327265
4.135605,12,638.825141
2.821718,8,639.160751
3.101764,9,639.540126
3.13191,10,639.977291
1.761022,6,640.224528
2.84184,8,640.547304
0.311285,2,640.63916
2.693595,8,640.963292
0.342238,2,641.053507
-7.121159,8,641.367855
7.473452,23,642.339862
4.720188,13,642.888909
1.378907,5,643.090278
-7.750082,6,643.359439
0.718957,3,643.477118
4.094121,11,643.962681
3.310141,10,644.398008
0.352104,2,644.490795
2.240242,7,644.77646
1.408073,5,644.999365
2.155009,7,645.292098
0.345342,2,645.384258
5.883824,18,646.098046
6.104909,19,646.93061
0.329561,2,647.011809
5.117976,15,647.669852
0.351397,2,647.761227
2.367682,7,648.057781
1.420593,5,648.27303
0.708611,3,648.403207
3.53252,11,648.85454
-6.344267,10,649.283775
3.971953,11,649.756534
5.204595,17,650.440135
3.783339,12,650.971268
1.709363,6,651.215665
9.850158,30,652.469283
2.066441,7,652.771115
-7.908948,6,653.010791
1.074014,4,653.195042
0.71665,3,653.330595
6.777723,18,654.078975
3.689582,11,654.560016
0.727194,3,654.687845
2.219497,7,654.983685
1.852809,6,655.262952
1.659514,6,655.510904
1.830094,6,655.764948
0.374123,2,655.85782
0.361504,2,655.947988
3.977494,11,656.427801
4.773103,13,656.96209
11.853042,30,658.225549
3.281704,10,658.63871
0.347988,2,658.718663
5.796748,17,659.433517
5.069777,13,659.999793
-7.864974,6,660.280449
11.666886,35,661.761778
0.367207,2,661.842819
5.85883,16,662.530867
6.71576,19,663.362922
5.405624,16,664.044441
14.665822,45,665.911305
0.369134,2,666.002742
0.35762,2,666.095597
4.922548,15,666.748249
4.932481,15,667.377983
0.360444,2,667.468106
1.78118,6,667.720215
1.892579,6,667.98628
4.470063,13,668.532314
14.260947,41,670.249551
0.315873,2,670.342877
0.356324,2,670.432779
5.391128,15,671.073362
0.377309,2,671.164379
-7.582192,6,671.405354
-7.917937,5,671.630584
0.329643,2,671.711963
1.935419,6,671.94901
1.772591,6,672.210966
1.836987,6,672.479804
1.501067,5,672.693608
6.208214,19,673.494179
0.335687,2,673.57488
7.23595,20,674.430992
1.733288,6,674.688261
3.674224,13,675.227282
1.390559,5,675.457438
3.019542,9,675.849819
2.62527,8,676.188016
0.325416,2,676.281943
6.222221,19,677.115675
3.976018,11,677.561875
1.053705,4,677.748693
2.512587,8,678.076424
4.022857,12,678.585606
0.332409,2,678.678313
3.937863,12,679.203187
1.733267,6,679.469895
1.975866,7,679.760668
0.328979,2,679.840615
1.151507,4,680.017863
1.452406,5,680.216533
3.719535,10,680.637651
1.763474,6,680.885906
0.334219,2,680.979619
3.957941,12,681.481718
0.33725,2,681.573148
0.313128,2,681.657961
2.899873,9,682.056797
-8.552448,4,682.231971
3.41992,10,682.645542
-4.385465,15,683.274045
0.31817,2,683.364603
5.331639,15,683.990347
12.640343,30,685.244818
0.340311,2,685.324998
2.91554,9,685.702713
2.556397,8,694.1492
3.997061,12,694.635185
1.297074,5,694.848953
31.886559,99,698.934798
1.879317,6,699.184856
9.12281,27,700.286295
0.754392,3,700.414225
0.7713,3,700.539174
1.399367,5,700.749818
1.913022,6,700.983434
0.371938,2,701.064436
2.21024,7,701.340866
7.903606,22,702.208193
0.353109,2,702.28831
11.564572,27,703.46995
0.326641,2,703.551953
1.92338,6,703.79818
9.114705,23,704.761484
0.698181,3,704.88732
11.46791,32,706.179066
12.719209,33,707.549252
9.702784,28,708.660805
4.000999,12,709.137832
3.886619,12,709.638833
4.431185,15,710.253453
-0.627503,23,711.195862
2.495446,8,711.52949
0.338502,2,711.620165
6.847644,21,712.468481
4.17787,13,713.027004
3.173899,9,713.380995
6.624866,18,714.122473
0.313139,2,714.217777
1.530995,5,714.439858
7.35787,21,715.288893
0.311285,2,715.370339
3.143614,9,715.745541
8.223633,29,716.955121
5.270622,17,717.658983
0.733234,3,717.796332
0.730161,3,717.924138
0.729907,3,718.051879
0.335285,2,718.141772
0.734792,3,718.257401
4.006054,11,718.70544
5.509365,15,719.303579
3.331999,10,719.697677
2.189239,7,719.992897
10.876149,28,721.060265
0.38434,2,721.151458
0.783956,3,721.266797
0.965562,4,721.446313
0.683763,3,721.559647
4.655792,13,722.064179
-6.911718,8,722.41019
4.981873,15,723.015189
4.566305,12,723.467594
0.382393,2,723.558996
3.22129,10,723.974301
2.737918,8,724.297156
7.102394,19,725.094702
2.896462,9,725.474934
5.900372,18,726.229462
7.453705,22,727.095319
3.416132,10,727.494353
5.630761,18,728.197515
0.330045,2,728.278972
1.070897,4,728.443939
6.021873,18,729.174583
3.343768,10,729.584231
7.092638,22,730.500175
3.940343,11,730.958456
4.05303,33,732.305145
6.848717,20,733.106422
3.992441,12,733.619932
-8.513232,4,733.773057
4.165453,13,734.292624
8.393079,24,735.27259
7.884613,23,736.193353
3.896302,12,736.70242
5.031454,14,737.290732
8.246375,20,738.121632
10.517213,37,739.622362
7.505696,22,740.504188
2.00982,6,740.751292
0.347526,2,740.843504
0.340699,2,740.924555
6.636741,20,741.729116
0.320433,2,741.812548
9.367781,25,742.837331
-5.891725,12,743.318268
3.287068,10,743.740704
1.073366,4,743.923514
2.234932,7,744.197451
3.237887,10,744.60198
1.512565,5,744.821817
18.413594,45,746.591897
5.761503,16,747.264668
2.232953,7,747.54261
0.660557,3,747.670555
3.841536,12,748.151924
-7.658414,6,748.428613
1.810303,6,748.67547
1.291166,5,748.89387
5.812833,17,749.582412
3.155995,9,749.943972
6.156432,18,750.70224
4.454525,12,751.1645
0.675021,3,751.292683
4.45952,35,752.720205
-7.15465,7,753.02209
0.752858,3,753.136614
3.163519,10,753.568598
2.759023,8,753.910846
18.152472,90,757.533991
2.960837,9,757.907728
0.3322,2,757.999643
24.034932,84,761.385636
1.131008,4,761.534799
0.380529,2,761.626676
4.586672,13,762.155213
4.853786,16,762.79174
-7.334853,7,763.097287
3.71209,12,763.594269
0.747192,3,763.719496
0.385025,2,763.799728
5.261334,16,764.471683
7.323149,19,765.231413
-5.431552,12,765.740509
1.392134,5,765.941606
0.33725,2,766.022294
1.847492,6,766.256438
5.983244,16,766.884526
0.35353,2,766.976243
5.104896,14,767.521795
2.022546,7,767.80092
1.124742,4,767.977481
2.225809,7,768.25884
2.733525,8,768.579621
16.858556,46,770.427059
12.161677,37,771.938755
2.31363,7,772.229343
2.543266,8,772.557553
8.462641,27,773.639623
10.265798,27,774.741719
1.76246,6,774.987741
1.486817,6,775.233215
1.035401,4,775.418185
4.272445,12,775.90974
3.109236,10,776.311595
0.745587,3,776.429407
2.316226,7,776.743428
4.466816,12,777.250566
5.229087,14,786.031039
6.878225,19,786.805402
33.577158,63,789.265091
0.344771,2,789.347973
0.328837,2,789.43053
8.136305,23,790.322258
4.865031,15,790.959151
3.43674,10,791.367001
-0.301478,24,792.309625
0.498067,27,793.354113
10.251131,28,794.441178
1.379075,5,794.672731
0.765788,3,794.800267
6.863377,18,795.514676
18.451788,78,798.537729
7.891214,55,800.680376
14.940423,44,802.400234
14.577642,41,803.942602
27.83625,114,808.390909
1.471121,5,808.580551
7.432866,20,809.359019
5.830228,16,809.985762
7.880603,22,810.848845
3.009037,9,811.195754
2.294139,7,811.470819
6.093214,18,812.147573
18.254148,65,814.58114
-6.10287,10,814.972951
3.104019,10,815.360967
-5.057889,11,815.783843
0.353559,2,815.863744
14.26342,46,817.637834
1.303199,5,817.850489
15.103912,58,820.015253
14.112128,36,821.418046
3.793523,12,821.915576
-7.076618,8,822.234419
5.166309,16,822.879579
2.832601,9,823.225144
3.558335,11,823.644126
10.679596,30,824.793413
6.487287,18,825.484176
4.545235,13,825.999028
24.372581,75,828.866519
27.282219,63,831.373451
4.359181,12,831.84128
13.609816,34,833.172904
12.37779,37,834.63959
15.548449,50,836.550899
7.847919,23,837.480309
2.770904,39,839.019008
1.797759,6,839.253044
0.751862,3,839.36899
12.463979,35,840.726023
34.462082,67,843.337559
1.083416,4,843.500603
10.733143,29,844.592166
5.098521,15,845.188829
6.50313,18,845.883576
24.813984,76,848.851536
15.677058,71,851.608486
5.212428,14,852.178463
0.674265,3,852.294414
0.350682,2,852.385868
7.085759,55,854.47508
13.511511,47,856.336088
6.513318,19,857.091726
5.616906,15,857.690488
6.562314,17,858.40292
1.0715,4,858.557528
1.11739,4,858.720422
0.711799,3,858.839041
4.346552,14,859.391409
8.070195,20,860.170122
1.067544,4,860.332698
1.180528,4,860.498124
6.519236,16,861.103983
3.37108,9,861.441055
0.367103,2,861.522434
5.737608,14,862.079177
-2.095466,19,862.818273
9.54645,24,863.739124
2.090459,7,864.008832
2.803285,8,864.314011
8.695037,24,865.218084
13.252689,36,874.743623
-0.958587,23,875.6224
5.897564,19,876.363994
15.270921,62,878.681989
6.28306,18,879.368601
32.315327,100,883.098467
22.236614,62,885.44446
-1.37856,22,886.277246
2.632195,8,886.596868
5.225369,16,887.207119
0.363823,2,887.288078
4.373479,36,888.680474
3.818918,11,889.139762
2.872731,33,890.37033
6.606928,18,891.081661
16.66876,41,892.651563
34.124321,104,896.557264
2.922663,9,896.897208
2.768964,9,897.232782
1.734873,6,897.471244
11.02993,51,899.389652
4.731787,14,899.931308
-6.231303,11,900.358637
6.162826,18,901.064559
2.313561,7,901.336409
8.528148,26,902.321176
26.53401,88,905.67906
0.363379,2,905.758074
0.81645,28,906.800039
2.999445,9,907.125008
28.762014,58,909.282047
9.524876,24,910.173029
33.061631,92,913.74528
1.002138,4,913.897659
-1.260677,22,914.749885
4.78861,13,915.227613
15.534422,61,917.559016
2.725979,8,917.88674
3.119938,10,918.268947
16.509612,42,919.837929
9.695206,29,920.956611
9.799211,23,921.820249
3.691881,35,923.162132
8.225109,22,924.008202
14.631185,41,925.558513
2.651293,33,926.842335
-0.416835,27,927.864949
14.573166,47,929.6873
-1.535712,24,930.606991
2.475424,8,930.913574
1.919314,6,931.140886
20.675337,51,933.080566
22.472461,96,936.719189
8.261434,22,937.541131
3.356193,10,937.932911
14.714758,37,939.418809
2.066965,6,939.648007
7.254087,21,940.469367
-4.95588,14,941.006204
22.540979,98,944.675655
10.760362,28,945.767164
2.413294,7,946.051343
23.513452,60,948.341668
-3.770494,15,948.906079
24.834823,76,959.925826
15.77182,41,961.486429
17.228181,44,963.138804
7.394922,19,963.855986
6.00277,16,964.474761
43.751185,106,968.480275
-1.328108,21,969.301712
27.852004,86,972.549246
1.754155,6,972.785877
16.224542,39,974.24735
1.542775,37,975.660679
-2.957936,20,976.397173
15.905578,66,978.891524
-6.084776,11,979.30836
1.622547,30,980.419483
9.622377,26,981.404608
3.248326,10,981.782066
1.796924,31,982.952187
3.020223,35,984.249719
12.875136,41,985.82101
13.223143,36,987.139359
-5.777249,12,987.6101
31.930459,84,990.756541
16.484211,46,992.536208
6.289872,19,993.245934
9.549018,60,995.437205
32.070499,87,998.680789
1.057654,4,998.84548
7.62773,19,999.552393
20.720828,58,1001.756521
21.326016,94,1005.333369
17.857183,81,1008.369816
7.898596,23,1009.2388
3.491222,10,1009.617451
7.815615,40,1011.120554
31.725154,83,1014.23814
2.209039,31,1015.40035
25.444759,55,1017.476767
13.446939,35,1018.769691
23.440302,112,1022.957391
23.739295,74,1025.786021
1.966527,6,1026.024763
26.606034,72,1028.680668
17.074748,44,1030.350775
2.879646,9,1030.706945
1.653946,33,1031.951621
-1.824954,21,1032.744993
28.691181,118,1045.313112
35.429735,103,1049.138993
31.990259,86,1052.315484
18.601119,87,1055.571943
1.754721,6,1055.810379
15.827082,86,1059.015268
-0.568756,25,1059.967713
50.215606,144,1065.318378
8.796717,25,1066.256004
4.590451,13,1066.745169
7.538373,20,1067.519184
31.103233,86,1070.787027
30.408205,82,1073.787146
0.566508,33,1075.037899
30.547518,102,1078.825189
-3.06464,19,1079.557611
-2.011153,22,1080.390752
37.553389,101,1084.10147
17.403896,69,1086.712701
18.035666,76,1089.602946
7.931645,24,1090.491535
33.185244,79,1093.446694
-4.279524,16,1094.04631
2.43425,33,1095.260835
33.707045,96,1098.821529
7.333582,49,1100.663268
32.19458,105,1104.572476
1.912394,30,1105.688457
39.153277,126,1110.362743
3.255911,10,1110.733607
27.874747,101,1114.527059
17.197683,74,1117.305363
40.273017,119,1129.953476
46.59157,143,1135.289844
-7.030697,9,1135.616577
9.380286,59,1137.848347
12.300307,69,1140.441838
4.136683,13,1140.933355
21.778957,98,1144.558558
12.133601,74,1147.332818
33.446988,123,1151.920832
18.20838,48,1153.707185
18.722109,82,1156.760188
-3.525452,19,1157.477008
4.106317,12,1157.919387
34.793794,107,1161.873885
4.148201,42,1163.435565
3.162321,9,1163.7862
44.778326,139,1168.771673
4.382609,13,1169.272744
37.511828,115,1173.522923
-4.117345,15,1174.092044
46.570011,150,1179.672372
38.73407,111,1183.75971
11.627222,56,1185.853822
27.897021,120,1190.321712
10.711083,31,1191.47805
32.93454,135,1196.511475
13.61196,66,1198.946618
35.47145,98,1202.580745
14.893129,80,1205.593042
16.636883,116,1218.120471
30.806354,104,1221.972856
29.623694,89,1225.249967
39.851624,112,1229.390584
11.291863,34,1230.636425
42.381616,121,1235.133062
23.346801,75,1237.905518
39.161112,117,1242.250057
-7.595339,7,1242.510593
33.889742,107,1246.417664
28.344728,90,1249.713849
27.792938,124,1254.267147
31.85852,89,1257.573688
-4.652793,15,1258.125215
26.936664,65,1260.547849
37.325736,96,1264.076611
6.579795,18,1264.750526
9.406994,26,1265.708502
9.461319,73,1268.385034
21.480297,126,1273.030504
4.18831,14,1273.590288
30.523938,91,1276.954412
2.235181,7,1277.226721
37.520511,140,1282.35016
37.001011,103,1286.133364
30.460487,123,1298.927655
28.891397,98,1302.619526
29.158197,91,1305.98978
15.539097,42,1307.559033
-6.600724,10,1307.941089
23.459955,73,1310.640977
6.304144,18,1311.325818
31.291188,107,1315.242313
42.266108,127,1319.927381
-2.941531,21,1320.701639
35.436331,102,1324.44407
16.743414,63,1326.799986
37.493803,116,1331.020606
-4.543927,15,1331.603088
-3.28223,17,1332.253171
18.514587,74,1335.015133
1.864444,36,1336.338524
2.324104,7,1336.613317
25.117956,98,1340.207222
5.114468,15,1340.754169
1.59471,30,1341.863941
47.29005,136,1346.841457
8.408624,55,1348.860962
-2.933574,19,1349.5862
38.695844,99,1353.211296
19.936617,96,1356.799177
6.42807,39,1358.235635
19.753357,97,1361.878632
26.770269,81,1364.903205
36.690116,109,1368.984449
30.068243,94,1372.46638
49.354237,148,1386.183841
28.426911,85,1389.321054
48.003447,147,1394.722011
25.738798,91,1398.062191
22.47469,76,1400.883842
-0.116002,23,1401.730162
-1.736954,25,1402.654909
-7.621734,7,1402.929494
50.622179,133,1407.791892
31.858221,105,1411.621327
33.163588,70,1414.202741
35.605483,131,1419.126883
22.27011,77,1421.965518
14.239814,53,1423.942693
6.875484,21,1424.721423
9.693872,50,1426.544325
44.80995,116,1430.847828
9.677048,44,1432.488945
8.260301,24,1433.377753
2.567552,8,1433.674106
4.796796,52,1435.59787
39.840959,106,1439.570426
3.495586,44,1441.2287
36.544887,115,1445.525026
39.601371,136,1450.546117
7.611094,58,1452.695793
41.505666,118,1457.067903
8.199868,25,1466.239859
12.78984,48,1468.01677
31.152443,104,1471.871156
6.946603,56,1473.92337
28.863141,99,1477.595695
37.686939,122,1482.101048
5.323434,36,1483.491001
34.909275,102,1487.233668
9.423071,52,1489.17661
-5.845786,11,1489.57839
53.448562,176,1496.029644
3.891145,11,1496.458952
34.312363,100,1500.164739
2.673583,8,1500.464474
29.661374,99,1504.096072
24.000012,71,1506.731204
24.661337,73,1509.428712
39.374509,119,1513.85471
31.829342,82,1516.912139
34.17367,88,1520.182994
31.606304,81,1523.195014
-0.333915,26,1524.156765
2.347679,29,1525.227578
-1.330396,30,1526.327636
46.649244,109,1530.394819
28.349736,102,1534.14889
-6.88225,9,1534.485182
43.997734,127,1539.23324
45.303911,106,1551.18772
32.381844,95,1554.748525
17.289606,67,1557.239739
48.477153,149,1562.721656
41.726507,134,1567.668188
32.044592,88,1570.883119
56.919283,163,1576.808415
41.027418,126,1581.448951
1.598734,27,1582.429408
37.835851,162,1588.403187
-4.423583,16,1588.994182
38.893724,135,1593.977041
28.363308,107,1597.864102
-1.41008,23,1598.729497
2.342296,38,1600.136878
4.135881,48,1601.896044
25.086208,94,1605.354675
23.847478,101,1609.060776
21.492947,75,1611.809034
8.846552,72,1614.423937
9.489452,52,1616.344321
15.349432,90,1619.631473
46.453152,122,1624.116679
3.268843,47,1634.002016
4.212432,39,1635.452287
-6.806106,8,1635.763334
59.975222,176,1642.154827
71.390183,175,1648.525691
40.192613,134,1653.324997
47.037652,157,1659.03115
-0.048883,30,1660.140824
22.77656,75,1662.912649
33.932966,143,1668.207844
51.585662,162,1674.09601
59.103559,172,1680.384635
59.104028,176,1686.880416
-8.206851,5,1687.068298
59.896712,176,1693.494228
42.410374,117,1697.793207
1.604161,28,1698.845628
-8.256168,5,1699.033972
42.350638,114,1703.213873
56.901831,167,1717.569649
37.367789,103,1721.346101
15.788323,50,1723.150288
21.033684,103,1726.935498
-6.276043,10,1727.296001
55.422296,176,1733.623568
57.533082,176,1740.045768
38.486448,109,1743.975024
-5.65694,11,1744.369159
59.56182,176,1750.829877
7.386215,24,1751.720467
62.14514,176,1758.089366
61.816422,174,1764.469665
45.435164,176,1770.956115
4.828649,35,1772.281745
-2.301396,24,1773.174848
23.505429,176,1779.598099
48.483986,176,1786.039009
65.515729,174,1800.462718
68.112815,176,1806.798343
0.205104,33,1807.978241
2.423157,42,1809.457863
57.110253,176,1815.840923
60.824718,176,1822.258959
51.779262,176,1828.66407
-1.46476,29,1829.72703
64.653804,176,1836.158793
52.540311,176,1842.584768
-2.433225,24,1843.465942
-5.960412,12,1843.907434
27.837835,153,1849.454554
44.802997,176,1855.824863
55.187947,176,1862.264158
46.025029,176,1868.707617
51.377726,176,1883.558285
39.696307,176,1889.926628
56.85759,176,1896.2882
49.939245,141,1901.426884
59.409194,176,1907.812769
65.730961,176,1914.25235
57.626414,176,1920.62616
17.219784,108,1924.573931
27.247384,66,1926.967729
60.936334,176,1933.468675
49.137878,176,1939.898164
52.35196,176,1946.26346
54.261201,176,1952.712241
49.848465,176,1967.208937
-5.127481,14,1967.725645
64.523803,176,1974.08795
54.892013,176,1980.427488
49.907985,176,1986.858896
41.53386,176,1993.259609
0.724444,46,1994.946681
45.493394,176,2001.393399
64.918437,176,2007.785252
56.678704,176,2014.126974
57.066936,176,2020.525613
37.522293,176,2026.939994
61.471496,176,2033.331035
53.895896,176,2048.023243
53.920403,176,2054.498833
48.365727,176,2060.947506
19.665063,100,2064.559279
65.58498,176,2070.899388
63.356501,176,2077.254078
50.304878,176,2083.573012
67.369813,170,2089.71242
67.015651,174,2095.983529
64.645094,176,2102.342713
62.859324,176,2108.728301
45.329458,176,2115.118106
53.361221,176,2121.461838
-5.213049,15,2130.251568
54.052653,176,2136.661042
58.770452,176,2143.07661
55.385212,176,2149.48178
51.654962,176,2155.893699
59.322824,176,2162.240324
57.258636,176,2168.769531
46.158575,176,2175.209733
57.520432,176,2181.638943
56.066438,176,2188.178318
55.279672,144,2193.537377
-7.228288,7,2193.800598
60.221032,176,2200.214247
52.890906,176,2214.696285
49.847808,176,2221.134764
4.222851,12,2221.570127
41.271592,176,2227.954805
10.142225,35,2229.211956
50.823117,176,2235.58592
48.934332,176,2242.005877
44.814185,176,2248.363111
57.112205,176,2254.76306
52.121388,176,2261.141992
58.730298,176,2267.468845
53.218429,176,2273.835549
56.946313,176,2280.176079
58.074768,176,2286.488528
42.5841,117,2299.099805
50.786143,176,2305.487877
46.960465,176,2311.910928
-7.385574,7,2312.174029
37.034308,132,2317.033646
65.223729,170,2323.243689
45.563392,176,2329.680334
-8.518315,4,2329.834042
56.408589,176,2336.188533
1.891736,28,2337.217775
47.740167,176,2343.56498
50.816384,160,2349.341811
-5.963061,13,2349.818157
-11.78919,176,2356.259753
55.485401,176,2362.565313
57.170174,176,2369.029258
51.081372,176,2383.752197
52.612059,176,2390.154031
-0.338353,42,2391.698498
58.040757,176,2398.060429
50.718234,176,2404.424145
2.293975,7,2404.685519
52.174178,176,2411.100422
3.243127,39,2412.551264
53.880466,176,2418.919733
46.392548,165,2424.893003
56.877419,176,2431.260317
57.679437,176,2437.570215
-3.147806,22,2438.342063
16.147962,39,2439.751401
46.136773,176,2446.291636
55.841032,176,2452.681687
59.702421,176,2467.496162
44.046943,176,2473.912197
51.57763,176,2480.289703
-3.710219,17,2480.904449
50.873253,176,2487.255269
51.147075,176,2493.665549
45.38953,176,2500.022989
50.348293,176,2506.353264
51.237246,176,2512.711901
50.166919,176,2518.978421
51.530829,176,2525.46917
59.534773,176,2531.937672
52.956312,176,2546.737451
-3.288785,22,2547.53336
55.956995,176,2553.9394
54.103721,176,2560.365696
55.064502,176,2566.760473
-5.921222,13,2567.245157
-4.754554,16,2567.84356
36.469355,176,2574.276321
54.550473,176,2580.688778
-3.265765,19,2581.384153
1.803969,6,2581.607926
58.404049,176,2588.014282
61.23023,176,2594.382621
60.611197,176,2600.951461
59.59183,176,2607.653829
3.240298,37,2609.015824
60.73708,176,2615.336037
54.976942,176,2630.11522
58.183156,176,2636.508047
19.918263,76,2639.274545
60.8421,176,2645.584689
14.306167,46,2647.246731
51.19762,176,2653.6075
63.949788,176,2660.06406
62.625599,176,2666.464539
18.153368,93,2669.856271
-2.577761,21,2670.612048
51.649546,176,2676.814175
59.042811,176,2683.166063
49.930436,176,2689.689288
1.45169,50,2691.587306
62.087781,176,2698.056015
60.333236,176,2712.755498
56.730845,176,2719.172807
11.508768,52,2721.017962
58.570752,176,2727.344568
-2.083838,26,2728.276777
1.790592,32,2729.433335
50.017975,176,2735.8515
61.272136,176,2742.35579
35.100609,158,2748.0835
62.381545,176,2754.35634
56.052566,176,2760.774079
-4.450927,18,2761.423676
-5.433946,13,2761.889059
1.761603,46,2763.601267
52.68077,176,2769.917999
44.454347,176,2776.253422
50.353332,176,2782.638581
51.437139,176,2797.333189
65.342552,176,2803.74791
39.557024,115,2807.935933
53.387386,176,2814.389636
44.217266,176,2820.750781
54.345859,176,2827.087733
53.259328,176,2833.407178
52.717097,176,2839.782308
41.01468,171,2845.986526
12.393335,78,2848.738921
58.274868,176,2855.165993
53.846022,176,2861.57239
-4.183396,16,2862.164125
1.457309,35,2863.461576
69.012595,172,2878.124976
48.8561,176,2884.619627
64.949694,176,2891.008603
58.307102,176,2897.40755
62.846487,176,2903.756046
-0.051786,33,2904.951855
62.277486,176,2911.314449
23.810434,103,2915.023335
47.874588,176,2921.422403
54.422148,176,2927.832589
47.440915,176,2934.118155
50.88876,176,2940.51667
25.498274,92,2943.947645
-6.227382,12,2944.404831
52.277102,176,2959.359569
-5.687713,13,2959.83996
58.358466,176,2966.201281
59.739315,176,2972.584432
63.213532,176,2978.995512
0.971818,56,2981.025117
1.533923,26,2981.973132
38.352648,176,2988.303734
61.084895,176,2994.760273
69.214153,174,3001.124566
51.7405,176,3007.540487
65.18671,176,3013.924597
66.685006,176,3020.340303
50.762431,176,3026.742606
56.015497,176,3041.487222
46.877317,170,3047.625633
68.67874,176,3053.954028
62.803288,176,3060.256933
53.709466,176,3066.433961
-7.204016,8,3066.728639
62.849044,176,3073.061137
57.504473,176,3079.453547
57.425098,176,3085.831398
71.961683,163,3091.734745
49.442347,157,3097.440377
-3.29626,18,3098.089271
11.315314,64,3100.450834
-4.783061,14,3100.963075
60.494079,176,3107.364035
25.336851,76,3110.077225
36.442816,125,3114.632994
1.38454,34,3124.4486
49.061312,176,3130.859279
20.692521,82,3133.89493
35.463912,111,3137.937549
56.811978,176,3144.200501
46.925922,173,3150.443814
54.911073,176,3156.772855
-3.05364,30,3157.876972
1.665374,46,3159.571434
1.387949,42,3161.111542
71.709214,170,3167.355779
56.830332,176,3173.78627
14.294063,70,3176.37495
51.299573,176,3182.724432
29.485713,133,3187.624372
59.501411,176,3194.018613
64.898324,176,3208.878229
54.985581,176,3215.302063
50.342799,176,3221.650091
-8.278059,5,3221.837407
-5.818963,12,3222.268168
60.108845,176,3228.769227
50.953191,176,3235.216901
64.945377,176,3241.556983
-2.330539,21,3242.332596
60.18036,176,3248.766623
67.266118,176,3255.226239
-7.013756,10,3255.596818
-4.871633,14,3256.12186
58.979654,176,3262.511341
-2.663017,18,3263.16456
57.783663,176,3269.548003
69.423586,176,3276.030648
-4.479946,18,3276.694455
65.242419,176,3291.686575
25.062839,136,3296.558655
58.214837,176,3302.818203
53.97457,176,3309.247294
63.212109,176,3315.634584
11.98243,62,3317.916472
0.674709,38,3319.292852
68.120801,176,3325.65588
3.413474,42,3327.168188
46.384788,176,3333.592989
45.037174,176,3340.098576
58.160352,176,3346.483058
53.616755,176,3352.829153
0.794035,35,3354.096587
40.541348,166,3360.146924
47.424559,176,3375.07768
66.2202,176,3381.370719
65.227581,176,3387.818417
59.47491,176,3394.236501
3.029785,43,3395.83243
-1.497747,22,3396.659176
2.574921,36,3397.959651
8.932809,36,3399.281015
52.319861,148,3404.600104
65.867853,176,3411.038201
59.652687,176,3417.455985
58.658535,176,3423.860581
68.849378,171,3430.136398
59.944125,176,3436.534734
55.162451,176,3442.965662
63.984798,176,3458.064442
70.965006,168,3464.168858
54.184634,175,3470.565049
-1.457911,20,3471.292453
66.66036,176,3477.683334
60.422768,176,3484.096301
68.530965,172,3490.520764
70.472959,176,3496.899562
-3.948333,15,3497.442867
61.891335,176,3503.908302
50.33139,176,3510.262872
25.766623,155,3515.899494
9.852377,51,3517.763285
63.375049,176,3524.235393
53.119974,176,3530.616562
-4.126967,15,3539.831714
58.687683,176,3546.216475
63.074272,176,3552.565083
64.922811,176,3558.980409
41.476269,159,3564.757881
52.518549,176,3571.130223
19.989429,82,3574.146836
67.286229,176,3580.597281
33.294634,92,3583.944173
56.868326,162,3589.859795
50.145396,176,3596.437897
55.642363,176,3602.944898
61.995503,176,3609.367157
40.270289,122,3613.773389
56.419644,176,3628.894873
52.374191,176,3635.213282
5.481989,19,3635.914212
-5.173777,12,3636.350357
-3.66804,15,3636.898492
61.62314,176,3643.337426
64.037259,176,3649.676892
-4.869213,16,3650.26467
-2.063292,35,3651.540659
58.520183,176,3657.922932
58.558207,176,3664.32221
59.110231,176,3670.746591
43.976433,176,3677.161604
-1.448265,19,3677.861555
66.790514,176,3684.438188
12.257418,49,3686.276525
60.809565,176,3692.661485
56.034859,176,3707.707144
64.334617,176,3714.148643
53.339596,176,3720.542308
63.439719,176,3726.933337
59.925174,176,3733.253522
-3.524993,23,3734.117783
54.816494,176,3740.544948
60.627514,176,3746.969454
6.779832,25,3747.890831
3.845986,14,3748.405291
30.461536,156,3754.107312
8.46334,28,3755.132493
40.026189,176,3761.508276
62.810561,176,3767.847994
71.346569,162,3773.627664
57.917808,176,3780.077382
13.163224,67,3790.998534
48.452306,176,3797.345705
54.486276,176,3803.761595
-5.477362,16,3804.363001
34.277264,132,3809.209596
58.229295,176,3815.664944
46.328114,176,3822.095999
61.173835,176,3828.462403
-5.429562,18,3829.142556
24.444534,122,3833.530928
59.677688,167,3839.651955
59.209004,176,3846.151395
60.098454,176,3852.497682
51.370676,176,3858.912679
-5.013605,12,3859.353405
58.26169,176,3874.256989
43.868083,176,3880.744971
23.865592,88,3884.040096
8.816436,68,3886.498222
26.855455,128,3891.216506
67.24157,176,3897.556626
48.723807,176,3903.968843
59.925226,176,3910.343899
13.227527,109,3914.286022
69.634236,176,3920.662046
65.797321,176,3927.032302
69.294558,176,3933.395968
43.320368,163,3939.345154
47.88149,176,3945.837317
47.971389,176,3960.735172
59.192834,176,3967.095421
63.371171,176,3973.493815
65.591772,176,3979.847809
57.880365,176,3986.247273
58.377174,176,3992.648235
6.301356,26,3993.608625
9.083805,36,3994.917758
44.263661,176,4001.300326
48.2296,176,4007.586411
9.669925,77,4010.353491
46.141133,176,4016.683314
59.806297,176,4023.143885
55.111512,176,4029.52252
62.450319,176,4044.31257
48.149182,176,4050.70969
52.520111,176,4057.1181
-8.166751,5,4057.30662
-4.415973,16,4057.900006
7.01008,28,4058.922606
54.768908,176,4065.2694
42.972289,176,4071.605849
3.413856,39,4073.002681
5.659305,26,4073.94536
4.818178,52,4075.812119
55.571089,176,4082.140542
43.402853,159,4087.873411
4.820688,15,4088.417936
50.830168,128,4093.115468
56.938414,176,4099.531115
-1.267487,22,4100.331074
59.138289,176,4106.696848
71.031553,173,4121.345641
43.466479,176,4127.689483
42.041086,176,4133.994912
47.267495,176,4140.329365
69.917382,175,4146.629745
52.839785,176,4153.043115
63.425877,176,4159.289298
3.932566,14,4159.80329
62.405967,176,4166.057402
64.098788,176,4172.306321
40.30431,176,4178.785759
62.595596,170,4184.97717
54.218003,176,4191.31547
46.925766,176,4206.153655
54.277682,176,4212.550385
67.394361,176,4218.94952
45.778247,176,4225.364408
49.414001,176,4231.820691
53.992096,176,4238.132988
63.463108,176,4244.467232
40.687048,173,4250.650783
-8.343285,4,4250.797441
63.418007,176,4257.13481
58.242754,176,4263.409158
51.740478,176,4269.747822
44.890416,176,4276.070066
57.65633,176,4291.094341
62.829278,176,4297.413563
0.710771,3,4297.529311
65.104481,176,4303.886382
55.291194,176,4310.210293
60.246718,176,4316.509526
60.59173,176,4322.808076
53.494993,176,4329.121183
61.737131,176,4335.466463
56.625015,176,4341.761467
54.469827,176,4348.111497
54.474294,176,4354.459206
58.354958,176,4369.211689
63.657506,176,4375.627976
41.864643,176,4381.96586
51.225295,176,4388.374751
46.546609,176,4394.696274
0.680211,3,4394.809896
71.423917,168,4400.800024
-0.80173,38,4402.183819
54.345122,176,4408.482663
-4.80133,13,4408.962109
61.891514,176,4415.284715
63.005331,176,4421.61035
71.228811,173,4427.906157
-1.595108,19,4428.5913
53.203593,176,4434.948802
51.044242,176,4441.292886
41.010963,168,4455.74752
64.230486,176,4462.076272
52.886014,154,4467.576119
69.804639,176,4473.89564
2.440491,8,4474.193296
59.263546,176,4480.451391
22.496416,95,4483.906212
63.998507,176,4490.282486
39.736901,171,4496.409222
63.931162,176,4502.729609
71.972769,170,4509.010811
60.536648,176,4515.379396
32.907552,176,4521.847469
-3.647849,19,4522.557652
60.066285,176,4537.452334
62.438774,176,4543.868498
13.185945,31,4544.975552
4.797949,19,4545.67752
56.578555,176,4551.948436
70.003847,175,4558.199635
66.001339,176,4564.480395
2.331776,8,4564.762985
1.366189,5,4564.964049
48.563256,176,4571.332063
71.729951,171,4577.542572
61.433461,176,4583.912494
1.043783,4,4584.072737
53.250133,176,4590.487477
0.866238,26,4591.429443
53.714536,176,4597.796212
66.781239,176,4604.175721
60.768733,176,4619.345166
47.626703,176,4625.77193
52.939202,176,4631.950794
48.9408,176,4638.493735
19.802445,77,4641.261869
62.782549,176,4647.637293
47.317206,108,4651.593383
56.261897,176,4657.969527
48.896855,176,4664.356877
49.952964,176,4670.767436
20.619416,69,4673.265597
72.95447,176,4679.58855
61.366683,176,4685.959611
48.922123,176,4700.934858
62.409517,176,4707.228037
55.834042,176,4713.548619
52.870004,176,4719.980415
47.796285,176,4726.318896
64.105909,176,4732.616216
59.037674,176,4738.875576
5.459918,20,4739.60585
51.025476,176,4746.009251
52.983922,176,4752.675151
16.782609,74,4755.610595
17.941872,54,4757.78189
50.710442,176,4764.325814
9.845592,46,4766.030979
37.562838,151,4771.550606
41.617884,176,4786.63819
54.437373,176,4792.972029
49.777354,176,4799.332313
65.215137,176,4805.7133
0.779112,30,4806.788234
9.827768,51,4808.697093
-4.379742,24,4809.58337
3.820239,38,4810.939863
15.379777,64,4813.208999
65.467821,176,4819.522704
68.385779,166,4825.544131
43.027881,176,4831.829391
-3.040321,33,4833.017186
48.040565,169,4839.221513
-5.39521,15,4839.764966
50.364553,176,4846.13354
3.069918,9,4846.468024
16.378869,48,4848.216176
40.973931,176,4854.609464
62.874151,176,4869.53181
56.194394,176,4875.959908
64.205364,176,4882.428742
49.606677,176,4888.969737
60.362847,176,4895.52761
-2.82282,33,4896.760005
55.538057,176,4903.377508
63.265258,176,4909.792357
-5.369065,16,4910.42011
-0.238189,24,4911.310935
49.658017,176,4917.788292
51.64952,176,4924.400068
55.169444,176,4931.04297
1.776653,27,4932.050249
61.262909,176,4938.66963
7.020895,22,4939.474216
55.943966,176,4954.52159
26.064591,135,4959.334667
53.104742,176,4965.565737
13.330821,64,4967.879736
-3.04502,29,4968.917422
49.605694,176,4975.266927
52.135629,176,4981.565838
46.111302,176,4987.878557
58.61124,176,4994.21147
53.847218,176,5000.557131
48.611605,176,5006.837885
64.826389,176,5013.10171
69.131022,167,5019.106084
61.322978,176,5033.90425
10.359338,50,5035.721176
4.351041,40,5037.167125
48.467378,176,5043.478594
-4.757142,17,5044.083477
45.832961,176,5050.354504
37.082524,141,5055.430388
59.484926,176,5061.742906
63.545233,176,5068.01055
49.703036,176,5074.227376
59.953845,176,5080.35979
52.488034,176,5086.539617
23.943407,73,5089.158485
55.761665,176,5095.435416
45.104417,176,5101.568968
55.079101,176,5116.315874
21.134243,81,5119.192113
68.616901,176,5125.479999
59.970351,176,5131.746578
66.535067,153,5137.170642
55.807035,176,5143.431807
54.264045,176,5149.802401
-7.904995,5,5149.991513
16.241528,69,5152.569669
55.436662,176,5158.901917
29.860591,176,5165.269805
57.528476,176,5171.839473
-4.628041,13,5172.329415
60.858487,176,5178.74439
57.043155,176,5184.978889
-1.282226,35,5194.884905
61.428696,176,5201.20881
2.253606,8,5201.510617
54.699759,176,5207.800882
22.094664,97,5211.283936
-8.098234,5,5211.47135
47.959128,176,5217.726315
5.507023,35,5219.016071
63.27371,176,5225.347008
49.358386,176,5231.696416
45.325502,174,5237.870409
2.58064,48,5239.596113
-5.29898,14,5240.091902
60.463368,176,5246.213881
-1.409119,18,5246.897576
-7.350431,8,5247.188629
3.976421,43,5248.707761
27.360808,127,5253.146135
4.365508,14,5253.65203
-3.626115,17,5254.257363
54.701765,176,5260.381066
55.794787,176,5266.472822
4.603719,14,5266.956681
