#{"t_start": 1773459005.4886055, "env_id": "continuous-highway-v0"}
r,l,t
1.747929,16,5.897877
1.013994,14,6.199807
0.341008,13,6.479597
1.523511,15,6.834244
1.080409,15,7.159791
2.666578,17,7.507491
1.071624,15,7.822591
0.726345,14,8.141665
1.340894,14,8.447491
0.762276,14,8.756607
1.25392,15,9.099194
2.07156,19,9.551219
0.403069,14,9.858257
0.504148,12,10.15566
2.03325,15,10.50286
1.429442,15,10.836677
1.81372,14,11.16696
1.079109,15,11.513356
1.021082,14,11.829759
1.174166,15,12.160477
3.063497,17,12.533361
1.494807,14,12.834443
1.217035,15,13.156391
1.383339,13,13.439878
3.047538,15,13.763935
1.997453,18,14.153405
2.256906,17,14.516657
1.327077,14,14.825451
1.118188,15,15.175578
0.881661,16,15.529224
2.280994,18,15.912659
3.215613,20,16.349995
0.794603,13,16.643643
2.329877,16,17.009258
0.762626,13,17.278452
0.481208,12,17.541441
0.287894,13,17.828072
1.56998,18,18.232756
0.613643,13,18.523412
1.962182,16,18.87247
1.936664,14,19.197973
2.807919,18,19.585814
0.651011,14,19.882475
0.594371,13,20.175621
2.531652,15,20.517616
1.367511,14,20.838377
0.547066,13,21.136135
3.281001,17,21.518511
2.003927,17,21.892721
-0.211939,13,22.210102
1.611003,15,22.560038
2.428326,17,22.954566
0.457935,13,23.262461
0.307001,14,23.605543
-0.335109,12,23.857257
2.06799,16,24.193369
2.895537,18,24.577363
1.1486,14,24.876824
0.756479,13,25.158571
1.835825,15,25.507725
1.555019,14,25.803328
1.370444,15,26.136522
1.162677,14,26.444786
2.829993,15,26.78416
3.116676,17,27.160747
2.120088,16,27.510974
0.530722,13,27.799997
2.038126,16,28.144784
0.485975,13,28.411875
0.845313,13,28.700681
0.480918,14,29.000919
0.337582,13,29.275414
1.663405,15,29.584193
3.348124,18,29.961423
0.450961,13,30.235368
2.046406,17,30.595887
0.886984,14,30.898097
1.821626,16,31.235291
1.473011,16,31.569686
1.716214,14,31.853278
2.028696,16,32.19085
0.546201,14,32.472977
2.866768,15,32.783696
2.371048,18,33.17598
0.550244,13,33.44115
1.542638,16,33.781838
0.608835,15,34.090749
1.023066,14,34.381432
0.313075,14,34.679953
-0.784412,11,34.927722
2.397471,16,35.253231
0.265419,14,35.53673
1.625155,14,35.819898
1.30128,15,36.121547
4.026393,19,36.501225
0.746887,14,36.7861
0.631947,14,37.07734
1.596485,15,37.380565
0.250048,13,37.65472
1.371435,15,37.980651
2.579755,17,38.317078
-0.204888,12,38.572462
2.079357,14,38.863721
-0.277398,12,39.120626
0.412024,13,39.396559
-0.918965,11,39.628046
2.605475,16,39.964826
0.917684,13,40.238615
2.321789,16,40.579142
1.216612,15,40.912183
0.329745,13,41.172342
-0.057108,13,41.439061
0.533388,15,41.74816
3.450657,17,42.099732
1.668888,15,42.425088
1.223927,16,42.760671
2.284953,17,43.12087
0.427373,13,43.380484
0.833488,14,43.680377
2.544598,16,44.015292
2.306992,17,44.376041
2.446762,16,44.719916
0.778827,14,45.021035
2.62961,17,45.367306
1.608712,14,45.653443
1.825888,17,45.999179
2.062244,15,46.308201
2.495299,16,46.647453
0.933859,15,46.95605
-0.019749,12,47.200952
0.914794,13,47.455169
0.9247,13,47.719786
1.963834,15,48.027944
0.243059,14,48.321533
1.637806,14,48.592618
0.730415,14,48.878087
0.891905,15,49.181335
1.543869,16,49.504085
1.034841,14,54.09019
1.532226,16,54.422215
0.549228,13,54.694599
0.270485,14,54.992934
0.588684,13,55.250447
2.195905,15,55.56576
0.020547,13,55.846536
2.173934,17,56.196919
1.792606,15,56.513853
1.950115,16,56.84653
1.514995,15,57.155336
3.821033,20,57.582151
2.647014,17,57.935534
1.935645,17,58.28073
2.671431,18,58.649016
0.47843,14,58.94053
1.560913,15,59.251446
1.198994,14,59.554921
3.127473,18,59.936001
1.284425,16,60.269683
1.243431,15,60.581879
0.696939,16,60.912864
2.374434,17,61.254052
0.719503,14,61.530743
2.408019,16,61.851463
-0.716028,12,62.102773
0.575119,14,62.394939
1.065593,14,62.699977
1.700672,16,63.036728
0.661093,15,63.362019
1.932923,15,63.678947
0.016663,13,63.953499
2.096977,17,64.305131
1.343346,15,64.602216
0.28083,13,64.878386
1.165729,15,65.183596
1.758398,15,65.500987
1.949673,15,65.81176
2.922083,18,66.218824
0.742325,14,66.530926
1.398937,16,66.8753
1.715918,15,67.194469
1.956827,16,67.528582
1.075975,14,67.822509
0.929935,16,68.160129
-0.020803,13,68.442834
1.279942,15,68.759446
1.637683,14,69.055547
2.779019,17,69.414068
2.530167,19,69.806277
0.814005,15,70.126615
0.649005,13,70.39953
0.735905,16,70.735029
2.252563,17,71.085491
2.059277,17,71.449138
1.65322,15,71.775408
1.089153,16,72.109427
-0.034933,13,72.367759
0.963257,13,72.647534
0.472765,13,72.922391
1.19791,15,73.222286
2.77042,17,73.574115
1.91839,17,73.92415
2.241874,15,74.231892
0.085456,13,74.490955
1.97474,17,74.828345
1.24443,15,75.129421
0.975025,16,75.471674
0.965909,15,75.779328
0.829126,14,76.070086
0.600653,13,76.344685
0.088696,13,76.625137
2.347328,18,77.003648
1.548965,15,77.312029
0.991901,15,77.642138
0.641114,13,77.916804
-0.388026,12,78.164273
2.558482,18,78.532833
1.215137,14,78.82448
0.26699,13,79.105843
-0.127259,14,79.39703
0.656958,13,79.670549
1.332566,15,79.980959
2.17736,17,80.334951
2.658416,18,80.712593
0.491934,14,81.005156
2.796163,18,81.384071
1.735751,15,81.708339
2.293605,16,82.029176
1.260312,14,82.32019
0.232595,13,82.580113
0.794989,15,82.889382
2.132205,15,83.206642
1.387462,14,83.497402
-0.35522,12,83.753327
1.257625,14,84.053845
1.612884,15,84.370738
1.356273,16,84.705153
1.654815,16,85.049044
1.660274,16,85.369745
1.538096,14,85.661187
2.356112,17,86.006338
1.788661,16,86.334848
1.440596,17,86.696019
2.64768,17,87.051174
2.611102,17,87.405755
0.17811,13,87.665834
1.537571,16,88.001903
2.223719,15,88.318878
1.460255,15,88.620827
2.280595,17,88.95937
2.057918,16,89.276339
0.715139,15,89.57303
-0.599308,12,89.835744
2.012424,16,90.165496
1.762103,15,90.475081
2.203214,17,90.831148
-0.749161,11,91.063958
0.835622,16,91.392302
1.57935,15,91.705774
3.552769,20,92.116676
1.14708,14,92.41321
-0.070103,13,92.678557
0.857988,14,92.946857
1.629907,16,93.304642
0.92161,14,93.597045
1.137088,14,93.888672
1.801533,15,94.206804
0.218216,13,94.479224
1.176711,14,94.762939
1.538207,17,95.114824
1.477741,15,95.422578
-0.181711,13,95.704273
2.535298,16,96.032138
1.986071,15,96.33365
0.24358,13,96.60754
1.728268,14,101.240943
0.942334,15,101.542806
3.157554,19,101.933409
2.739349,18,102.295327
-0.068072,13,102.568168
1.577921,15,102.892771
1.741316,16,103.214215
0.886549,16,103.542456
0.067944,13,103.818519
1.949911,18,104.189125
3.38146,20,104.601523
1.151152,15,104.905476
1.522585,15,105.214911
2.504884,17,105.552545
0.787248,16,105.880193
0.536905,15,106.190269
1.386492,17,106.543067
2.613164,18,106.91537
0.835231,14,107.206734
2.484991,16,107.534514
2.853011,20,107.950434
1.942201,15,108.259979
1.430283,16,108.588047
3.263322,18,108.958502
1.660851,16,109.290132
1.172891,15,109.597119
1.044593,14,109.887686
1.485864,15,110.202429
0.857001,15,110.506311
1.825136,17,110.860515
2.616306,18,111.227225
1.282603,15,111.552535
1.291288,16,111.889026
2.684765,16,112.23388
1.822932,16,112.566178
3.026046,17,112.929943
1.928522,17,113.288604
2.484083,19,113.676992
2.205168,16,114.011054
1.803595,16,114.354977
1.386903,15,114.666197
1.7393,16,114.999924
2.510757,18,115.359859
1.897367,15,115.675241
2.348135,17,116.032547
0.171963,14,116.31927
2.380078,18,116.688072
-0.58503,12,116.936696
1.871559,14,117.243611
1.560473,16,117.578275
1.124658,16,117.899689
-0.314151,12,118.141427
2.690568,17,118.500168
4.061262,22,118.970115
2.81929,18,119.34598
0.580798,14,119.629018
2.525452,18,119.98429
2.215443,17,120.34285
0.846558,15,120.667554
1.414604,15,120.985064
0.356521,13,121.266686
2.511083,18,121.637511
-0.472365,12,121.886013
0.180934,13,122.143655
0.303674,13,122.404676
1.080632,15,122.706225
0.916628,14,123.012643
1.485488,16,123.340274
1.5513,15,123.659883
1.384089,14,123.946131
0.44368,14,124.217963
1.553087,15,124.527599
2.154618,16,124.869066
2.602607,17,125.22908
2.070041,16,125.557202
0.683485,14,125.849785
0.934098,14,126.149025
1.314814,15,126.46562
1.938883,16,126.809724
2.414413,17,127.163702
2.68336,18,127.543934
2.356046,16,127.879845
-0.039808,14,128.174727
2.767452,17,128.544101
0.768288,14,128.83092
1.342051,16,129.161805
1.169567,16,129.498738
0.383718,13,129.775658
1.647148,16,130.113818
1.83755,15,130.445304
0.798731,16,130.807867
1.156853,14,131.093447
1.348808,15,131.394873
0.607727,15,131.682419
1.704856,15,131.988975
0.360791,14,132.310845
1.881433,16,132.642914
2.453489,17,132.983563
-0.615232,12,133.224377
1.777657,15,133.532423
0.207943,14,133.815421
1.556599,16,134.124519
2.577216,18,134.488982
1.496607,14,134.779878
-0.275627,13,135.056806
1.236699,14,135.347642
2.239074,16,135.690826
2.028855,17,136.043765
2.117597,15,136.346693
0.924688,15,136.656293
0.845403,15,136.973799
0.138602,12,137.228768
2.171495,16,137.591
2.234827,16,137.931757
1.04881,15,138.247789
2.110174,15,138.569759
2.9986,18,138.941993
2.620731,16,139.262557
3.028692,18,139.664041
1.363707,15,139.971259
1.155543,16,140.290618
1.780945,16,140.625221
2.278095,17,140.968911
1.137792,15,141.282748
1.403833,15,141.606134
1.313901,15,141.917207
1.584448,17,142.269418
1.719213,16,142.598207
-0.093572,13,142.880546
1.516353,17,143.228914
1.582789,16,143.566107
2.214212,18,148.243492
0.692327,16,148.578488
0.95429,16,148.90734
0.33661,14,149.206276
2.240969,19,149.595321
1.080791,16,149.937964
2.505461,17,150.283644
1.331597,15,150.593847
1.669715,17,150.947417
1.220327,15,151.249089
2.816321,19,151.636786
2.420139,18,152.008538
1.358013,15,152.304719
2.54214,19,152.708958
0.944689,16,153.045605
0.26842,15,153.346968
5.297097,27,153.869991
0.849325,14,154.161716
2.191652,18,154.533376
0.212246,14,154.842374
2.248435,19,155.232502
-0.267262,13,155.50957
0.893356,15,155.829016
0.950164,16,156.163203
3.512098,18,156.525736
1.276745,17,156.867248
1.574185,16,157.177896
2.10923,19,157.571418
2.461759,19,157.960512
2.007542,18,158.320446
1.694627,17,158.67149
1.974786,17,159.016236
1.353066,16,159.340537
2.844344,19,159.73553
1.605065,15,160.037188
2.633067,16,160.369253
0.910893,15,160.671274
1.734453,17,161.021706
1.2434,17,161.383243
2.105443,19,161.784796
0.692041,15,162.094348
1.27048,15,162.404356
3.104766,21,162.836005
1.775136,18,163.215687
1.643859,16,163.550233
0.464134,16,163.884798
3.655608,22,164.338726
4.434316,21,164.76181
1.099212,16,165.097246
2.628071,18,165.453394
2.48439,17,165.812092
1.258039,18,166.180791
2.042007,16,166.514684
1.138811,15,166.831814
0.84899,15,167.13425
2.453259,19,167.51511
2.846185,20,167.931241
1.579708,15,168.235867
2.464761,19,168.631302
1.860069,16,168.965205
5.271294,26,169.483524
0.724816,15,169.787171
2.923305,19,170.17406
1.056545,16,170.500986
1.522341,15,170.810977
1.445451,17,171.152952
1.038829,16,171.490532
0.251452,12,171.740456
3.805087,22,172.188991
2.163064,17,172.542371
1.006252,15,172.859594
1.458432,16,173.186006
2.759092,19,173.571082
0.479279,16,173.883471
0.753935,16,174.202998
0.400776,13,174.473861
1.300492,15,174.792122
2.241747,17,175.128317
0.016984,13,175.388999
2.16971,18,175.743501
0.370011,13,176.003216
1.344815,16,176.308968
0.295363,14,176.587135
1.792423,17,176.925626
2.795448,18,177.285673
2.037716,18,177.668905
2.594533,22,178.119159
-0.107757,13,178.40121
2.361526,20,178.806116
1.098513,14,179.112887
1.670412,18,179.482106
3.254045,19,179.869463
0.016617,14,180.153707
4.863224,27,180.691711
2.042981,17,181.036643
2.763479,18,181.406402
1.692623,17,181.752322
2.560848,18,182.129971
2.014552,18,182.501197
0.825687,14,182.787875
1.517668,16,183.130676
1.956712,17,183.491768
1.948302,19,183.899468
0.271563,13,184.158289
2.408403,18,184.521826
2.160142,19,184.903193
0.622733,14,185.188565
1.698779,17,185.541774
0.212236,15,185.851285
1.986953,17,186.196705
1.145245,16,186.555085
2.494994,17,186.899272
1.178476,14,187.191929
2.977988,20,187.605998
2.576379,18,188.009597
2.323071,17,188.364784
2.444428,18,188.744851
1.953095,16,189.080865
0.910909,16,189.411857
2.87484,19,189.801829
2.224498,18,194.410078
-0.016898,16,194.736866
2.529937,18,195.100763
3.071556,22,195.541522
1.78475,17,195.882644
4.10683,25,196.392316
1.071049,18,196.764534
1.925356,17,197.112911
1.276008,18,197.483784
1.110882,17,197.845033
4.009623,24,198.350641
3.108535,19,198.746608
1.830179,19,199.134395
4.006892,22,199.605588
2.190383,19,199.988596
2.710229,21,200.422712
2.638657,23,200.882385
4.387451,26,201.42219
2.60802,19,201.811452
2.039607,19,202.201
2.876876,21,202.616188
3.184429,20,203.009116
1.310036,16,203.349281
3.243414,20,203.75272
0.520467,15,204.061691
3.962598,24,204.550432
3.262619,21,204.988278
2.050912,19,205.365729
1.355812,16,205.684604
3.293234,21,206.096609
2.761657,19,206.469438
3.097996,21,206.886108
2.750268,20,207.297476
-0.060899,14,207.590679
2.607102,20,207.99614
2.007114,19,208.375891
2.773388,23,208.841786
3.164415,24,209.333067
0.085404,14,209.618986
1.099903,17,209.949078
4.726912,27,210.492806
4.05909,29,211.086276
1.6789,18,211.462401
3.259582,21,211.883716
3.164401,20,212.305888
1.853354,19,212.686428
2.901791,20,213.084628
1.763437,15,213.39503
3.798558,26,213.922971
2.511471,20,214.334381
3.532304,23,214.805105
4.068634,25,215.286439
2.889564,18,215.650979
1.670404,19,216.036009
3.461503,22,216.481179
2.091845,19,216.867639
1.419247,18,217.205748
3.384455,22,217.650992
1.906668,19,218.006664
1.852025,17,218.335806
2.188396,20,218.731245
0.744114,16,219.056788
1.582211,19,219.44264
3.800339,24,219.943198
2.004731,19,220.332781
0.707173,17,220.664589
3.297281,20,221.073201
2.726251,20,221.503628
0.680678,15,221.798905
2.400258,22,222.249088
0.900234,15,222.546733
1.100457,17,222.895893
2.673482,21,223.331025
2.0266,21,223.755069
0.533343,16,224.097955
3.340236,22,224.560467
2.596226,20,224.97806
0.303179,16,225.29617
1.75078,19,225.6763
1.256585,16,226.002187
3.632009,24,226.492631
-0.015655,14,226.776485
2.633582,20,227.179828
3.758368,23,227.661922
2.917419,19,228.035102
1.861049,16,228.348078
0.752416,17,228.693957
1.323586,17,229.038755
1.894451,18,229.417477
2.191383,20,229.831854
0.933583,17,230.191745
-0.293363,14,230.488577
1.280156,16,230.813554
2.937695,19,231.195672
2.499325,19,231.588903
4.93577,28,232.143095
1.909117,19,232.530331
3.80569,25,233.032084
1.745331,21,233.455371
1.288147,18,233.818688
2.297186,22,234.257381
3.421691,23,234.715019
1.419833,17,235.060596
0.569525,16,235.379749
3.022167,20,235.782892
3.068272,19,240.519147
2.842863,21,240.950977
2.663239,18,241.319455
3.134904,22,241.764564
3.045098,24,242.256558
1.024962,16,242.553912
3.95212,29,243.11964
0.747618,17,243.45998
5.664452,33,244.10924
2.884463,19,244.461216
2.270264,21,244.855879
1.71581,19,245.2135
2.525279,21,245.622501
0.330812,14,245.903884
2.77101,21,246.300714
4.983001,32,246.938397
3.481752,24,247.427763
2.555208,20,247.822636
1.352758,19,248.198293
3.78735,25,248.690006
1.215474,17,249.030876
2.96735,18,249.388916
2.00291,19,249.765218
3.131124,23,250.216113
2.562444,20,250.596112
3.268007,24,251.069967
3.109112,20,251.473258
3.344629,24,251.955071
1.158745,17,252.286987
1.381342,18,252.628598
2.568194,21,253.050003
4.141978,35,253.757105
1.379901,17,254.097871
1.040637,16,254.429145
-39.198639,176,257.869195
2.655208,20,258.262777
3.551003,23,258.692999
1.345058,17,259.039301
3.529904,23,259.486553
1.391849,18,259.839181
2.916247,23,260.277354
3.451652,29,260.833526
4.958147,31,261.451973
2.164268,19,261.841396
2.047896,18,262.21264
4.966312,30,262.814371
2.689114,24,263.294816
0.945601,18,263.649377
1.592584,18,264.019909
1.812213,19,264.391946
2.400436,19,264.766136
1.839089,19,265.139362
2.799147,22,265.596991
1.482505,19,265.99922
1.325553,17,266.315861
3.154703,25,266.805836
4.459694,24,267.268732
1.271754,18,267.617988
1.959884,19,267.994506
3.431962,26,268.492163
2.704262,24,268.962454
2.480158,19,269.334805
1.867676,17,269.677179
4.826501,30,270.251052
3.036146,20,270.660589
2.657023,19,271.035042
2.87609,21,271.450493
2.605798,22,271.901379
2.557735,24,272.371192
2.111092,21,272.794726
2.387252,21,273.21862
-25.701399,176,276.648377
4.600028,23,277.098384
2.793692,23,277.569854
3.044613,26,278.089572
6.677863,37,278.833684
2.639616,19,279.215326
0.43972,16,279.528135
1.950787,17,279.87253
1.967473,19,280.260348
-30.455955,176,288.044667
2.627016,25,288.525921
1.84669,19,288.878896
0.786432,18,289.221365
2.724786,20,289.5988
-29.040366,176,293.038377
2.065984,20,293.43288
2.826382,21,293.833367
2.356983,20,294.216343
2.931525,25,294.678874
3.249731,25,295.151654
3.065501,24,295.608005
0.691938,17,295.94138
2.840928,21,296.344923
4.813279,32,296.948158
3.956469,23,297.405262
3.934528,22,297.831326
2.660732,21,298.250481
1.573121,24,298.712528
3.395332,21,299.117241
6.128915,36,299.787511
2.716253,20,300.16119
3.714311,31,300.741788
2.757995,24,301.185105
3.158969,24,301.632168
0.814753,19,301.977855
-24.9,176,305.213085
1.441916,18,305.551733
3.512158,23,305.979269
1.250765,18,306.317297
4.881988,29,306.872817
3.111175,24,307.353039
-30.563708,176,310.678373
2.139645,22,311.088535
1.583374,18,311.431618
3.415166,23,311.882021
3.170185,23,312.333844
-0.134078,14,312.605104
1.403962,20,312.981198
2.709435,22,313.446173
3.507437,24,313.913881
1.369806,19,314.29113
2.888283,27,314.789631
1.930045,22,315.208064
5.031848,29,315.741885
-38.615658,176,319.030561
3.805673,29,319.561251
5.061513,34,320.185607
2.221679,20,320.570686
4.070396,28,321.09632
3.198581,24,321.596911
3.21484,25,322.115522
2.731315,24,322.593636
0.853755,17,322.93118
3.64508,25,323.428874
1.743279,19,323.804398
3.73729,27,328.641053
-28.5305,176,332.008936
3.203114,24,332.483177
-22.748681,176,335.715581
4.331308,29,336.251299
-34.59938,176,339.649668
1.129096,20,340.090321
-25.892578,176,343.492016
-26.820784,176,346.835343
-23.041041,176,350.041823
1.926031,19,350.40252
1.741826,20,350.780668
1.783828,22,351.196495
3.886677,31,351.78556
4.831035,29,352.344394
3.105849,25,352.82748
3.776363,24,353.284461
3.236674,25,353.758625
0.887345,17,354.065718
2.106525,26,354.538355
-27.072378,176,357.805696
2.754515,29,358.346395
-31.327676,176,361.547697
1.41268,21,361.932435
2.939188,28,362.445384
3.981875,25,362.913509
3.37068,24,363.343036
-26.870035,176,366.540472
2.138529,23,371.244051
1.066878,19,371.59731
-33.241382,176,374.769711
-30.429376,176,377.991209
2.733271,21,378.3753
0.549753,16,378.674292
-31.847569,176,381.933769
-22.850443,176,385.061015
3.102277,23,385.477266
3.524383,27,385.962032
-23.175253,176,389.123242
2.93345,26,389.605653
-28.017627,176,392.812717
2.712643,28,393.315734
-30.699404,176,396.459084
-21.131937,176,399.650942
-29.362053,176,402.777834
-33.275518,176,406.048373
-34.889447,176,413.613482
2.652009,27,414.112355
2.280676,23,414.536088
-26.643715,176,417.722715
4.276871,28,418.2372
-26.200281,176,421.420419
-22.468988,176,424.610979
2.808871,23,425.048139
1.847471,25,425.506292
1.382264,21,425.891919
-28.133871,176,429.040586
3.105459,25,429.509284
-27.607068,176,432.660067
-30.832247,176,435.88202
-32.113866,176,439.094229
2.685625,25,439.557341
1.367345,20,439.932853
1.991685,22,440.350067
-28.522842,176,443.461335
-29.512078,176,446.667295
-25.191185,176,454.145881
2.717275,22,454.554655
1.948205,28,455.088946
-25.274894,176,458.365006
0.480214,17,458.687344
-27.750574,176,461.908432
3.300711,26,462.405156
-28.373049,176,465.640959
0.892128,20,466.005403
3.154628,24,466.444317
4.954872,33,467.059579
3.447131,26,467.541787
2.115517,22,467.945523
2.708246,23,468.366487
-24.670538,176,471.542381
-25.970703,176,474.664507
2.929556,27,475.166703
3.634883,26,475.667888
2.233514,25,476.136341
1.692912,20,476.510453
-24.107599,176,479.692269
3.786349,28,480.221666
3.269714,28,480.741633
-23.769343,176,483.921397
1.452423,23,484.338313
0.112516,16,484.626546
1.771445,20,484.986685
-28.736328,176,488.181066
-22.24,176,491.394235
-27.691483,176,498.899445
2.658457,22,499.329103
-26.563258,176,502.563483
4.661311,29,503.099572
-23.554863,176,506.413271
3.611017,27,506.907524
-25.853712,176,510.243839
2.782714,25,510.731378
2.848842,22,511.149536
4.219425,27,511.652796
3.676895,25,512.104297
0.845822,17,512.42647
3.254355,24,512.892022
2.662079,24,513.331648
2.719623,25,513.776808
3.364593,27,514.271897
-19.107543,176,517.534715
3.954635,25,518.013766
2.837482,23,518.458165
3.581192,26,518.956012
3.124737,31,519.526006
4.364935,29,520.052066
1.97409,22,520.462252
3.615298,26,520.949367
1.906824,18,521.280504
3.290677,24,521.728318
3.987494,30,522.316807
1.557566,19,522.68999
-23.845293,176,525.959735
-22.889999,176,529.235696
4.187517,31,529.828397
3.035003,24,530.273777
3.407264,26,530.776203
3.688251,32,531.421624
4.108626,25,531.931789
3.429877,24,532.408416
0.821007,17,532.747426
3.536645,28,533.289231
3.090167,22,533.736226
2.532389,24,534.204273
2.660864,22,538.907658
3.554693,25,539.394524
2.440238,21,539.811214
0.717208,17,540.14113
3.737237,23,540.569817
2.230297,21,540.988626
2.822907,22,541.420329
1.409251,18,541.772376
-21.576704,176,545.152503
2.661879,20,545.552382
4.857965,25,546.050478
3.020649,23,546.526718
-24.846182,176,550.002711
1.839379,20,550.408919
0.947452,17,550.764308
2.917816,20,551.150375
0.780491,16,551.464096
1.485094,19,551.853302
2.939854,22,552.279942
2.897918,20,552.680306
2.371123,21,553.099522
3.466544,21,553.507375
2.126386,20,553.888299
0.48476,17,554.224037
2.472133,21,554.623834
3.283422,22,555.034614
1.520493,18,555.365797
2.582155,22,555.77463
2.63532,22,556.179873
1.597009,22,556.578006
2.811147,24,557.017824
2.869552,24,557.469352
2.540287,20,557.854764
2.502682,21,558.261738
1.405168,18,558.616991
1.144464,18,558.978569
1.645786,15,559.271293
2.293338,21,559.692586
4.25224,22,560.121098
1.673507,18,560.478688
2.220647,19,560.847808
1.735091,19,561.219998
2.513745,21,561.638292
4.011024,27,562.170801
4.73101,28,562.732566
0.738102,17,563.087797
0.649768,16,563.424488
0.854283,16,563.763376
0.980992,17,564.096043
1.950073,20,564.489419
1.499335,18,564.84994
2.99305,24,565.343658
2.600719,24,565.833002
3.378796,22,566.277634
1.747855,17,566.604936
2.298815,22,567.043914
1.721539,19,567.420962
2.936098,20,567.848445
1.635805,21,568.266335
-19.867713,176,571.722178
2.094043,20,572.115159
2.762432,22,572.541822
2.900277,24,573.006737
1.409323,17,573.340101
2.107696,19,573.701728
3.674192,26,574.216252
3.676303,27,574.759429
2.724506,22,575.203432
3.51638,25,575.716279
4.427707,27,576.255743
2.488581,21,576.695789
0.995876,16,577.016525
0.61803,17,577.346135
-0.338195,15,577.664457
1.115258,17,578.005564
1.441265,19,578.383054
2.904255,23,583.174852
3.82664,27,583.71408
1.884794,20,584.127525
2.060531,20,584.512578
2.572893,22,584.972926
0.845737,16,585.304609
2.908493,22,585.759809
2.082899,19,586.145383
1.835323,20,586.558918
3.516996,22,587.008809
2.216266,19,587.39252
5.149417,27,587.933255
3.239288,22,588.393435
3.700303,27,588.949036
3.579842,24,589.453887
2.08547,21,589.88146
0.991618,17,590.231392
1.840314,19,590.627851
2.549622,20,591.028057
1.551598,20,591.457247
3.618221,21,591.895527
3.589516,25,592.401693
2.742621,22,592.841791
1.285422,18,593.221114
2.285589,20,593.61968
1.539982,17,593.969596
3.598488,23,594.431971
2.626007,20,594.828567
1.892819,20,595.232567
2.973328,22,595.663053
4.724368,26,596.170415
3.000063,22,596.608584
2.419148,20,597.034359
4.04362,28,597.612072
3.483209,27,598.171636
1.705836,17,598.49584
1.455941,19,598.859145
2.700442,21,599.260831
3.450638,23,599.712708
3.8607,25,600.230294
0.510552,17,600.605835
2.484232,20,601.010349
1.298784,17,601.359251
0.906286,17,601.715548
1.72171,19,602.092852
3.084964,25,602.611162
1.984829,19,603.005389
2.893168,22,603.451408
6.442143,35,604.155087
5.971666,35,604.857002
2.025399,20,605.265812
1.498193,20,605.677298
1.123864,16,606.008212
0.456044,16,606.324496
2.901723,21,606.753944
2.852891,24,607.245647
3.427609,24,607.722709
3.977979,25,608.236281
1.573284,19,608.626363
3.851948,24,609.126942
1.450653,18,609.503876
2.79801,21,609.953933
1.988118,19,610.356831
1.498182,18,610.73329
2.933934,22,611.208522
1.652005,19,611.608502
6.001495,37,612.342713
2.555107,19,612.741554
2.838098,22,613.20878
2.07951,21,613.627532
2.886646,21,614.05459
2.501169,20,614.448849
-1.085401,13,614.710563
3.123321,24,615.218163
1.939108,21,615.64278
1.868586,20,616.056853
3.609237,22,616.520058
2.90127,22,616.960451
0.228675,15,617.263325
0.938552,17,617.612001
1.118429,17,617.974524
3.207076,22,618.408323
1.900448,21,618.824852
0.333758,15,619.134569
3.700327,26,619.648059
1.937697,21,620.073642
2.175533,22,620.516092
2.867262,21,620.926837
2.005128,21,621.354838
3.538546,25,621.865871
4.32323,26,622.385648
0.961269,18,622.755974
2.017543,22,623.20689
4.908881,30,623.816025
2.611413,21,624.279484
2.919016,22,624.721768
2.430857,19,629.3751
0.606874,18,629.729397
3.713952,23,630.178935
1.805975,20,630.570541
0.740737,17,630.904955
1.957754,21,631.338377
0.265735,17,631.652936
1.71786,20,632.048211
1.004824,18,632.399422
4.178534,27,632.943002
1.261778,18,633.310661
1.828928,21,633.726928
3.300565,22,634.182072
4.107419,26,634.743603
4.386763,28,635.33393
1.917697,20,635.746823
3.052346,22,636.206845
1.901198,21,636.626377
3.551113,24,637.11552
2.522022,23,637.612356
2.768675,21,638.055752
2.867981,21,638.482766
3.499901,22,638.930731
1.604079,20,639.315516
2.949206,21,639.722492
3.34774,26,640.226568
3.268714,22,640.677573
3.744845,27,641.214358
1.818621,18,641.576001
2.51275,24,642.046834
2.80079,21,642.470267
2.064747,20,642.874576
1.97072,19,643.23554
3.177762,25,643.720834
2.95746,25,644.218274
1.795432,20,644.609719
3.428408,22,645.052961
3.818417,24,645.520448
2.692661,20,645.902635
1.578621,19,646.271038
3.922323,26,646.773566
5.15016,30,647.353507
0.965629,17,647.677722
0.114156,17,648.001356
4.888906,32,648.60657
2.121196,21,649.010901
3.3668,26,649.502301
6.551566,40,650.247151
1.086492,18,650.59305
2.318765,20,650.973105
1.2515,18,651.311341
2.528868,24,651.780178
2.379443,20,652.17997
3.758262,25,652.683095
2.551354,21,653.10594
3.074632,24,653.588141
2.178345,20,653.975612
2.314023,20,654.370239
3.257492,24,654.824663
1.912806,18,655.188181
-0.0873,16,655.512092
1.369572,19,655.868877
1.246465,18,656.210482
5.766991,29,656.77454
4.25533,31,657.380209
1.17305,17,657.724799
3.940776,26,658.23036
2.52589,19,658.599566
3.193793,22,659.036311
3.702027,26,659.556327
1.109202,17,659.888084
3.806538,26,660.385888
0.833442,17,660.72163
1.619668,19,661.11141
3.178936,24,661.589167
4.036244,27,662.129831
2.105651,22,662.566771
2.523917,20,662.979986
1.980287,18,663.356173
2.864903,25,663.844946
3.240867,25,664.363592
3.362255,27,664.903459
2.184365,21,665.316375
2.051905,21,665.736401
2.158862,20,666.122071
2.530246,22,666.54245
4.103174,25,667.041205
2.850073,23,667.501343
3.63339,24,667.984113
2.512239,20,668.377353
2.241162,20,668.780739
1.068852,18,669.149184
1.895247,19,669.539636
-11.845986,176,677.265343
2.185525,22,677.678531
1.208761,17,678.018906
1.754743,20,678.405173
2.33275,20,678.800311
1.282078,20,679.182843
20.571346,176,682.622295
3.253981,23,683.081984
1.521742,19,683.462847
0.857531,19,683.858435
0.374065,17,684.193767
0.550704,17,684.549401
2.5318,22,685.004116
2.985265,20,685.422041
2.10433,21,685.883483
1.186777,20,686.302233
2.144067,23,686.774714
4.657238,29,687.346371
3.433796,29,687.911671
3.778585,27,688.420836
3.338906,27,688.958866
2.964493,23,689.437761
2.388326,22,689.863062
4.655221,30,690.433231
1.056626,19,690.797938
4.803887,36,691.481673
1.485841,20,691.863641
1.182852,19,692.229533
2.691177,22,692.648066
3.127797,23,693.095558
3.123675,25,693.583707
3.503925,24,694.037979
4.057673,32,694.643661
3.258297,27,695.176247
3.63503,25,695.673228
4.994176,32,696.292856
5.147549,38,697.04977
1.777793,21,697.462278
2.009801,23,697.914104
3.639119,176,701.214628
3.006692,24,701.68837
2.286571,24,702.150259
2.811969,23,702.592008
3.27883,25,703.104372
1.480819,20,703.497435
4.184067,25,703.970316
1.329231,19,704.34378
1.384668,20,704.735934
3.820969,27,705.251354
2.711098,26,705.749779
2.449769,23,706.208334
2.085871,23,706.669687
2.139613,24,707.140937
0.821502,18,707.489536
3.056858,27,708.013967
5.388119,39,708.756506
0.860455,18,709.094935
1.930769,20,709.47714
3.182761,25,709.963743
4.490926,33,710.588255
2.677609,24,711.058736
2.274364,21,711.50277
0.394044,15,711.811627
2.36461,21,712.244338
2.095145,21,712.656103
3.135658,23,713.101587
2.16419,21,713.507828
1.203027,18,713.855792
2.47727,23,718.621785
0.592332,18,718.970448
4.953105,29,719.525887
1.71063,21,719.929597
3.716756,24,720.373882
1.758888,19,720.731876
3.285417,25,721.20346
3.690055,31,721.806849
2.856206,26,722.320427
1.745687,21,722.744896
1.815856,22,723.170232
3.879601,29,723.75361
2.958613,23,724.205375
2.308882,24,724.660876
2.415181,23,725.110218
2.824993,25,725.577222
4.203285,26,726.062331
1.671935,21,726.478763
3.859906,29,727.044491
2.851015,26,727.56041
0.904878,19,727.933382
3.675377,29,728.500654
4.300573,28,729.060203
8.792754,55,730.106952
4.029436,28,730.65209
3.555469,23,731.096651
2.499828,24,731.573168
2.786463,22,731.991179
2.647161,26,732.49542
6.9577,42,733.29485
1.300789,19,733.674161
5.18228,35,734.337932
4.182102,27,734.851063
2.43117,24,735.327094
9.051344,56,736.415459
1.933114,21,736.823746
1.577425,21,737.23311
2.967777,25,737.713722
3.096814,24,738.190669
2.548641,24,738.65396
4.301738,24,739.103538
1.667013,22,739.504793
1.805781,21,739.913236
3.781322,29,740.494156
2.8831,24,740.963386
4.475531,30,741.54571
1.668449,22,741.983402
3.465143,28,742.522324
3.126711,27,743.052388
1.155002,20,743.420256
2.047036,21,743.827746
4.019804,31,744.428146
18.8805,176,747.732742
0.609452,16,748.051462
3.307378,25,748.503917
2.354771,23,748.944061
5.084019,34,749.590425
4.231834,31,750.200939
1.175158,19,750.567317
2.803365,21,750.975781
5.805766,37,751.661233
-3.149314,176,755.067424
4.288019,32,755.691699
1.681158,22,756.134572
3.695297,31,756.744803
5.60548,41,757.526906
1.368306,20,757.916229
3.012612,28,762.772708
6.288826,42,763.617542
4.876649,36,764.30196
6.376989,46,765.171152
1.852139,25,765.639926
1.054819,19,765.997012
2.509929,22,766.416497
2.465192,24,766.894804
2.640241,25,767.37542
24.153718,176,770.752616
3.637147,24,771.225298
3.950388,28,771.767991
2.232975,176,775.143491
2.748372,25,775.632082
2.545202,22,776.044302
2.006434,22,776.47653
4.265124,29,777.020462
3.027809,23,777.464114
21.254773,176,780.796905
3.090707,28,781.33881
15.69901,102,783.26399
3.695889,27,783.787047
4.688932,29,784.34661
4.326305,33,784.99015
2.609725,23,785.430863
5.04394,31,786.053814
6.342313,41,786.860978
1.417199,19,787.237097
3.826614,28,787.771525
3.942339,28,788.30657
5.193272,33,788.921482
6.307617,38,789.644236
2.284218,22,790.078854
2.232352,21,790.480238
2.080012,23,790.93074
2.825537,27,791.475555
2.394913,22,791.878548
3.868306,28,792.411948
4.071963,30,792.977888
1.396181,20,793.376066
1.770653,19,793.74346
0.697985,19,794.103325
1.598256,22,794.538535
4.630849,32,795.179957
3.178562,24,795.658632
4.406292,29,796.195269
3.411561,28,796.740165
3.01853,24,797.190886
1.685902,22,797.627542
7.347426,50,798.579814
7.226095,44,799.44623
3.399631,26,799.945637
2.591913,24,800.432526
0.742964,17,800.757828
1.356474,19,801.126371
1.638589,21,801.531562
2.964379,30,806.378407
5.53533,41,807.139236
32.28724,176,810.474783
30.458439,176,813.771424
0.79779,18,814.127505
1.955989,22,814.544451
1.796877,23,814.99584
5.665518,40,815.76486
2.403176,22,816.199469
2.497721,23,816.636285
6.383201,42,817.432974
4.199343,34,818.070653
3.314456,27,818.579123
1.679995,20,818.962189
13.335677,95,820.786475
3.775477,31,821.389982
2.574831,25,821.855273
2.701189,26,822.3304
4.056207,35,823.002392
4.540551,35,823.656288
5.126124,40,824.383753
4.909831,39,825.122233
3.433289,31,825.720908
9.744239,66,826.967839
5.728369,39,827.686162
2.627267,27,828.194296
1.309116,20,828.585544
34.344844,176,831.94542
3.400894,30,832.504816
2.998629,27,833.019649
3.03954,26,833.501815
6.7061,42,834.284301
33.223327,176,837.566232
0.166851,16,837.888512
5.008675,37,838.595192
4.380509,33,839.236796
3.315921,27,839.745125
1.65565,22,840.174408
2.381267,23,840.634466
7.329469,49,841.577743
4.48315,38,842.323327
10.184089,67,843.58387
13.230676,92,849.609654
4.731246,34,850.24473
14.245941,102,852.105122
13.656982,105,853.989322
4.50115,40,854.709265
3.829628,32,855.278484
3.571758,29,855.797903
7.979026,58,856.836524
3.314157,29,857.370408
0.755656,18,857.701462
4.575294,39,858.425869
1.816032,22,858.842701
3.758847,30,859.413844
5.209691,40,860.172264
0.421074,17,860.495976
2.421338,25,860.976603
3.704306,29,861.5498
2.690365,29,862.100353
6.52852,51,863.023647
30.300503,176,866.319857
5.892369,43,867.110941
1.578268,21,867.500262
5.078721,47,868.357322
2.984483,28,868.898398
1.77576,23,869.329008
2.648076,29,869.867048
3.243422,30,870.415876
3.798817,30,870.980835
28.586431,176,874.249197
1.901326,23,874.675454
2.860145,26,875.176598
1.769291,23,875.5939
2.510741,26,876.072743
1.638719,21,876.463711
5.090613,40,877.207054
2.100114,26,877.689539
5.849961,45,878.548695
7.204947,57,879.625426
1.609214,23,880.069096
3.615351,26,880.557673
4.291663,37,881.275083
3.231946,27,881.787861
2.152411,25,882.246102
6.234499,43,883.060368
5.483423,35,883.71077
7.19698,52,884.674507
5.506616,39,885.387848
3.601262,31,885.975219
31.571761,176,893.542304
10.196757,64,894.758242
6.230099,44,895.576678
2.943007,31,896.155099
2.3817,26,896.660462
2.388832,28,897.194776
31.00224,176,900.445394
32.852587,176,903.634635
3.476678,26,904.112377
2.808045,25,904.548867
6.128174,49,905.44057
19.816596,140,908.044722
31.446085,176,911.30772
4.380524,35,911.964437
6.120293,43,912.772797
19.676922,146,915.495399
5.606879,45,916.321681
1.670427,22,916.728974
2.623195,27,917.233811
1.439193,21,917.61791
5.06377,33,918.239566
7.854932,57,919.295666
5.177188,43,920.090641
2.349795,25,920.557015
1.643085,22,920.976332
3.435307,33,921.593177
12.171881,104,923.496684
6.638935,44,924.312878
7.149047,67,925.537192
2.04708,24,925.968326
6.747728,51,926.895804
19.918078,163,934.276837
8.639549,70,935.597139
4.764716,40,936.324684
5.544222,48,937.187064
2.736237,32,937.774159
15.362353,124,940.06588
34.014451,176,943.452781
2.599724,27,943.967425
30.212515,176,947.158014
30.686883,176,950.557448
30.926032,176,953.725205
33.489164,176,956.973056
3.362762,30,957.533489
32.089345,176,960.766743
3.897525,35,961.45776
2.203152,29,962.024301
3.588376,30,962.589811
6.265665,46,963.448763
6.184083,54,964.47011
5.103717,55,965.519998
30.651307,176,968.867358
33.11318,176,976.586839
29.751838,176,979.815446
8.317621,80,981.301182
1.238632,24,981.738536
6.101836,60,982.826314
1.569749,24,983.267359
2.757722,29,983.79863
29.228359,176,987.008581
2.010913,23,987.433923
28.736864,176,990.629884
33.795099,176,993.80036
30.433563,176,996.985366
2.486021,27,997.472609
2.82506,27,997.967762
5.930491,65,999.159948
33.144853,176,1002.393323
2.084109,31,1002.938976
30.387791,176,1006.08765
32.032578,176,1009.217036
2.777808,38,1009.901149
30.268609,176,1013.234005
30.43323,176,1020.814
29.567707,176,1024.183896
30.443862,176,1027.465281
29.369075,176,1030.812463
28.39149,176,1034.024959
3.211847,38,1034.73527
11.574679,98,1036.530487
31.041129,176,1039.72909
5.796041,55,1040.742085
7.307439,68,1042.016032
29.714015,176,1045.205992
1.945704,25,1045.671366
30.341117,176,1048.855867
28.151594,176,1051.999355
29.080695,176,1055.089758
5.459559,57,1060.405872
20.66294,174,1063.566905
26.755809,176,1066.775569
3.904396,43,1067.55501
33.504981,176,1070.763128
5.250363,41,1071.512524
17.823258,153,1074.290213
32.381619,176,1077.484116
31.04195,176,1080.688199
2.436442,32,1081.275578
34.066158,176,1084.473769
4.394671,51,1085.415627
4.47178,54,1086.387341
30.412524,176,1089.590811
4.942328,61,1090.696734
29.012391,176,1093.893165
27.145445,176,1097.087263
32.473704,176,1104.512809
27.68812,176,1107.63239
32.921111,176,1110.806436
3.639621,37,1111.483111
31.859316,176,1114.668666
28.561558,176,1117.891366
33.115612,176,1121.096833
30.112784,176,1124.31524
22.402204,172,1127.430573
2.274676,35,1128.067948
30.882004,176,1131.285631
29.866329,176,1134.497601
33.990781,176,1137.701682
29.452317,176,1145.209095
6.238023,58,1146.250071
34.460828,176,1149.346628
33.551859,176,1152.455162
18.011453,163,1155.349904
19.539522,166,1158.337404
29.911617,176,1161.552295
3.170422,45,1162.35692
31.144601,176,1165.556031
30.774382,176,1168.740937
30.385492,176,1171.936913
31.622889,176,1175.114216
26.790837,176,1178.300498
28.273261,176,1185.747501
31.773792,176,1188.950934
7.717646,98,1190.72394
31.576182,176,1193.868967
32.707424,176,1196.972567
30.738683,176,1200.055715
31.014263,176,1203.21065
31.141091,176,1206.375242
29.960424,176,1209.583562
28.751087,176,1212.81685
28.884377,176,1215.997799
2.59398,32,1216.59464
29.581929,176,1219.788824
11.912046,124,1226.298558
31.262854,176,1229.504787
8.680903,95,1231.218456
10.567997,114,1233.27742
31.325247,176,1236.475827
29.214544,176,1239.710298
29.899758,176,1242.838214
31.408266,176,1245.95309
7.700391,75,1247.294752
33.761789,176,1250.434531
5.200837,77,1251.832235
36.121259,176,1255.023245
30.426515,176,1258.201195
30.185286,176,1261.390661
31.179819,176,1268.803913
31.407194,176,1271.971699
30.27189,176,1275.178196
5.006878,62,1276.308326
29.842774,176,1279.473683
30.931087,176,1282.650231
31.347744,176,1285.841628
33.319929,176,1288.969908
34.115836,176,1292.048008
3.229106,43,1292.79406
30.477139,176,1295.863831
27.507862,176,1299.028749
25.877504,176,1302.224546
2.133321,37,1302.90273
32.110661,176,1310.33955
29.840162,176,1313.577664
28.183707,176,1316.733862
28.342887,176,1319.910218
29.945839,176,1323.075021
28.409611,176,1326.258945
28.657136,176,1329.42732
30.60022,176,1332.589997
28.27894,176,1335.729813
28.501099,176,1338.825541
29.63033,176,1341.950912
29.650669,176,1349.320278
28.976835,176,1352.493159
27.643123,176,1355.663064
30.774039,176,1358.839833
26.690482,176,1362.014602
30.803178,176,1365.198375
33.897154,176,1368.370326
29.095544,176,1371.539392
30.731492,176,1374.711081
31.787557,176,1377.876699
26.921312,176,1381.043996
32.821565,176,1384.144682
32.339609,176,1391.548096
31.315964,176,1394.778538
31.365751,176,1397.969947
32.027684,176,1401.170492
32.459783,176,1404.389903
32.138187,176,1407.577388
31.754172,176,1410.759966
2.115509,36,1411.401621
31.627103,176,1414.562413
34.081055,176,1417.727688
29.34059,176,1420.909357
28.599646,176,1424.08335
33.632515,176,1431.525925
25.648072,176,1434.632525
29.258845,176,1437.726966
34.252675,176,1440.906599
2.200531,29,1441.428986
30.730764,176,1444.613883
34.634204,176,1447.797539
6.309816,58,1448.863018
33.307433,176,1452.061706
30.959385,176,1455.27709
30.108596,176,1458.487463
33.410369,176,1461.700314
31.086607,176,1464.884127
31.043809,176,1472.37592
33.466546,176,1475.568771
30.450452,176,1478.686986
1.548811,27,1479.167869
31.675794,176,1482.262599
28.825834,176,1485.371154
1.267239,28,1485.893737
32.28515,176,1489.103811
3.673465,31,1489.679642
32.244482,176,1492.893233
29.519448,176,1496.109418
33.203669,176,1499.324217
33.726095,176,1502.515199
29.216131,176,1505.721717
15.952212,163,1508.680254
2.388977,33,1513.583561
28.142661,176,1516.755466
32.466082,176,1519.960887
29.593021,176,1523.154737
33.601757,176,1526.252374
29.437835,176,1529.359082
29.532979,176,1532.51819
2.771537,36,1533.190336
31.660729,176,1536.404067
33.748123,176,1539.60339
33.031125,176,1542.81759
34.209976,176,1546.027009
31.254206,176,1549.204896
29.10788,176,1556.657362
28.917984,176,1559.835406
31.758753,176,1563.015579
29.904177,176,1566.200201
29.523072,176,1569.352922
29.187891,176,1572.434562
27.495451,176,1575.519451
31.775272,176,1578.615326
33.152951,176,1581.790871
29.632833,176,1584.958356
28.310333,176,1588.14879
15.052753,153,1590.935273
30.133497,176,1598.315368
27.632666,176,1601.517347
30.196903,176,1604.707426
29.269208,176,1607.891295
30.522674,176,1611.077312
29.361432,176,1614.260953
26.609568,176,1617.395636
33.077648,176,1620.467109
29.673807,176,1623.547625
27.147775,176,1626.745304
28.491518,176,1629.925519
31.090184,176,1637.260448
28.00938,176,1640.458345
29.435399,176,1643.693222
31.798518,176,1646.927977
30.168065,176,1650.143867
32.015814,176,1653.352493
32.160145,176,1656.592882
30.453386,176,1659.815812
30.288969,176,1663.051364
32.01961,176,1666.14494
31.008221,176,1669.22694
29.947529,176,1672.312624
31.253262,176,1679.58931
31.653278,176,1682.775375
32.458832,176,1685.957375
28.138744,176,1689.125131
12.885265,150,1691.842788
30.108189,176,1695.023699
29.382919,176,1698.21249
27.765713,176,1701.420987
27.790912,176,1704.5748
29.272489,176,1707.75365
31.891177,176,1710.898043
30.662145,176,1713.998714
28.372818,176,1721.306846
29.252744,176,1724.472456
2.790146,39,1725.187809
31.939519,176,1728.368445
30.72669,176,1731.549069
32.812652,176,1734.720793
31.477154,176,1737.881961
27.30021,176,1741.058976
32.273956,176,1744.237635
34.839189,176,1747.409793
33.195388,176,1750.5841
26.203402,176,1753.7513
29.432821,176,1760.961788
26.89106,176,1764.034089
27.35578,176,1767.161433
29.122057,176,1770.335661
28.164934,176,1773.4963
30.893703,176,1776.665824
32.073018,176,1779.830334
27.936045,176,1783.018176
28.255632,176,1786.175158
29.967836,176,1789.318084
30.271497,176,1792.454195
28.90739,176,1795.607987
28.751658,176,1802.891446
31.966158,176,1806.000174
27.122114,176,1809.079407
27.551886,176,1812.161397
1.277965,31,1812.717654
30.211062,176,1815.894888
27.822532,176,1819.060636
33.141898,176,1822.224504
29.487444,176,1825.387581
31.420757,176,1828.559195
27.435213,176,1831.721195
31.505378,176,1834.891005
24.89877,176,1842.227028
28.849328,176,1845.39277
31.891473,176,1848.600217
33.495613,176,1851.720258
30.800083,176,1854.823034
26.806289,176,1857.90214
33.09744,176,1861.047908
30.997452,176,1864.244141
31.685302,176,1867.429784
28.637551,176,1870.616241
31.059586,176,1873.817975
31.17868,176,1877.051294
31.72174,176,1884.396437
30.615738,176,1887.557559
30.801156,176,1890.740975
28.810323,176,1893.919204
30.196487,176,1897.073653
28.781848,176,1900.160291
30.473888,176,1903.279393
32.490624,176,1906.435294
29.286284,176,1909.614117
32.632739,176,1912.844745
32.003178,176,1916.050967
27.665517,176,1923.436831
29.578209,176,1926.635392
30.728268,176,1929.826905
31.942761,176,1933.022087
33.161513,176,1936.221434
27.801061,176,1939.411722
30.606859,176,1942.609725
31.044179,176,1945.726639
29.997531,176,1948.824387
30.389817,176,1951.900996
28.035586,176,1955.069702
27.927348,176,1958.249538
32.056566,176,1965.551079
35.238821,176,1968.756204
31.831941,176,1971.933738
27.644552,176,1975.098948
32.889463,176,1978.255903
27.625606,176,1981.405522
29.405603,176,1984.563065
31.390331,176,1987.724856
30.222526,176,1990.861674
29.709592,176,1994.008963
29.590962,176,1997.115128
29.840687,176,2000.26599
29.994819,176,2007.583792
27.506011,176,2010.759307
32.109782,176,2013.918295
30.401273,176,2017.092257
29.608038,176,2020.281681
30.576509,176,2023.438408
28.938739,176,2026.598334
31.219944,176,2029.758574
30.149917,176,2032.931591
29.923436,176,2036.109934
30.86208,176,2039.215558
32.938497,176,2046.424143
33.142966,176,2049.59597
31.007757,176,2052.767202
24.954668,176,2055.913316
29.567455,176,2059.110657
30.375019,176,2062.290022
31.59513,176,2065.482274
31.348253,176,2068.650659
30.244211,176,2071.84303
30.8253,176,2075.02087
28.850654,176,2078.191427
31.355814,176,2081.373787
26.537366,176,2088.684992
32.843723,176,2091.771796
24.285473,176,2094.887312
30.651138,176,2098.072445
35.388468,176,2101.284417
29.597417,176,2104.467547
32.389053,176,2107.663008
34.692732,176,2110.940523
30.672562,176,2114.187022
32.558215,176,2117.370389
34.444422,176,2120.583723
33.517983,176,2123.797809
31.376417,176,2131.230502
31.899354,176,2134.337335
31.748004,176,2137.43593
32.681184,176,2140.53713
27.969489,176,2143.710962
29.286815,176,2146.884821
28.752228,176,2150.062503
32.225958,176,2153.240231
29.30981,176,2156.446335
31.850445,176,2159.623564
29.57948,176,2162.780548
30.784459,176,2170.036606
32.019062,176,2173.201773
31.921465,176,2176.367207
29.031279,176,2179.477715
27.18136,176,2182.57159
35.004829,176,2185.674773
31.653024,176,2188.839928
31.71975,176,2192.12727
30.111836,176,2195.360922
34.061112,176,2198.554592
30.448599,176,2201.728591
30.538143,176,2204.901156
32.562515,176,2212.20146
29.704096,176,2215.434798
31.440865,176,2218.656914
31.497193,176,2221.858785
29.356288,176,2225.092765
2.620521,61,2226.182091
31.875672,176,2229.325219
31.75528,176,2232.45224
31.211098,176,2235.65014
35.137078,176,2238.883818
30.911109,176,2242.08456
32.43728,176,2245.249912
26.160277,176,2252.501187
31.486058,176,2255.671656
33.685437,176,2258.840343
30.030305,176,2262.019487
29.195942,176,2265.184802
29.237465,176,2268.391778
30.57074,176,2271.607002
29.66025,176,2274.741472
28.980902,176,2277.864661
27.5316,176,2280.993734
32.877857,176,2284.279286
30.300369,176,2287.452769
32.33072,176,2294.838198
34.359775,176,2298.042945
32.420831,176,2301.231469
30.684627,176,2304.45608
32.337228,176,2307.682798
28.675623,176,2310.880475
31.130355,176,2314.118254
29.695449,176,2317.276848
30.094188,176,2320.433544
32.30324,176,2323.537208
32.463002,176,2326.639721
28.339333,176,2333.870847
32.819777,176,2337.052442
35.589626,176,2340.211089
30.279652,176,2343.386281
33.852315,176,2346.610913
29.322806,176,2349.82184
32.174379,176,2353.031571
33.23656,176,2356.202326
31.926007,176,2359.363346
32.890109,176,2362.526492
37.478795,176,2365.692096
31.217281,176,2368.791738
36.185617,176,2375.98159
29.059685,176,2379.169861
29.93884,176,2382.373018
28.871069,176,2385.576849
30.627506,176,2388.742944
31.050383,176,2391.954305
26.766084,176,2395.164354
32.620488,176,2398.36738
31.92672,176,2401.608953
30.755009,176,2404.788318
29.329559,176,2407.969704
29.871533,176,2411.127401
29.315238,176,2418.417385
29.137145,176,2421.526908
33.204413,176,2424.652246
30.395796,176,2427.881916
29.843144,176,2431.215665
32.143719,176,2434.476906
30.305374,176,2437.654625
33.852923,176,2440.807795
30.992288,176,2443.951892
30.079125,176,2447.121736
31.740741,176,2450.288646
33.490595,176,2457.56605
31.567605,176,2460.772897
32.954447,176,2463.892473
32.416142,176,2466.959954
30.453924,176,2470.038786
28.367395,176,2473.242382
31.401402,176,2476.767799
32.86076,176,2479.933585
30.9286,176,2483.109759
34.994953,176,2486.268569
36.056288,176,2489.431775
30.991886,176,2492.602188
30.682412,176,2499.897194
33.100247,176,2503.052144
31.672384,176,2506.261967
32.100529,176,2509.426442
28.641253,176,2512.54298
29.776311,176,2515.621685
29.336726,176,2518.746655
30.330503,176,2521.964399
29.371647,176,2525.399086
29.241083,176,2528.632518
30.454911,176,2531.813815
27.1574,176,2535.000974
30.068721,176,2542.362242
30.819344,176,2545.586557
32.51231,176,2548.832431
32.83297,176,2552.042098
29.967217,176,2555.329406
33.727039,176,2558.457816
30.374767,176,2561.554443
32.261477,176,2564.620522
30.556798,176,2567.746482
31.450468,176,2570.88599
28.503835,176,2574.04585
28.846038,176,2581.294901
31.775913,176,2584.515424
30.39547,176,2587.690877
33.424533,176,2590.92797
30.175425,176,2594.125352
33.790139,176,2597.299424
30.898255,176,2600.449914
28.549247,176,2603.582932
27.036278,176,2606.641286
31.109656,176,2609.720174
30.248445,176,2612.781767
31.6872,176,2615.91232
