#{"t_start": 1773510776.9453862, "env_id": "continuous-highway-v0"}
r,l,t
1.95204,15,5.472231
-0.430453,12,5.750874
2.465491,15,6.109254
2.756982,17,6.479811
2.068835,15,6.801966
1.874078,17,7.182817
0.500587,13,7.46374
1.59512,15,7.82205
-0.349011,12,8.099599
1.26544,15,8.426768
0.010366,13,8.730165
0.524372,13,9.02804
1.758609,16,9.364569
1.999554,15,9.683396
3.492659,19,10.098096
0.691825,13,10.411935
0.252386,13,10.693449
-0.159414,14,11.012853
1.62422,17,11.366837
0.936156,14,11.666053
1.916,14,11.980659
1.374119,14,12.29394
0.78996,14,12.591745
2.837925,18,13.002361
0.630017,13,13.301905
1.461814,14,13.598725
1.177326,14,13.914022
0.964447,15,14.265513
2.537057,16,14.618438
1.182591,14,14.936558
2.631849,18,15.338007
2.043437,15,15.679605
2.126163,17,16.049197
1.595854,15,16.386903
1.155855,14,16.697007
0.336326,15,17.024241
0.071805,13,17.315503
2.699923,17,17.704323
1.859234,15,18.043668
0.880361,14,18.348801
1.904348,15,18.698894
3.417738,17,19.080747
3.221791,18,19.44584
0.664224,13,19.743862
0.924293,16,20.106723
2.413966,16,20.458517
2.43027,15,20.789328
1.26543,14,21.094548
0.910164,14,21.426412
1.068476,16,21.765427
1.079847,16,22.136273
2.152053,16,22.520558
1.086109,14,22.838264
0.261616,13,23.165553
2.189016,17,23.528678
1.760542,17,23.915512
0.776701,15,24.250016
-0.651683,11,24.507183
2.567883,16,24.842227
1.252972,14,25.150988
1.533195,15,25.479495
0.571597,13,25.766344
0.445782,13,26.077869
1.386042,14,26.397408
2.35297,17,26.765887
0.364498,13,27.074905
1.580108,15,27.398853
1.936014,15,27.729359
2.464952,17,28.099618
1.016541,14,28.420908
2.454583,16,28.780762
1.332522,15,29.096994
1.979842,16,29.44334
3.14498,17,29.819944
1.322613,15,30.140794
0.962182,15,30.498091
0.031711,12,30.754942
1.371185,15,31.077394
3.512739,18,31.45858
0.632921,14,31.778727
1.760474,17,32.16507
2.10057,15,32.49675
0.502149,13,32.785719
2.247619,17,33.149033
1.811795,17,33.505219
-0.015306,12,33.746224
1.188329,15,34.049144
0.963848,14,34.346992
1.57375,15,34.663323
0.917462,14,34.98485
1.373162,17,35.359842
2.892409,17,35.741146
1.973802,16,36.084961
1.19088,15,36.379706
2.172171,16,36.742539
2.222461,16,37.104963
1.040804,15,37.42215
2.26097,16,37.786387
1.161588,14,38.095144
3.226247,16,38.433776
1.898465,15,38.747058
2.277364,16,39.088945
1.02094,15,39.419125
0.844755,14,39.708314
0.895427,14,40.007364
1.471671,16,40.330568
0.223469,14,40.625403
2.577496,16,40.95541
1.562426,16,41.287789
1.208398,14,41.578371
1.273146,15,41.890915
1.780474,16,42.222565
1.396312,14,42.517056
1.715341,17,42.856893
0.477407,14,43.144486
1.998795,16,43.46687
0.090407,14,43.748844
0.175457,14,44.036311
-0.037407,12,44.281695
0.776185,15,44.601378
2.363074,16,44.933035
1.234344,16,45.264763
2.579042,17,45.604119
1.538332,16,45.926138
1.347961,16,46.248518
3.693576,18,46.620299
3.359752,19,47.009738
1.855502,15,47.314852
3.099684,17,47.654386
1.57867,14,47.948825
1.761281,17,48.289011
1.38786,15,48.576031
1.268562,17,48.918057
0.278488,13,49.183197
1.624096,16,49.508494
0.805349,16,54.08602
0.903828,13,54.361922
-0.072553,13,54.629469
1.030459,14,54.916174
1.71392,16,55.243905
0.957241,15,55.555
1.800115,16,55.882699
1.95573,16,56.21736
1.959079,16,56.544306
3.743704,19,56.930555
1.734919,14,57.216094
1.27188,14,57.49387
4.118217,22,57.931706
1.602574,14,58.218402
2.008296,17,58.562976
1.701661,15,58.87764
1.494273,15,59.189003
0.726121,15,59.500354
3.072302,18,59.864552
1.732983,15,60.175897
1.775454,15,60.478601
1.073615,15,60.782098
3.215575,17,61.128138
1.312845,14,61.407532
2.040889,16,61.730689
1.128213,14,62.018565
2.697038,17,62.365758
5.027202,22,62.827152
0.486749,13,63.103578
2.332061,18,63.474288
0.624281,15,63.793882
2.041108,15,64.099899
1.712548,15,64.405879
2.227999,16,64.724494
2.159373,16,65.038117
0.255852,14,65.326759
0.779659,16,65.64379
2.066303,17,65.999588
0.767648,13,66.268786
0.233926,12,66.521489
0.89525,14,66.797766
2.938989,20,67.217941
0.320824,13,67.496128
0.857313,14,67.785068
1.865383,17,68.132144
1.85205,16,68.460914
2.589685,16,68.783858
2.505577,18,69.158165
2.070566,15,69.457415
1.575187,14,69.746314
0.872395,15,70.053652
1.868178,16,70.384944
2.303479,17,70.740001
-0.112772,13,71.010395
1.460216,15,71.322852
0.673026,14,71.605186
1.467898,16,71.920217
0.360384,13,72.197374
1.658209,14,72.47614
2.524704,17,72.821823
-0.267571,12,73.074984
0.964746,14,73.377095
1.628689,14,73.662367
1.57631,14,73.955592
2.113457,18,74.319123
2.705448,17,74.657857
2.544635,17,75.019932
1.64669,14,75.306038
1.549745,15,75.617435
1.118054,13,75.901561
1.449921,15,76.212737
0.576314,13,76.491142
1.07712,15,76.794692
0.302032,14,77.081289
2.484675,17,77.435563
1.221693,14,77.730675
1.802028,17,78.078142
1.496247,15,78.388647
-0.571822,11,78.615821
1.670666,15,78.91992
-0.171352,13,79.183239
0.697829,13,79.444645
1.821987,15,79.748869
3.712281,19,80.123904
1.589667,15,80.436951
3.303942,18,80.78751
1.945999,15,81.099332
0.723013,14,81.386929
1.237068,14,81.675942
2.97899,17,82.016399
0.090692,13,82.278944
1.281717,14,82.574846
2.791352,16,82.897038
2.608676,18,83.262628
1.736481,17,83.625125
1.224115,15,83.937904
1.233932,16,84.266611
3.348748,20,84.682064
0.211275,13,84.945691
1.470672,15,85.244666
1.388015,14,85.539099
0.686192,14,85.810913
1.486934,16,86.126914
-0.187155,12,86.365001
-0.518434,12,86.611075
1.640171,15,86.93185
0.737988,14,87.236024
0.772081,14,87.524144
1.204515,13,87.802881
0.242427,12,88.056291
1.24594,16,88.379203
0.981016,15,88.684149
1.823338,15,88.990472
2.376836,18,89.355721
0.258682,13,89.625329
0.903304,15,89.922917
0.676193,15,90.234525
2.486147,16,90.555111
1.564581,15,90.859103
0.887461,15,91.163016
0.804936,14,91.44118
1.790486,16,91.773506
1.876874,15,92.076314
0.838102,16,92.390393
-0.132424,13,92.644132
2.448355,17,93.003097
2.353024,18,93.373156
1.204393,15,93.662086
0.091071,13,93.930433
1.00414,14,94.217355
1.219907,14,94.51286
1.432973,15,94.809288
1.097596,14,95.093207
1.021148,15,95.407309
2.380148,18,95.758635
0.114583,13,100.264467
1.006924,14,100.550639
1.380414,15,100.861725
0.622546,14,101.14222
2.009969,16,101.472428
2.364014,16,101.793833
0.357868,15,102.09839
0.568502,15,102.399887
0.199974,13,102.655007
1.492477,17,103.002434
1.002927,16,103.323346
2.338694,21,103.769017
1.582698,16,104.091577
2.037624,19,104.481332
0.668754,17,104.82988
2.089506,16,105.153498
-0.363886,13,105.408499
1.813611,17,105.762919
1.777879,18,106.129328
0.628634,14,106.425849
1.524812,15,106.73618
1.242129,15,107.055402
1.887197,17,107.401025
3.63951,19,107.782549
0.410231,15,108.080184
0.207334,15,108.378511
1.233883,15,108.682716
2.139012,18,109.06266
0.547424,15,109.36818
3.002825,18,109.733202
1.621724,15,110.038704
2.074578,17,110.394765
0.753191,15,110.699007
0.603754,14,110.978996
1.852611,16,111.29373
2.520112,18,111.65859
1.913403,16,111.993933
0.768523,14,112.289685
2.757986,20,112.690909
1.050626,15,113.003943
1.910704,16,113.325949
2.661893,18,113.695965
2.360149,19,114.101103
2.476866,18,114.471276
2.765043,18,114.840452
0.825555,14,115.133371
1.782356,18,115.488964
1.37769,16,115.810305
3.014232,18,116.180867
2.357587,17,116.53368
1.934438,16,116.862359
1.291832,14,117.142028
2.854937,18,117.505611
1.806106,16,117.819338
1.320414,15,118.122582
-0.513637,13,118.383961
0.689025,13,118.668625
2.20228,17,119.022373
1.799123,19,119.404249
2.13536,16,119.732077
1.432221,15,120.043593
2.292882,18,120.416198
0.780805,14,120.703126
0.407708,13,120.95195
1.698415,16,121.27403
2.365617,17,121.621267
2.435561,17,121.96186
0.659562,14,122.264043
2.555046,18,122.627409
1.590259,16,122.942104
0.967835,14,123.230521
0.833538,14,123.532644
2.782505,16,123.854389
2.2582,16,124.18405
2.350487,17,124.530401
0.546701,15,124.842912
0.277658,13,125.105783
2.685151,16,125.450066
2.588711,20,125.843351
1.487521,14,126.132057
2.734503,18,126.491546
0.828845,15,126.811669
-0.081263,13,127.06803
1.02469,15,127.374147
-0.405339,12,127.619745
1.324491,15,127.925579
-0.363462,13,128.197348
1.119586,14,128.487106
4.141869,20,128.886255
1.387708,15,129.184167
1.08053,15,129.489918
2.405923,17,129.844553
2.604155,16,130.175821
1.978133,16,130.506999
2.12471,18,130.888166
0.435716,14,131.189953
2.226034,16,131.50013
2.287205,18,131.865019
1.286032,15,132.176373
0.032554,13,132.452976
3.519762,21,132.869076
1.183212,15,133.181055
2.76202,19,133.560041
0.822978,14,133.84505
2.228178,18,134.208332
2.074037,17,134.546085
0.417855,13,134.80859
1.131168,15,135.126563
3.28233,20,135.532846
2.291975,17,135.886278
1.879051,17,136.225546
1.819451,15,136.538137
0.809732,15,136.842254
0.747939,14,137.143864
0.975079,15,137.441052
0.588931,13,137.697176
1.090704,16,138.013558
-0.265586,13,138.284034
0.469102,13,138.553039
0.849413,14,138.833142
2.669579,18,139.189544
0.999481,15,139.480527
0.960328,15,139.78491
3.080203,20,140.192213
1.413637,17,140.540122
2.908594,18,140.904056
1.348693,16,141.222799
0.584614,14,141.498955
3.418998,18,141.857636
2.926287,20,146.615026
2.254295,18,146.988155
1.293355,15,147.285335
1.245216,15,147.597737
0.043084,14,147.900438
1.330402,15,148.205605
2.996604,22,148.64208
0.0471,14,148.923932
2.708039,19,149.306581
1.232523,15,149.60531
1.684502,15,149.910777
1.320579,16,150.234579
-0.466428,13,150.490899
3.990122,21,150.932637
0.898606,17,151.280007
2.934615,17,151.625607
0.841716,14,151.907198
0.625176,14,152.187382
1.980371,16,152.53106
1.32318,15,152.850858
1.734147,16,153.18562
0.325999,15,153.48844
2.338512,16,153.824123
2.303871,19,154.234596
-0.105738,14,154.517015
3.131427,20,154.929548
3.271725,20,155.328639
3.7609,21,155.782276
3.370038,18,156.143721
-0.18628,13,156.416968
3.118771,22,156.874532
1.522721,17,157.216389
2.583719,21,157.645018
-0.087579,13,157.928178
0.58599,15,158.26936
1.458392,17,158.660226
0.161993,14,158.970668
2.208431,16,159.33429
3.08205,19,159.726407
1.217005,16,160.075832
2.946777,19,160.504057
0.826091,16,160.849554
3.618538,21,161.287529
2.462965,18,161.67975
2.042383,19,162.072502
1.705528,18,162.449292
1.684907,17,162.797689
1.184123,15,163.097499
1.864082,17,163.460131
0.642992,13,163.714787
2.247505,16,164.038269
2.780258,19,164.435891
2.080598,17,164.784898
2.733021,19,165.168766
2.572097,19,165.558145
0.23667,15,165.864791
1.083142,14,166.153879
1.595582,17,166.494824
0.359945,14,166.7751
2.545425,17,167.116864
2.285204,17,167.465685
1.083417,15,167.77254
2.481512,18,168.123357
3.14223,18,168.488078
1.811466,16,168.811566
2.284814,16,169.150718
0.877538,16,169.475411
0.989767,15,169.780133
-0.054157,13,170.058044
0.161648,13,170.336374
0.726957,13,170.599349
-0.786062,11,170.821688
1.264329,15,171.120808
3.386318,17,171.453899
1.239582,15,171.758941
2.911588,19,172.143925
2.27225,17,172.484766
2.680782,20,172.885754
1.276846,17,173.235536
0.708264,14,173.525489
2.392435,17,173.868069
2.3505,17,174.217382
-0.340121,14,174.508164
6.946094,37,175.257573
1.352942,17,175.611948
0.953676,15,175.931211
1.769768,16,176.261076
0.857081,16,176.575138
1.084461,14,176.86102
2.196326,17,177.214105
1.601522,15,177.518924
3.409226,19,177.905938
1.540888,17,178.258655
1.202084,15,178.578387
0.071834,14,178.911565
1.767471,15,179.21583
1.864172,18,179.593985
2.512822,18,179.956194
1.143121,14,180.228877
1.572272,16,180.550874
2.296299,18,180.914629
2.02069,17,181.269085
0.239066,14,181.564162
1.688673,18,181.92784
1.154608,14,182.215102
1.251338,15,182.519704
1.865602,17,182.859644
2.006208,17,183.206658
1.301136,17,183.55281
2.19986,16,183.860282
1.748716,17,184.200917
3.869604,24,184.700086
2.570209,19,185.075179
2.080989,16,185.398492
1.767331,15,185.697776
1.766633,17,186.053298
1.040631,14,186.342017
3.722183,24,186.83701
3.361108,18,187.197976
0.319306,13,187.465658
4.279948,23,187.900288
0.090248,14,188.186182
0.811536,15,192.838317
1.091971,15,193.147644
3.267193,19,193.555869
1.351694,15,193.863327
1.422446,15,194.169375
0.481291,15,194.475725
3.325936,20,194.892074
3.176523,21,195.320433
3.746063,21,195.756975
2.15784,18,196.131193
2.052112,19,196.515865
2.862667,21,196.92627
1.558582,16,197.265853
2.647701,20,197.66037
1.787903,19,198.035043
2.325459,19,198.42645
0.636721,15,198.72635
0.797202,17,199.075222
2.756325,19,199.456813
1.689927,18,199.814356
0.281672,15,200.105882
3.147815,20,200.513506
3.65448,20,200.923077
2.863464,19,201.305525
3.996437,25,201.823284
1.558074,17,202.176923
1.545284,16,202.51709
1.980419,19,202.906168
2.505589,20,203.312826
1.950009,16,203.63996
1.926922,17,203.999378
1.823385,17,204.345653
1.429158,15,204.640413
0.218552,15,204.950894
1.594704,16,205.288934
0.534586,15,205.58478
0.590599,14,205.87189
-0.042859,14,206.175156
1.027379,16,206.515206
4.274758,24,207.011056
0.30971,14,207.313583
2.075053,18,207.6896
4.473361,22,208.1574
1.358899,18,208.549071
0.654259,16,208.869159
0.33786,14,209.16608
1.502659,18,209.561981
1.976833,16,209.882905
0.525425,15,210.189172
1.15736,16,210.522381
0.547416,13,210.780422
2.986166,19,211.168545
2.46462,18,211.538173
2.681243,20,211.949863
2.109393,17,212.308088
1.015906,15,212.620329
0.311168,14,212.921821
1.084796,15,213.229831
0.875129,15,213.536165
2.123655,19,213.930381
1.336815,16,214.262069
1.678466,16,214.594714
1.637763,18,214.962804
0.354582,14,215.244413
1.865612,18,215.623519
2.009928,18,215.996694
2.380557,18,216.363459
1.024001,16,216.688242
0.167822,14,216.971063
3.73186,22,217.414843
2.462049,17,217.766195
1.647902,18,218.117912
1.309617,17,218.452438
0.631579,15,218.75171
0.001498,15,219.057578
2.741389,21,219.484217
0.502914,14,219.765537
0.727893,14,220.054194
1.299563,15,220.377206
4.570613,25,220.873713
2.698353,20,221.273529
1.589958,17,221.612054
2.442418,19,221.984882
3.388288,21,222.401263
1.975662,19,222.774851
2.621931,18,223.147672
2.546212,16,223.475556
4.123712,22,223.916168
2.840648,20,224.3141
1.386695,15,224.618871
2.938831,20,225.018414
1.800514,20,225.416441
1.160124,14,225.712275
1.176002,15,226.010994
1.823855,18,226.382959
2.749314,21,226.809562
1.215382,16,227.130512
2.148391,19,227.505184
2.640997,17,227.839157
1.056617,15,228.137243
4.194329,22,228.580091
2.227896,18,228.93726
1.254668,16,229.252237
2.557369,19,229.612133
1.099617,16,229.934848
1.999204,16,230.272541
1.136887,17,230.61287
2.449734,20,231.02124
0.446794,15,231.327206
1.212814,15,231.62198
3.56633,21,232.040186
3.359519,20,232.455753
1.305032,16,232.766506
1.632575,17,233.102357
2.340531,20,233.495872
1.888654,19,233.858332
2.005329,18,234.223568
4.587791,23,238.933666
2.948191,19,239.317526
2.642152,20,239.717813
2.078591,20,240.11766
1.27644,15,240.453715
1.363724,16,240.786962
1.887024,18,241.146524
4.111853,23,241.613155
2.571055,17,241.956348
0.902504,16,242.303385
0.745843,16,242.642385
4.262544,26,243.178623
0.800156,15,243.485697
1.025119,15,243.779183
1.564356,16,244.087559
1.610088,16,244.418356
-24.360433,151,247.475799
0.751595,16,247.859129
3.561936,20,248.263791
3.036632,23,248.724005
1.610417,19,249.107671
3.006621,22,249.559934
0.702282,16,249.896141
3.281603,23,250.367393
1.370327,16,250.692928
1.765342,20,251.094978
1.759957,18,251.445307
1.675059,17,251.794461
2.802509,20,252.198429
1.971268,19,252.567678
0.699161,16,252.883025
2.194803,17,253.214729
4.796661,26,253.72643
1.529504,18,254.079976
1.463377,18,254.44373
2.513881,20,254.844203
3.446089,22,255.279198
0.845411,16,255.608476
3.498679,22,256.036449
2.775374,22,256.478116
3.200417,20,256.870258
2.767439,21,257.28316
1.057982,17,257.619314
2.7031,19,258.008479
3.490146,22,258.437228
3.195894,21,258.864256
1.30486,17,259.204605
1.014643,17,259.553831
2.971328,18,259.91306
1.030807,15,260.21149
1.509236,16,260.527098
0.595612,15,260.825742
2.421197,21,261.236403
3.665926,22,261.677315
2.654009,20,262.076239
1.8359,17,262.424076
2.648478,17,262.758193
1.67719,17,263.101103
1.866072,18,263.453271
1.606024,15,263.751856
2.520213,20,264.145066
0.773676,15,264.450806
3.878765,24,264.936342
1.72186,17,265.271313
0.769723,16,265.586661
2.611527,19,265.969264
2.756545,22,266.396741
0.553313,15,266.703973
1.147886,17,267.037041
3.197059,23,267.493014
1.572506,17,267.834559
3.097011,21,268.256535
1.512261,17,268.599268
1.442029,16,268.930462
0.30301,15,269.228405
3.437715,23,269.682971
1.852274,19,270.083174
0.441786,14,270.350085
1.317873,15,270.655444
0.675961,17,270.993371
2.177699,17,271.324605
0.392831,14,271.591825
3.461499,21,271.99315
2.542513,23,272.435629
0.828289,15,272.717633
1.957729,17,273.041266
1.871678,20,273.43934
1.19529,18,273.795951
2.753875,22,274.21937
1.604623,19,274.592557
4.292661,25,275.073718
0.933484,16,275.390037
1.743548,17,275.722605
-0.064373,15,276.023345
2.036399,20,276.438051
2.448114,20,276.831067
2.243549,18,277.178219
2.190156,17,277.520801
2.112001,18,277.858143
3.83517,26,278.371428
3.474313,21,278.790089
3.308555,23,279.278031
3.796183,22,279.703852
0.578161,16,284.34186
2.896691,21,284.767714
3.159236,24,285.252529
3.666218,23,285.706019
2.08693,18,286.063706
1.01766,15,286.360972
2.049223,16,286.677879
1.061737,18,287.014562
4.354955,27,287.553586
0.934797,18,287.897703
1.774569,21,288.31545
4.474086,27,288.83675
0.348749,17,289.170604
3.39911,21,289.575028
2.692351,20,289.954865
1.506352,16,290.262682
2.160159,19,290.613779
1.548706,17,290.929686
2.222599,19,291.281526
2.310742,23,291.715226
-30.41801,151,294.608358
3.055311,22,295.034492
1.933364,20,295.420518
1.619893,17,295.761477
3.20652,24,296.240905
3.061752,23,296.68754
2.327446,22,297.119812
2.269696,17,297.476768
1.827297,22,297.898597
0.578905,16,298.214532
1.992248,17,298.540961
2.05173,18,298.879351
-33.048831,151,301.771659
2.767932,22,302.202905
2.811374,20,302.595778
3.167985,20,302.978065
3.394048,22,303.410594
1.556237,22,303.852504
4.662887,31,304.431006
2.763344,22,304.83697
1.39786,16,305.143471
1.860956,19,305.503877
5.248877,27,306.018635
3.026219,22,306.437076
1.811776,19,306.81574
1.613543,19,307.219783
3.537364,24,307.704264
0.252964,15,308.008529
1.484193,17,308.355316
3.498956,22,308.783053
1.117158,18,309.147237
1.374503,18,309.491585
2.770498,20,309.881918
2.755928,20,310.27381
2.161059,17,310.591549
0.517513,16,310.909042
1.789788,18,311.267935
1.433114,17,311.608648
3.768818,27,312.143584
0.330217,14,312.41646
1.90113,20,312.825229
1.345616,17,313.158694
5.42044,32,313.759686
0.802351,15,314.04261
2.086099,18,314.385808
2.741529,20,314.762301
0.620597,16,315.069014
0.675684,15,315.353434
2.601975,20,315.744678
2.668542,24,316.208069
3.537455,23,316.647816
3.133969,20,317.042232
3.921428,25,317.539892
3.717696,22,318.016395
2.579925,19,318.379025
2.451866,21,318.791088
2.512843,20,319.178458
3.663274,22,319.608837
0.859599,15,319.904193
1.020319,15,320.183798
1.352895,17,320.512471
1.328744,18,320.862608
1.953629,20,321.262993
3.972389,25,321.750814
1.342576,18,322.093985
4.164407,25,322.58016
1.561084,17,322.912199
1.69924,17,323.237936
0.216186,14,323.518802
0.402521,16,323.826285
1.499023,16,328.492119
-40.966872,151,331.458747
-34.262284,151,334.497107
1.674145,18,334.856973
1.795426,22,335.305554
1.069701,17,335.631629
2.492921,23,336.097499
1.913677,19,336.449793
2.484724,23,336.887798
3.727093,24,337.351993
1.469987,19,337.710639
0.969029,18,338.070188
2.977779,21,338.47335
1.550815,17,338.791288
2.721276,22,339.210785
3.251651,23,339.65337
1.374869,18,340.002392
2.367434,18,340.344616
2.951983,23,340.776383
1.998864,18,341.118408
6.755017,37,341.831929
4.973454,27,342.351151
-0.25768,14,342.631275
2.452216,21,343.024488
2.589805,20,343.407425
4.645879,25,343.901275
5.55831,29,344.48109
-0.189778,14,344.741008
1.757979,18,345.096662
4.401229,25,345.579254
2.648426,22,346.001421
2.928455,23,346.446863
-28.790671,151,349.28821
3.026977,21,349.696007
1.213718,18,350.04204
0.467121,17,350.369176
3.630689,24,350.831372
3.774951,25,351.310949
3.941315,23,351.750062
3.319025,23,352.17641
2.22506,19,352.537405
1.207397,16,352.843832
1.592041,19,353.211587
0.849127,18,353.556779
-34.316717,151,356.451379
2.028543,21,356.848459
3.754529,27,357.370319
3.845681,23,357.794934
1.384093,18,358.127021
2.331092,19,358.483768
-39.255131,151,361.356752
2.442936,20,361.743723
0.871216,18,362.080463
2.167889,18,362.433172
-32.253904,151,365.285442
2.84246,20,365.647687
3.432861,22,366.067806
2.630918,19,366.429282
4.119081,23,366.860115
3.810246,25,367.342139
-38.159524,151,374.404024
1.82646,22,374.801421
2.113596,19,375.156853
-34.434464,151,377.895928
-35.850251,151,380.67103
-31.295728,151,383.433047
4.424974,30,383.984695
4.726621,30,384.540771
2.914508,25,384.993819
1.527377,19,385.352795
0.856699,18,385.693226
-34.380336,151,388.39677
-36.010612,151,391.140831
1.984433,20,391.509469
4.996166,29,392.04619
4.180565,28,392.56949
-34.633708,151,395.399384
0.822884,16,395.693341
3.282546,26,396.184277
3.654851,26,396.684639
0.227873,15,396.965603
2.134191,20,397.343015
-32.594015,151,400.205741
4.571234,24,400.671389
3.743833,25,401.141343
1.325706,19,401.486032
3.607395,25,401.977975
-39.582353,151,404.802868
-26.046104,151,407.655324
-27.482343,151,414.733375
3.114288,22,415.154029
-36.345622,151,417.95715
3.436468,27,418.457565
1.491904,19,418.818022
2.998081,27,419.323495
-32.697752,151,422.116725
2.452458,21,422.505507
-37.398245,151,425.225311
2.023418,22,425.629273
-36.964395,151,428.38949
-0.157851,14,428.647329
1.466226,19,428.989691
-27.582084,151,431.800433
-38.542798,151,434.597903
-31.606137,151,437.359235
-36.420533,151,440.188469
-37.393277,151,443.028317
4.474841,26,443.519678
2.429006,21,443.920811
2.614382,24,444.373533
-30.803062,151,447.162837
1.681419,19,447.535932
-35.592185,151,450.306623
-36.633864,151,457.315279
3.588919,27,457.797897
2.387454,23,458.212757
2.45489,23,458.645243
-34.81021,151,461.322693
-31.398583,151,464.081317
2.382194,23,464.499755
-31.759793,151,467.219362
-31.789645,151,469.938579
-35.243454,151,472.622876
-31.884748,151,475.399961
2.528403,23,475.824096
-30.348092,151,478.544658
-33.320464,151,481.288037
4.107546,24,481.729645
3.700576,28,482.239635
-34.51671,151,485.021248
4.464349,30,485.555088
-32.216453,151,488.307321
-34.773664,151,491.0577
-35.042844,151,498.196272
-34.628284,151,500.956027
-32.570609,151,503.715632
-33.455089,151,506.493982
2.155927,23,506.915736
2.689886,20,507.279684
-29.254322,151,510.065444
1.449514,22,510.471824
3.392354,26,510.97666
-25.490179,151,513.690291
4.625834,27,514.188007
1.061391,20,514.550153
-29.267509,151,517.2846
-26.594756,151,520.026059
2.093436,24,520.463484
-33.113012,151,523.252195
3.667387,28,523.754637
3.228948,26,524.224798
3.799042,24,524.672603
1.020115,18,525.008959
-36.268796,151,527.686886
-28.462348,151,530.468071
3.552041,24,530.912815
1.290557,20,531.289472
2.936468,22,531.700385
2.286982,23,532.124203
-31.629573,151,534.891472
2.200124,19,539.555894
2.805502,23,539.988511
4.123239,27,540.505486
3.513047,23,540.934839
-29.011289,151,543.736059
4.793069,32,544.344744
-29.310415,151,547.137516
-34.813822,151,549.903166
1.098302,17,550.221302
-20.095019,151,553.005383
4.543249,28,553.529288
1.209171,20,553.897773
2.309327,22,554.310256
1.884886,19,554.663473
3.923121,29,555.189731
-30.668805,151,557.967615
1.134028,19,558.329494
1.81823,19,558.691518
1.252023,16,558.998886
-17.649817,151,561.814559
2.258192,20,562.198628
2.059053,18,562.540585
1.228839,17,562.858045
2.166691,19,563.213348
3.681852,28,563.739549
1.181114,18,564.066905
3.486269,25,564.529444
-27.851172,151,567.348973
1.521371,17,567.682062
3.04882,21,568.068485
2.423212,21,568.4636
-25.497062,151,571.311849
2.121999,21,571.703137
2.588884,21,572.091847
1.609661,21,572.471943
1.053796,19,572.811611
0.782059,19,573.164563
2.590994,24,573.610595
3.81983,30,574.151354
2.359585,19,574.510288
2.48116,22,574.914399
1.846173,20,575.308163
1.55022,19,575.671212
-25.531654,151,582.856877
0.78733,18,583.198581
3.277083,27,583.714622
0.806681,17,584.027234
3.1132,23,584.460492
2.198358,23,584.904573
1.656242,18,585.257066
5.269892,27,585.781951
2.102499,18,586.158732
-14.067837,151,589.068852
3.188222,22,589.497653
5.451727,35,590.223204
0.775034,17,590.592917
3.381232,20,590.973122
0.57563,18,591.360195
1.70516,20,591.755218
3.297203,23,592.22794
1.561517,20,592.618756
0.767469,16,592.928736
4.655108,28,593.462876
0.674111,17,593.789897
2.81734,21,594.193078
2.235568,19,594.558083
2.430985,20,594.945154
3.694681,26,595.471128
5.444559,28,596.002639
-14.712402,151,598.859768
3.532131,25,599.331243
-10.462097,151,602.251369
2.658758,23,602.705687
2.788828,23,603.161037
1.124317,18,603.512216
1.174265,18,603.863578
1.387074,19,604.233199
0.834445,16,604.556703
2.087693,20,604.933935
3.818641,25,605.412396
1.195316,18,605.753072
2.596431,20,606.136746
2.349132,20,606.52158
4.715715,31,607.106459
1.207074,19,607.472745
1.003012,17,607.813468
3.966607,29,608.370872
-17.358227,151,611.221908
2.785353,21,611.609337
0.635219,16,611.909448
2.728682,20,612.288807
1.143622,18,612.615033
3.498365,23,613.0592
2.512825,21,613.467627
0.661252,17,613.780103
0.256348,16,614.089824
4.725202,26,614.580595
-23.02086,151,617.429533
2.601819,19,617.796425
4.644237,31,618.361823
2.96924,19,618.712618
0.499421,17,619.028271
3.583895,26,619.518205
3.871955,26,620.008513
3.196565,23,620.430358
1.586802,18,620.776885
1.814148,21,621.169342
5.253157,31,626.030118
2.026904,22,626.446882
1.114363,16,626.761839
3.957091,25,627.247287
0.219337,16,627.576092
2.713608,20,627.975541
4.159048,30,628.548072
1.941478,20,628.941586
2.028368,19,629.307927
1.654406,19,629.676396
0.581981,17,630.000988
3.199407,22,630.427911
1.641403,18,630.779937
2.314303,19,631.142094
1.920831,18,631.492895
2.251241,22,631.946838
3.700612,23,632.39444
5.457758,30,632.976074
2.794252,22,633.395802
5.001519,29,633.969317
1.545007,19,634.339763
1.320704,17,634.682432
2.76862,22,635.103781
3.24205,23,635.565308
2.24258,20,635.951247
3.272911,25,636.446235
1.127312,16,636.755365
1.341508,18,637.106726
0.922884,17,637.455132
2.823981,23,637.885688
3.251056,21,638.287725
1.366,19,638.66539
1.150143,18,639.015797
1.428102,18,639.375344
2.461584,21,639.800804
2.616307,22,640.223145
3.160876,24,640.696218
3.895811,27,641.22101
2.726665,21,641.617904
0.059653,16,641.927322
2.16544,21,642.331884
2.388506,22,642.746594
0.024708,15,643.038866
2.037891,20,643.411236
1.250234,18,643.755526
2.067823,19,644.118792
3.211386,22,644.53395
1.485604,23,644.980151
1.54317,18,645.337314
2.727425,23,645.789246
2.845661,20,646.182496
3.494108,24,646.653419
3.576016,25,647.12875
2.77309,19,647.495588
2.083118,21,647.898143
1.220567,20,648.274078
3.974043,24,648.736672
3.307382,25,649.215989
2.857561,21,649.634215
1.905057,19,650.007826
2.252948,20,650.399671
2.888855,23,650.85836
1.995797,20,651.244447
2.472611,22,651.672366
5.092093,33,652.305391
4.123399,26,652.802598
2.052031,21,653.213374
1.269216,16,653.515679
3.167478,24,653.979756
3.053727,20,654.379848
1.963593,19,654.747043
3.338505,23,655.199437
5.170906,30,655.78239
4.822724,31,656.397915
2.494861,23,656.833166
2.514849,21,657.240409
5.913668,31,657.818768
1.563809,20,658.213497
1.407976,17,658.543741
2.387319,20,658.916987
3.141413,23,659.364314
2.469817,22,659.78672
2.132935,19,660.173031
1.869281,21,660.586886
3.208297,23,661.039065
2.286501,19,661.421914
0.193276,15,661.714093
1.680099,19,662.090883
1.49537,18,662.441351
2.973278,22,662.869559
2.166654,21,663.278675
0.873403,17,663.619683
2.957534,24,664.097332
2.610415,19,664.465535
0.071356,14,664.737791
1.933522,21,665.155548
3.689758,24,669.917468
0.437777,16,670.232867
4.149826,28,670.791853
0.927257,18,671.139116
1.690229,19,671.510654
1.474393,21,671.916708
4.057847,26,672.417481
0.744131,17,672.748795
2.65354,23,673.195806
1.457942,18,673.528699
1.887318,20,673.925697
2.257482,23,674.376283
3.120517,22,674.815283
5.774136,33,675.455808
4.365726,30,676.061649
2.478731,19,676.429981
2.892506,22,676.858724
1.535658,19,677.249273
1.505062,19,677.61299
2.330036,20,678.008704
5.493817,34,678.679487
4.701803,27,679.216535
2.255534,21,679.626223
3.578154,25,680.106
1.188222,18,680.456814
4.152191,25,680.951304
1.646899,18,681.308965
2.023017,21,681.725826
2.685852,22,682.167786
1.661119,18,682.527139
3.091575,22,682.946962
3.744215,28,683.478715
0.818084,16,683.780863
8.255272,47,684.687349
2.723056,20,685.058064
4.849119,26,685.569688
0.777471,17,685.89381
1.059548,17,686.220575
3.024728,24,686.694007
2.528196,22,687.123124
2.658085,20,687.52341
3.797686,29,688.096286
4.098728,26,688.599529
3.354095,27,689.137179
1.002755,17,689.464222
2.272787,20,689.842674
-0.897476,151,692.686989
2.101386,18,693.04479
4.004926,26,693.565731
3.467548,25,694.044617
1.109796,17,694.385533
-0.07016,16,694.701587
3.727342,25,695.196555
2.213728,23,695.649199
2.997005,26,696.183751
0.8018,16,696.500312
-0.824591,13,696.763876
0.956323,17,697.104567
2.215502,19,697.467082
3.181042,23,697.906007
2.90744,21,698.3088
1.209607,17,698.641514
3.207321,27,699.155899
1.890108,20,699.533525
2.067566,19,699.893486
3.106319,23,700.348735
2.559005,20,700.726412
2.377892,24,701.188965
2.413953,21,701.602867
1.917787,20,701.993927
3.84217,25,702.476081
1.797136,20,702.878255
4.624477,27,703.392411
0.746022,17,703.731533
4.928664,25,704.215117
7.493583,47,705.094155
1.901647,19,705.4664
2.123122,20,705.858355
3.878398,22,706.285244
2.388098,19,706.646055
1.768667,18,707.003394
-16.753711,151,714.209308
1.960846,20,714.606195
14.572465,92,716.453939
2.642997,21,716.871644
2.018132,20,717.276958
2.406604,20,717.665466
1.627997,19,718.040517
2.388324,22,718.47835
1.703843,20,718.885984
2.400387,22,719.332138
2.276664,21,719.78354
2.461852,21,720.203247
0.95729,15,720.528546
4.21243,27,721.053139
2.747594,22,721.487289
2.957564,25,721.995476
3.490901,25,722.49006
1.76098,19,722.867752
2.336036,22,723.289235
0.407243,15,723.583617
3.516988,24,724.045949
1.04643,16,724.353448
2.818543,24,724.816148
0.073646,15,725.101763
1.392037,19,725.462679
3.199395,23,725.914388
2.454697,20,726.301246
3.088275,24,726.762753
0.434772,16,727.080089
3.319251,23,727.526155
2.717028,22,727.946622
7.121838,35,728.654189
3.585476,28,729.201439
2.600182,24,729.679986
4.535653,29,730.252945
4.09358,27,730.785026
2.26725,22,731.198005
2.702595,21,731.609628
2.290186,19,731.972664
2.203206,23,732.452448
3.488267,23,732.905627
0.929845,17,733.231248
2.620444,23,733.676653
2.118476,21,734.079987
0.735895,16,734.403627
1.647626,19,734.772765
2.42152,20,735.159654
3.597116,21,735.585388
2.212796,23,736.023153
2.468361,21,736.44067
2.36169,21,736.851271
1.801363,18,737.217812
7.01862,39,737.993463
4.067826,26,738.514521
2.681454,20,738.933319
1.378738,17,739.252684
3.214778,25,739.74754
3.000834,20,740.125344
5.012285,27,740.658782
3.172646,24,741.158741
4.840474,27,741.675725
1.357383,19,742.051257
1.657856,18,742.417795
2.598284,22,742.839588
3.877108,24,743.309775
1.365229,18,743.661882
3.599046,27,744.192265
3.302835,23,744.63251
2.879694,23,745.079575
1.913972,19,745.450713
2.280159,20,745.832345
1.554217,18,746.187953
1.656754,19,746.561347
2.875524,20,746.94474
3.097063,25,747.436599
2.231398,18,747.791062
0.519229,16,748.10984
2.909833,23,748.567313
4.658257,27,749.098017
3.574364,22,749.542527
1.825238,20,749.936502
3.694726,25,750.418612
3.589686,26,750.933185
4.387985,24,751.418905
2.109002,24,751.88551
2.458222,21,752.296138
0.645532,17,752.636139
6.907459,37,753.361827
0.778764,17,753.68167
1.089787,18,754.032328
3.077604,22,758.751337
3.908307,24,759.227713
2.87539,25,759.734483
1.570018,20,760.126574
1.521131,18,760.479971
4.314299,25,760.951757
2.090881,21,761.36764
2.573161,22,761.804405
1.63601,17,762.149804
3.637608,23,762.617192
3.602225,24,763.082078
1.400009,19,763.452116
1.558514,19,763.828118
1.52394,18,764.187092
1.850208,19,764.56002
2.697381,22,764.994738
4.265431,28,765.549937
3.279462,23,766.001531
1.131079,19,766.376659
3.390647,26,766.873739
2.074566,22,767.311594
2.917059,20,767.719135
2.98728,23,768.179898
6.158842,34,768.846723
2.638633,21,769.288648
1.628931,20,769.698522
3.712307,24,770.176157
3.28734,25,770.664578
1.507213,19,771.040751
4.335204,28,771.586858
2.29337,19,771.947099
2.495467,20,772.326219
3.176372,23,772.770756
3.744213,27,773.293713
3.264597,23,773.745692
2.427484,20,774.13876
1.104821,17,774.479775
3.274217,24,774.950122
0.992279,17,775.276627
0.124776,14,775.550101
1.719106,20,775.950792
1.009574,20,776.342005
3.576185,22,776.775342
4.3374,32,777.402544
4.311666,24,777.863133
2.756499,24,778.326375
7.037176,41,779.123421
3.307677,28,779.676598
3.843055,25,780.171231
4.296041,23,780.617006
4.581733,26,781.121466
1.528504,21,781.525068
2.354235,22,781.947053
4.901419,29,782.521291
4.502924,26,783.038919
2.424319,22,783.458651
3.458783,22,783.908312
2.676308,24,784.379804
3.57523,23,784.824192
0.957234,18,785.1671
1.868267,21,785.563172
3.739362,23,786.01001
3.883238,24,786.47975
3.884361,25,786.967332
0.135658,16,787.279832
0.656845,17,787.615859
0.923495,17,787.944942
1.233476,18,788.313796
1.533289,20,788.707093
1.653446,19,789.071146
6.306857,35,789.762921
1.63195,19,790.157587
2.531174,20,790.553285
5.448798,31,791.15257
1.219552,17,791.485494
3.972983,24,791.962992
2.860513,21,792.381199
1.463851,19,792.763418
1.921851,21,793.18073
6.477022,38,793.916178
0.054173,16,794.238611
2.964145,23,794.698995
3.424819,27,795.22842
20.238624,131,797.788055
7.207593,44,798.648134
1.35509,18,803.278354
4.696007,33,803.931265
3.806804,28,804.467064
1.093506,19,804.852029
5.148412,33,805.494399
7.425143,43,806.342472
1.560404,19,806.699826
4.993579,32,807.343317
1.239068,17,807.677687
1.924073,22,808.127682
0.191261,16,808.441885
0.981266,18,808.826206
4.1974,27,809.369663
2.811761,21,809.776134
0.514308,17,810.114686
1.440877,20,810.535546
1.419032,19,810.931973
3.822774,26,811.463542
2.71474,22,811.931552
2.136257,21,812.357043
3.580802,26,812.909602
3.062092,22,813.425625
4.409191,28,814.003829
2.383169,22,814.452183
5.22862,33,815.109516
3.127157,24,815.659274
3.442998,23,816.173977
3.924348,29,816.779682
3.6634,25,817.296031
4.725898,31,817.942984
1.902666,21,818.377887
1.007952,19,818.75439
1.684406,19,819.12319
2.704712,21,819.535376
4.461715,30,820.142774
1.389509,18,820.514464
2.85114,22,820.943968
4.499072,31,821.54838
2.941145,23,822.018125
2.993472,23,822.464361
3.254612,23,822.934812
1.463625,18,823.285233
3.234295,23,823.740085
2.4877,21,824.159995
1.598564,23,824.607513
2.916114,21,825.026638
3.859139,28,825.568407
0.580933,17,825.907169
2.87044,23,826.362714
0.86339,19,826.754025
2.988245,24,827.224723
1.335676,20,827.631505
3.559222,27,828.175463
2.536826,23,828.606843
2.744932,21,829.010675
2.368585,20,829.413746
1.69852,19,829.781879
4.882453,29,830.343043
1.555122,20,830.749109
4.302132,26,831.264674
2.881995,23,831.733887
12.802087,151,834.698116
1.7713,19,835.081781
3.900948,23,835.527577
3.270338,25,836.034846
1.639967,19,836.400823
1.098393,18,836.773376
2.357481,21,837.191247
8.298525,49,838.158971
3.752392,27,838.689518
5.240599,33,839.328656
3.264041,24,839.8065
1.437554,18,840.172494
1.727671,18,840.530683
4.452659,27,841.078059
5.558383,32,841.702398
2.516966,25,842.199268
0.523442,18,842.558978
1.588823,20,842.951321
3.316935,25,843.465283
7.254987,42,848.603772
9.273249,67,849.858158
3.001068,26,850.329995
2.373319,24,850.765692
1.832337,21,851.141976
3.686775,28,851.654643
19.603298,151,854.406332
5.138284,37,855.111315
1.999004,23,855.540279
2.531363,21,855.956775
6.564232,37,856.660563
23.64237,151,859.547035
3.763118,28,860.108094
5.907535,40,860.927397
1.463802,19,861.28863
5.406424,36,861.954599
3.033348,23,862.404035
2.728787,26,862.891475
2.876635,26,863.386367
4.972722,31,863.986591
2.662286,24,864.461502
18.62371,151,867.381852
4.487891,31,867.980314
4.492847,32,868.60774
0.710301,20,868.978643
4.713393,28,869.510887
4.723246,35,870.170489
3.939907,25,870.657223
2.815855,30,871.227303
5.671277,38,871.964281
3.845604,28,872.513331
1.117779,19,872.876452
2.662077,23,873.325836
3.084787,25,873.803218
3.655226,26,874.302014
3.130589,24,874.762782
4.090356,26,875.251607
21.458355,151,878.152514
2.299896,23,878.617662
1.236237,19,878.999898
25.597301,151,881.872424
26.295015,151,884.796882
2.051012,22,885.219806
2.057784,23,885.674221
5.411681,34,886.314912
1.755623,21,886.725748
2.500278,27,887.243194
7.140368,42,892.319751
4.027775,30,892.902966
21.637337,142,895.550581
7.456436,56,896.622369
2.593182,25,897.093385
19.695388,136,899.63697
1.291602,19,899.996313
1.64543,22,900.396804
1.177746,19,900.752985
2.112285,21,901.149271
5.110858,35,901.818125
4.290701,29,902.37768
3.373686,28,902.900312
7.71859,46,903.791321
5.219055,35,904.442343
2.196265,22,904.868889
1.794946,22,905.290468
2.531808,22,905.729958
4.304026,27,906.258273
2.866947,26,906.766171
8.192353,57,907.846218
1.261679,20,908.284489
1.124922,21,908.688526
16.187132,104,910.657958
7.955541,44,911.509095
5.932474,38,912.237008
5.097563,36,912.915406
2.283128,22,913.337237
0.890148,19,913.705956
2.153272,22,914.120142
4.252038,32,914.741551
3.395921,26,915.265217
4.731986,33,915.911461
4.965915,36,916.629137
4.6911,33,917.292934
2.667802,22,917.719206
15.07065,99,919.624007
4.382602,30,920.214229
0.974918,20,920.608251
5.205461,33,921.22834
2.742796,24,921.702304
4.941993,34,922.348997
2.134816,23,922.777504
4.579738,30,923.350379
2.884558,23,923.790233
4.863577,31,924.379171
1.052883,21,924.783874
1.112991,20,925.161154
2.372324,25,925.640868
4.539193,29,926.210258
26.109684,151,929.094757
8.532383,49,930.023066
3.82534,27,930.533839
28.138226,151,937.787516
6.869767,46,938.617783
4.66232,34,939.223806
4.988544,33,939.82123
30.322731,151,942.602706
1.389696,21,942.98607
30.356988,151,945.69929
29.158296,151,948.50113
27.328222,151,951.322411
29.13848,151,954.175705
9.246299,63,955.33977
25.417631,151,958.193457
6.972879,48,959.113432
28.471116,151,961.968397
19.920563,129,964.386706
12.718199,83,965.928703
5.486395,37,966.642338
7.088425,50,967.568132
1.074585,20,967.947927
1.748549,21,968.336716
6.28542,38,969.060136
12.778313,86,970.679598
7.191643,43,971.488284
29.11944,151,978.562279
6.17055,38,979.276163
2.663285,28,979.797835
7.33383,57,980.853778
26.703205,151,983.645872
25.375269,151,986.399678
26.959826,151,989.13176
26.698413,151,991.841883
22.311726,151,994.658368
30.513701,151,997.446772
31.302817,151,1000.202959
27.647234,151,1003.010457
32.641539,151,1005.80559
5.144773,35,1006.454925
28.567669,151,1009.237835
4.836137,34,1009.874817
28.617527,151,1012.629195
2.163192,25,1013.085672
11.723955,81,1014.573556
29.202219,151,1021.549228
31.406678,151,1024.335313
12.108561,79,1025.81072
28.52469,151,1028.582932
4.806614,39,1029.283871
26.192241,151,1031.941398
28.354144,151,1034.612023
29.274638,151,1037.286788
29.122419,151,1040.022827
26.953771,151,1042.818261
2.357571,25,1043.278037
32.724484,151,1046.058055
28.681209,151,1048.811053
4.818749,37,1049.528736
25.34818,151,1052.273858
2.174113,26,1052.754231
8.316939,59,1053.845033
1.742078,22,1054.252313
29.429803,151,1061.266302
32.583873,151,1064.03804
31.487866,151,1066.788132
30.125257,151,1069.546591
29.32784,151,1072.294827
27.164311,151,1075.048423
30.478282,151,1077.731328
29.335852,151,1080.430471
30.727829,151,1083.14793
29.387465,151,1085.972356
29.954815,151,1088.78697
31.16615,151,1091.555528
31.970311,151,1094.323217
30.696457,151,1097.058903
30.521081,151,1104.078659
14.819509,106,1106.002835
28.244487,151,1108.732855
30.046865,151,1111.480793
3.424396,33,1112.11465
29.923519,151,1114.863829
30.162892,151,1117.612939
32.352088,151,1120.393835
9.23257,64,1121.568821
31.644683,151,1124.262739
29.845786,151,1126.941608
3.135443,33,1127.525016
28.741427,151,1130.228938
29.693002,151,1132.983057
11.696118,90,1134.636548
28.643978,151,1137.400484
9.356892,63,1138.564265
29.661235,151,1145.643337
30.43279,151,1148.393514
27.025778,151,1151.138075
4.384927,38,1151.840813
5.7029,57,1152.878161
5.93569,50,1153.7945
3.106668,39,1154.510642
3.352708,37,1155.176103
8.295759,71,1156.492669
32.807858,151,1159.241793
30.979324,151,1162.058891
28.380794,151,1164.93517
30.425416,151,1167.631126
29.257264,151,1170.297689
32.566458,151,1172.959823
29.883788,151,1175.652233
2.4112,27,1176.148793
6.5294,58,1177.202193
28.903374,151,1179.951629
32.611054,151,1187.04847
1.782802,24,1187.490272
31.01387,151,1190.339087
29.314957,151,1193.077122
28.611979,151,1195.82377
29.541066,151,1198.572492
28.785138,151,1201.336389
28.771851,151,1204.116311
32.266997,151,1206.857553
28.58009,151,1209.656674
29.517219,151,1212.383197
28.912429,151,1215.036411
30.983003,151,1217.689826
29.678891,151,1220.337335
32.107931,151,1223.076714
32.083507,151,1230.17856
29.190408,151,1232.984899
34.310554,151,1235.722929
35.603137,151,1238.463058
29.238148,151,1241.202688
29.417225,151,1243.99657
29.83402,151,1246.737251
29.909965,151,1249.473922
27.662738,151,1252.221163
27.612958,151,1254.987119
29.424663,151,1257.738286
29.470462,151,1260.384218
30.553967,151,1263.025857
31.07066,151,1270.051636
30.830632,151,1272.791114
32.252365,151,1275.558837
31.863019,151,1278.301734
30.192433,151,1281.039696
29.299153,151,1283.853176
31.538655,151,1286.661083
30.660586,151,1289.412837
28.679315,151,1292.175557
29.765417,151,1294.932706
31.983128,151,1297.681406
30.723099,151,1300.439886
33.210125,151,1303.194559
29.178352,151,1305.860972
2.381668,32,1310.657163
29.835732,151,1313.367308
30.781717,151,1316.120178
29.893216,151,1318.886246
27.245514,151,1321.638849
29.60462,151,1324.413696
29.068056,151,1327.164477
31.489953,151,1329.936242
15.320057,119,1332.105556
26.907542,151,1334.85049
12.549451,87,1336.429642
30.646588,151,1339.175586
30.018645,151,1341.925069
30.232244,151,1344.68533
31.187561,151,1347.451011
28.391846,151,1354.346623
26.669697,151,1357.024502
29.535934,151,1359.749498
28.832127,151,1362.498094
28.055185,151,1365.249563
29.567641,151,1368.069665
8.677214,77,1369.489382
32.135927,151,1372.267862
27.63234,151,1375.006446
35.926382,151,1377.731283
28.603259,151,1380.479981
27.004957,151,1383.235034
31.331189,151,1385.972425
31.894277,151,1388.759936
28.669229,151,1395.789535
32.474968,151,1398.467329
31.851875,151,1401.141635
2.837814,31,1401.685715
31.526466,151,1404.350533
31.631012,151,1407.096696
31.008227,151,1409.851524
34.561267,151,1412.613889
30.63603,151,1415.363686
28.449651,151,1418.105456
29.329441,151,1420.850589
29.430131,151,1423.595254
30.026868,151,1426.35306
31.423333,151,1429.10219
29.591374,151,1436.09142
32.22531,151,1438.831064
30.910831,151,1441.585417
31.010494,151,1444.263029
29.197658,151,1446.950557
30.917533,151,1449.633318
30.307826,151,1452.370486
32.170561,151,1455.135011
32.125048,151,1457.900083
31.399314,151,1460.643892
29.914564,151,1463.382346
30.499014,151,1466.122722
31.799023,151,1468.870477
28.094956,151,1471.628936
32.539716,151,1478.786049
30.507909,151,1481.591956
30.337363,151,1484.344705
29.005377,151,1487.098609
32.731864,151,1489.783578
30.429875,151,1492.460598
30.5725,151,1495.134818
32.325194,151,1497.843647
28.602587,151,1500.623357
28.838299,151,1503.40236
30.843091,151,1506.196417
32.798776,151,1508.930706
31.95494,151,1511.661759
31.187303,151,1518.698815
31.185952,151,1521.493119
29.959129,151,1524.272554
31.960467,151,1527.030594
30.250656,151,1529.824282
31.741206,151,1532.618206
31.66186,151,1535.38026
27.819018,151,1538.0573
30.965071,151,1540.726878
29.685797,151,1543.425037
29.098537,151,1546.195842
29.64267,151,1549.068623
30.030709,151,1551.823761
28.187497,151,1554.592731
29.947628,151,1561.761103
33.215742,151,1564.548194
9.768938,77,1565.962128
30.303954,151,1568.723961
30.139924,151,1571.504037
27.740258,151,1574.265186
29.563733,151,1577.027134
30.670832,151,1579.816725
31.17786,151,1582.517315
28.730226,151,1585.200174
29.124014,151,1587.878056
29.544158,151,1590.593033
30.918536,151,1593.351077
29.138226,151,1596.108804
30.008087,151,1603.235983
29.222066,151,1605.990926
28.971613,151,1608.740153
29.883026,151,1611.528833
28.630523,151,1614.309626
29.279379,151,1617.111813
28.105505,151,1619.892071
29.331463,151,1622.661543
28.26716,151,1625.440786
30.710549,151,1628.190807
27.778777,151,1630.882107
2.041858,31,1631.435814
32.00732,151,1634.157377
29.01094,151,1636.930797
31.535703,151,1643.959958
26.100439,151,1646.740867
32.204487,151,1649.54382
30.392623,151,1652.341448
30.09081,151,1655.086859
31.917262,151,1657.844962
28.857756,151,1660.618865
27.784228,151,1663.375258
29.442016,151,1666.123854
30.47498,151,1668.880106
31.710918,151,1671.660287
29.246205,151,1674.392714
30.310222,151,1677.057246
29.674439,151,1679.728626
31.11735,151,1686.800848
27.303754,151,1689.561615
30.468262,151,1692.334867
29.994242,151,1695.143588
29.19997,151,1697.905007
32.363994,151,1700.661472
29.90913,151,1703.414233
31.780435,151,1706.241522
30.296603,151,1709.031594
31.779069,151,1711.895783
28.483686,151,1714.698773
1.838208,30,1715.248708
9.75576,69,1716.514891
29.599535,151,1719.310783
29.021342,151,1721.989539
30.395233,151,1729.01462
31.983372,151,1731.88161
29.70634,151,1734.71823
27.474035,151,1737.587871
30.1833,151,1740.356766
28.157513,151,1743.133624
32.81099,151,1745.916873
28.942689,151,1748.676251
28.152782,151,1751.436664
35.062765,151,1754.225466
32.02307,151,1757.008164
2.374367,30,1757.579882
28.136319,151,1760.320776
5.840993,46,1761.14858
2.264483,29,1761.680962
32.192897,151,1768.702558
11.444651,92,1770.338614
30.239714,151,1773.012052
30.119397,151,1775.712642
12.53035,86,1777.311365
32.444196,151,1780.068286
32.258988,151,1782.814585
27.735316,151,1785.557328
15.166035,137,1788.043768
31.116346,151,1790.800364
32.263289,151,1793.562514
32.98627,151,1796.309604
32.405977,151,1799.064318
30.074697,151,1801.803935
31.03582,151,1804.548669
4.097353,44,1805.362699
31.78722,151,1812.385888
29.253333,151,1815.073922
31.54058,151,1817.753836
32.305386,151,1820.431985
30.701535,151,1823.173044
32.125596,151,1825.949044
30.930189,151,1828.768824
29.908822,151,1831.531803
33.386735,151,1834.372098
32.202604,151,1837.104009
18.388751,134,1839.561917
30.172827,151,1842.323175
10.136979,79,1843.756917
32.707997,151,1846.520425
32.050393,151,1853.583665
28.918614,151,1856.325432
28.032153,151,1859.087202
29.431939,151,1861.802339
29.903175,151,1864.478649
29.20119,151,1867.192097
31.999644,151,1869.946305
31.806244,151,1872.732747
30.884461,151,1875.473006
29.347963,151,1878.223384
27.479766,151,1881.027021
30.831307,151,1883.774431
31.264931,151,1886.517999
30.129808,151,1893.583137
29.218934,151,1896.329931
31.393662,151,1899.073615
4.699227,49,1899.959117
28.953335,151,1902.703479
29.679794,151,1905.455143
29.291874,151,1908.135428
30.793622,151,1910.80424
29.449214,151,1913.492357
30.769384,151,1916.192034
27.158183,151,1918.953745
31.049054,151,1921.707229
29.603302,151,1924.463995
29.86547,151,1927.238797
32.081766,151,1929.994994
29.160255,151,1937.049931
29.937019,151,1939.806636
31.486266,151,1942.566778
33.393787,151,1945.31091
27.645592,151,1948.04019
29.207426,151,1950.786196
31.508316,151,1953.530307
30.39416,151,1956.199365
25.183566,151,1958.889074
32.034605,151,1961.600538
31.308454,151,1964.32655
33.453866,151,1967.09675
28.590933,151,1969.872304
32.004702,151,1976.962642
30.677043,151,1979.793639
28.95448,151,1982.601844
30.729976,151,1985.369106
31.338934,151,1988.136796
29.833546,151,1990.889097
28.40976,151,1993.658748
29.895843,151,1996.529872
33.829548,151,1999.416101
31.083755,151,2002.134868
29.369659,151,2004.834189
28.560592,151,2007.521204
28.10494,151,2010.251189
29.49863,151,2013.053627
30.968309,151,2020.128258
28.062121,151,2023.000585
33.665485,151,2025.816064
29.930894,151,2028.577419
27.676991,151,2031.345161
30.305577,151,2034.118769
29.869588,151,2036.883955
32.285401,151,2039.654716
29.830532,151,2042.421134
29.540494,151,2045.215827
32.828176,151,2047.94338
30.836043,151,2050.613259
33.938815,151,2053.299714
31.066576,151,2060.283694
28.562365,151,2063.110498
29.811118,151,2065.911316
28.371981,151,2068.663163
28.056715,151,2071.475777
31.093958,151,2074.237041
30.013685,151,2076.998563
30.64424,151,2079.738384
31.613671,151,2082.509583
32.153243,151,2085.280874
27.601644,151,2088.087125
31.386624,151,2090.909939
29.274599,151,2093.715947
28.967869,151,2096.383087
29.047057,151,2103.398692
28.608854,151,2106.222481
29.3578,151,2109.058758
28.312921,151,2111.850302
29.599477,151,2114.654792
30.733827,151,2117.458813
29.593757,151,2120.237447
27.702993,151,2123.029958
30.445417,151,2125.794149
29.822801,151,2128.552315
30.035039,151,2131.306194
28.896347,151,2134.10195
32.01055,151,2136.908612
32.217553,151,2144.017277
32.834466,151,2146.6991
29.852601,151,2149.410127
31.549159,151,2152.169542
34.89181,151,2154.916851
31.25357,151,2157.662021
30.202037,151,2160.412723
28.806176,151,2163.176214
27.623956,151,2165.91481
6.151792,54,2166.903205
30.380832,151,2169.676772
28.095356,151,2172.446759
29.651176,151,2175.2196
30.260843,151,2177.983016
30.557047,151,2180.753111
30.360187,151,2187.720487
31.628512,151,2190.455031
29.524687,151,2193.165145
29.714853,151,2195.996007
28.152893,151,2198.792729
30.089527,151,2201.547052
29.763835,151,2204.288872
33.78316,151,2207.025776
29.18541,151,2209.788718
31.213369,151,2212.54035
30.328881,151,2215.297849
31.375328,151,2218.05212
30.14712,151,2220.797611
31.562108,151,2227.834473
29.622867,151,2230.608511
33.322592,151,2233.402444
33.030942,151,2236.069874
30.968028,151,2238.770808
29.961577,151,2241.459127
31.447881,151,2244.202119
29.205254,151,2246.974253
29.013886,151,2249.735853
30.466597,151,2252.513365
32.060026,151,2255.275419
30.364786,151,2258.042888
30.428542,151,2260.795333
31.061204,151,2263.543336
30.142851,151,2270.52717
4.947858,46,2271.364895
31.435874,151,2274.123188
27.609769,151,2276.859751
35.438464,151,2279.614475
30.146395,151,2282.270619
32.729766,151,2284.96478
28.865988,151,2287.70886
30.227743,151,2290.450378
30.457125,151,2293.210405
29.388609,151,2295.954948
32.623698,151,2298.702851
30.80673,151,2301.494325
32.214299,151,2304.270709
28.320053,151,2311.286927
33.14703,151,2314.037847
31.636679,151,2316.771891
31.899534,151,2319.51663
32.470822,151,2322.284149
30.525043,151,2325.028806
29.997238,151,2327.748207
29.194244,151,2330.434371
29.40704,151,2333.159525
31.247091,151,2335.903905
4.688456,48,2336.779785
9.731764,86,2338.363375
27.127959,151,2341.12082
29.208561,151,2343.939633
29.892214,151,2346.696737
31.34021,151,2353.672449
31.204128,151,2356.419376
33.903272,151,2359.172765
32.568008,151,2361.920096
29.600866,151,2364.668191
32.021973,151,2367.400759
28.688033,151,2370.158132
29.716577,151,2372.928076
34.119957,151,2375.675496
31.127606,151,2378.328146
31.238786,151,2380.999664
31.115141,151,2383.717556
30.2638,151,2386.479214
27.801392,151,2393.504167
28.69093,151,2396.238168
30.476406,151,2398.97123
32.675344,151,2401.712198
31.021971,151,2404.495384
29.839993,151,2407.253778
30.90738,151,2410.008126
29.589901,151,2412.820109
30.389083,151,2415.681098
32.672274,151,2418.487158
29.487782,151,2421.245595
32.065352,151,2423.919564
31.306528,151,2426.595174
27.68247,151,2429.260631
28.163978,151,2436.319008
32.091561,151,2439.068057
28.327794,151,2441.810065
31.271672,151,2444.552569
29.207586,151,2447.294512
27.002999,151,2450.044522
31.75188,151,2452.791872
31.98721,151,2455.56163
33.442795,151,2458.326083
32.481235,151,2461.146627
27.952514,151,2463.944956
34.428405,151,2466.72972
28.771373,151,2469.435208
29.736029,151,2476.382946
28.414944,151,2479.216452
33.406689,151,2482.038213
31.018771,151,2484.796085
29.721326,151,2487.549218
30.195559,151,2490.313565
30.8869,151,2493.075094
28.548797,151,2495.846893
33.691984,151,2498.600113
31.422582,151,2501.348995
31.199546,151,2504.104395
28.97916,151,2506.914716
30.770455,151,2509.719025
33.992672,151,2512.555907
30.693954,151,2519.711142
32.127042,151,2522.465131
32.579223,151,2525.216987
31.038304,151,2527.981774
33.891166,151,2530.793097
31.245665,151,2533.553795
30.87945,151,2536.341477
31.542995,151,2539.117232
30.316326,151,2541.863638
28.874699,151,2544.625766
30.383041,151,2547.373274
29.684466,151,2550.131982
31.332233,151,2552.913868
30.914389,151,2555.686672
28.521925,151,2562.755607
32.47277,151,2565.449797
28.469084,151,2568.13289
29.061225,151,2570.837914
28.222165,151,2573.626794
29.71661,151,2576.400125
30.801579,151,2579.191869
28.173789,151,2581.953679
30.707046,151,2584.705578
33.130142,151,2587.462584
31.844932,151,2590.223027
30.476904,151,2592.963094
32.011099,151,2595.753542
29.465257,151,2602.742996
32.243058,151,2605.423851
30.558443,151,2608.089187
28.27531,151,2610.749775
32.015415,151,2613.41912
27.112807,151,2616.093845
30.620038,151,2618.760686
30.412136,151,2621.443799
32.935607,151,2624.227726
31.574756,151,2627.1124
29.553823,151,2629.8994
29.774778,151,2632.67884
17.413767,127,2635.027991
31.777478,151,2637.759744
