#{"t_start": 1773415350.349516, "env_id": "continuous-highway-v0"}
r,l,t
-1.405277,11,5.763796
-0.894246,12,6.126328
-0.173091,13,6.494442
0.65196,14,6.90376
-1.314014,12,7.262045
-0.218072,12,7.624131
-0.472855,12,7.976725
-0.56364,14,8.389438
-0.318079,13,8.769001
-1.039007,11,9.092684
-0.030937,14,9.540882
-1.139758,11,9.888844
-1.281117,11,10.230954
-1.145116,11,10.550341
-1.010415,11,10.859237
0.374203,14,11.252223
-2.131356,11,11.585047
-1.654897,10,11.869878
-1.269931,11,12.184395
-0.835737,13,12.648859
-1.200619,11,13.010992
-0.716368,12,13.382468
-1.667647,11,13.70105
-2.300273,10,14.018272
-0.072087,12,14.382259
-0.856783,12,14.718978
-1.752405,11,15.023855
0.535681,14,15.39576
-1.719976,10,15.671799
-0.407608,13,16.019997
-1.731725,10,16.28074
-2.142718,10,16.550844
-0.530473,12,16.87593
-1.328341,13,17.213437
-0.922577,11,17.497962
-1.335941,11,17.793867
-1.677128,11,18.103694
-0.218661,13,18.448743
-0.020497,13,18.784363
-1.369617,11,19.061609
-0.997237,12,19.502241
-0.694472,12,19.820901
-0.096865,13,20.167616
-1.750684,11,20.460543
-1.273516,11,20.746911
-1.152405,11,21.054013
-0.948884,12,21.498805
0.584401,15,21.92684
-0.882145,11,22.223191
-0.944943,12,22.538901
-1.322949,11,22.832352
-0.588125,12,23.148661
-0.088337,13,23.502208
-0.16847,13,23.840347
-1.812224,12,24.184029
-0.30011,13,24.574496
-1.794369,10,24.85504
-2.138779,10,25.139488
-0.374469,12,25.489666
-1.191092,12,25.831716
-0.641204,11,26.151483
-1.811605,10,26.426471
-1.383237,11,26.728363
-1.251537,11,27.054969
-1.664188,11,27.373381
-0.962666,11,27.707489
-1.366802,11,28.040228
-0.825675,12,28.398377
-1.205086,13,28.781075
0.200002,13,29.250527
-1.016492,12,29.600332
-1.013461,11,29.927172
-1.755655,11,30.259304
-1.087563,12,30.669898
-0.487617,13,31.101233
-0.347626,13,31.485627
-0.779992,12,31.834693
-0.374884,14,32.25951
0.568285,14,32.660432
-1.091318,11,32.948365
0.067053,14,33.334553
-0.225308,12,33.671665
-0.895411,12,34.013411
-1.830472,11,34.345097
-0.297207,13,34.717866
-1.11136,11,35.042353
0.019194,13,35.415448
-0.301104,15,35.85652
-0.103346,13,36.221374
-1.20459,12,36.543531
-0.939079,11,36.846233
-0.972395,11,37.170608
-1.244006,11,37.500623
-0.91889,12,37.843919
0.227205,14,38.229999
-2.089726,10,38.520749
-0.631178,13,38.95013
-0.645509,12,39.323264
-0.219175,13,39.709844
-0.089307,14,40.204329
-0.710654,12,40.551782
-1.093365,12,40.886034
-1.545604,10,41.180017
-0.744976,12,41.547089
0.228003,15,41.975108
-0.153132,14,42.378352
-0.733163,11,42.690117
-2.021136,11,42.995799
-1.134645,12,43.323104
-0.980009,11,43.626428
-0.556805,12,43.961017
-0.797215,12,44.299836
-0.193464,13,44.666392
0.604178,14,45.05235
-0.05187,12,45.390491
-0.9891,12,45.727418
-2.224851,10,46.026836
-1.069394,12,46.375458
-0.384696,12,46.731632
-0.79562,12,47.071014
-1.668333,11,47.379915
-0.831707,12,47.722519
0.222245,14,48.122343
-1.865876,11,48.457602
-0.183796,14,48.939285
-1.756487,11,49.334813
-0.381044,13,49.727206
-0.902784,12,50.076677
-1.290593,12,50.426545
-0.527504,12,50.776926
0.340799,13,51.156201
-1.483343,10,51.457064
0.042743,13,51.839829
0.067318,13,52.212841
0.599697,15,52.663185
-1.102468,12,53.028747
0.044191,13,53.408107
-0.677006,12,53.755858
-2.533173,10,54.043158
-0.547315,14,54.443267
-1.032598,12,54.778126
-1.578727,12,55.12176
0.474351,13,55.497813
-1.616012,12,55.834429
-0.374542,12,56.176673
-1.588719,11,56.48721
-2.150285,10,56.765592
-2.162824,10,57.040107
-0.639124,12,57.399977
-0.673102,13,57.775244
-1.703332,11,58.113858
-1.872362,11,58.488711
-0.538951,12,58.89383
-0.726013,12,59.260458
-0.247405,13,59.638356
-0.760842,11,59.948766
-0.299638,13,60.311433
-1.861748,10,60.60393
-0.37188,13,61.002219
-1.080269,12,61.349367
-0.358079,15,61.781358
-1.00992,13,62.166823
-0.64592,12,62.51914
-0.839383,12,62.877609
-1.180021,12,63.224074
0.498397,15,63.63432
-0.340453,12,63.992369
-1.435588,11,64.315651
-1.238784,11,64.633668
-0.843611,12,64.973966
-1.861215,10,73.933567
-0.536,12,74.282189
-0.749044,12,74.622911
-0.162869,13,75.00122
-0.448767,13,75.385745
-0.909591,12,75.731222
-0.75989,11,76.055303
-0.042062,13,76.455996
-2.456867,10,76.825147
-1.006974,12,77.189713
-1.090908,13,77.666364
0.011217,13,78.045724
-0.792977,12,78.38412
0.170505,15,78.787227
-1.239489,11,79.074586
-1.48302,11,79.360106
-1.806578,11,79.64493
-0.590452,12,79.953388
-0.399349,13,80.293238
-0.385637,14,80.662003
-1.905553,11,80.955661
-1.76755,11,81.241073
-0.22852,14,81.602661
-0.600932,13,81.94778
1.489227,16,82.360042
0.098566,15,82.74203
-1.87398,11,83.044201
-1.069462,11,83.330825
-1.243585,10,83.586608
-0.142554,12,83.910898
-0.941789,13,84.24226
-0.695481,13,84.595855
0.455571,16,85.017501
-1.221666,12,85.412241
-0.420595,12,85.774639
0.372274,13,86.126082
-0.844461,12,86.438775
-0.43931,12,86.735041
0.052039,14,87.202092
-0.842771,13,87.553207
-1.105534,12,87.883756
-2.088917,10,88.166387
-1.354283,12,88.506392
-1.11499,13,88.877826
-1.650633,11,89.184272
-0.12072,13,89.556456
-1.172424,12,89.878867
-1.537305,11,90.187722
-1.976811,10,90.460569
-0.758722,13,90.834235
-1.73743,10,91.114542
-1.734139,11,91.421147
-1.275038,12,91.775903
-0.532451,14,92.169883
-1.66578,11,92.483818
-0.393302,13,92.855835
0.450337,15,93.28313
-1.334744,11,93.600597
-0.757696,13,93.975944
-0.894362,12,94.396579
-1.229671,12,94.757172
-1.540188,12,95.092003
-0.517833,12,95.441905
0.206236,14,95.840167
-0.784731,12,96.19548
-1.141088,12,96.541864
0.700054,16,97.07638
-0.563892,14,97.50333
-0.725428,14,97.908581
-0.191037,13,98.293855
-0.368593,13,98.659797
-0.478814,13,99.034302
-1.387895,11,99.345144
-0.698448,12,99.680115
-1.341654,11,99.981067
-1.026267,12,100.310339
-1.961539,11,100.621119
-1.623523,10,100.923965
-0.511758,13,101.307887
-0.871243,13,101.674385
-1.363318,11,101.97562
-2.100953,10,102.261122
-0.82996,12,102.602898
-1.772644,11,102.964405
-0.470169,13,103.406284
-0.527263,12,103.744433
-0.843132,13,104.109955
-1.595026,11,104.410892
-0.890759,12,104.750205
-0.341701,13,105.107772
-0.604729,13,105.479746
-1.145666,12,105.789266
-0.521395,13,106.146581
0.649372,16,106.676291
-1.064047,12,107.048553
-1.588566,11,107.383406
-0.342044,13,107.764148
-1.577057,11,108.075875
0.267086,13,108.44843
-0.497588,12,108.788511
0.387427,15,109.202949
-1.034505,12,109.516527
-0.541008,12,109.849523
-1.845153,11,110.157281
-1.099776,12,110.499869
-0.772394,12,110.832917
-0.589891,13,111.221371
-0.876737,12,111.562345
-1.389862,12,111.978607
-1.995562,10,112.293207
0.103231,13,112.665729
-1.744102,10,112.949061
-1.767292,11,113.268347
-1.22332,11,113.572437
-0.501046,12,113.910889
-0.619371,13,114.291357
0.281566,14,114.689756
-2.106572,11,114.978565
-1.030216,13,115.340286
-0.001545,14,115.728959
0.059443,14,116.124436
-1.246158,12,116.506324
-1.519587,12,116.877781
0.130346,14,117.283735
-0.54976,12,117.612654
-1.068071,12,117.955712
-1.573712,11,118.277393
-1.12898,11,118.607039
-0.06923,13,118.995447
-2.107136,10,119.276385
-0.897653,12,119.632973
-0.904679,12,119.969141
-0.21891,13,120.35708
0.040529,13,120.763078
0.010097,13,121.21657
-0.846708,12,121.573843
-1.028686,12,121.911061
-1.073493,11,122.23172
-0.771028,12,122.552708
-1.314227,11,122.877918
0.212804,14,123.267796
-0.750048,14,123.672806
-0.478644,13,124.029473
-0.397529,13,124.408723
0.099873,12,124.724596
-1.377018,11,125.018182
-1.656054,10,125.311029
-1.298175,12,125.634076
-0.43198,14,126.02641
-0.80949,12,126.454326
-1.349381,11,126.77541
-0.574853,12,127.110969
-1.124766,11,127.431673
-1.552312,11,127.734327
-0.904875,12,128.070193
0.610536,15,128.507521
-2.518651,10,128.792995
-0.046503,13,129.14653
-1.665523,11,129.485446
-1.673898,11,129.806187
-1.760894,11,130.183077
-2.029825,11,130.502818
0.351845,14,130.906146
-0.353821,13,131.266216
-0.453525,13,131.616157
0.092169,13,131.980762
-1.228223,12,132.330413
-1.076671,12,141.479027
-0.940827,12,141.796317
-1.479095,13,142.151523
-0.966012,13,142.500124
-0.933518,12,142.808947
-1.535573,11,143.103631
0.18755,15,143.488895
-0.312116,13,143.836143
-1.148795,11,144.132559
-1.32899,11,144.427303
-0.854872,14,144.798122
-0.925626,12,145.132524
-0.336221,13,145.467098
-0.595427,12,145.871452
-0.430963,13,146.216711
-2.173795,9,146.450935
-1.245831,11,146.744282
-0.451317,14,147.110509
-0.050269,15,147.510785
-1.24728,12,147.917641
-0.133121,13,148.269326
-0.908341,13,148.623225
-1.071333,13,148.953241
0.618719,15,149.336719
-1.227832,11,149.638045
0.195021,14,149.997885
0.090659,13,150.335838
-1.075545,13,150.712005
-2.034094,10,151.000564
-0.217217,13,151.39197
-0.931271,12,151.725488
-0.144602,14,152.107983
-0.147102,13,152.488773
-0.779994,12,152.841825
-0.697279,13,153.222483
0.480108,14,153.63156
-0.660082,13,154.007975
0.924788,17,154.510159
0.670162,15,154.944428
-1.630266,11,155.310925
0.049026,14,155.735515
0.392984,14,156.127601
0.209553,15,156.61609
-0.973295,13,157.014207
-1.273964,12,157.361687
-0.277719,12,157.718495
0.792472,15,158.156154
-1.049817,12,158.50241
-1.50415,12,158.839532
-1.618199,11,159.160204
-0.319522,13,159.523583
-0.561492,13,159.89498
-0.825111,12,160.24593
-1.912969,11,160.54807
-2.03997,11,160.851254
0.066365,13,161.21982
-0.619112,13,161.603736
-0.530488,14,162.012204
-1.326461,11,162.318019
0.01619,13,162.686258
-0.516469,13,163.04817
-1.188616,12,163.388412
-0.428991,14,163.774057
-0.258893,12,164.112185
0.01194,15,164.532153
-1.127328,12,164.918317
-0.906207,13,165.369773
-1.65757,12,165.751619
-1.463106,11,166.071705
0.099367,16,166.522882
-1.306778,11,166.835286
-0.401721,12,167.198871
-1.230366,12,167.534784
-0.625292,13,167.894604
-1.839518,10,168.180494
0.274439,14,168.587386
-1.655022,12,168.934951
-0.653948,13,169.310867
-0.996603,12,169.662067
-0.850259,13,170.032489
-1.988447,10,170.327051
-0.268031,12,170.671025
0.057395,15,171.089569
-1.571313,11,171.417966
0.258915,14,171.811394
-0.316197,13,172.187634
-0.410753,13,172.556456
-1.529222,11,172.864096
-2.177388,10,173.142997
-1.979076,11,173.454304
-0.954529,12,173.789273
-0.114125,14,174.187436
-0.262959,14,174.69681
0.236012,14,175.16388
-0.554607,12,175.534597
-0.04311,13,175.913901
-0.583013,12,176.251493
-0.258139,13,176.656158
-0.162525,15,177.076901
-0.355946,13,177.464205
-0.905935,14,177.853898
0.109599,13,178.237784
-0.509025,13,178.625121
-1.877203,12,178.980953
-1.38853,12,179.340561
-1.716636,11,179.661121
-0.993026,12,180.003618
-1.336911,12,180.350791
-1.181816,13,180.734425
-0.414565,13,181.105232
-0.014928,14,181.513498
-0.655209,13,181.883858
-1.264638,11,182.212977
-0.236491,14,182.613065
-0.172631,15,183.054801
-0.739938,12,183.393178
-1.687058,11,183.750403
-2.120564,10,184.114311
-0.831728,14,184.558879
0.485185,15,185.02313
-0.145003,13,185.414397
-0.706881,13,185.793025
-2.013735,11,186.110333
-0.077131,12,186.456785
-0.053093,13,186.84926
-0.63807,14,187.247477
-0.699058,13,187.607311
-1.008581,12,187.959703
-0.36843,13,188.336848
-0.956543,12,188.673577
-1.019852,13,189.034853
-0.166754,13,189.383281
0.980935,16,189.82919
-1.024791,13,190.196624
-0.73253,11,190.514784
-1.144444,12,190.857033
-0.125293,14,191.240191
-1.478128,12,191.566243
-0.158029,13,191.934392
0.041125,14,192.328919
-1.26585,11,192.642276
-0.706447,13,193.102749
-0.251776,13,193.49071
-0.696363,14,193.891186
-0.701801,12,194.277254
-0.761653,12,194.653336
-2.228473,10,194.937361
-0.520662,12,195.272349
-0.520579,12,195.608349
-1.975287,12,195.940475
-1.115951,12,196.265882
-1.404186,12,196.62446
-0.914118,14,197.007465
-0.965772,12,197.339812
-0.348623,16,197.79559
-0.692802,14,198.194488
-1.426331,12,198.519346
-2.392467,9,198.778697
-0.728622,13,199.143226
-1.493139,12,199.475897
-0.722753,13,199.858614
-0.872178,12,200.213447
-1.410678,11,209.593919
-0.024449,15,209.979237
-0.623532,14,210.492988
-0.065291,13,210.866219
0.610385,16,211.290352
-0.104384,15,211.67255
-0.391279,15,212.06227
-0.258035,13,212.407377
-0.631134,12,212.715164
-0.61617,13,213.053336
-1.382139,13,213.447279
-0.395438,13,213.878807
-0.739166,13,214.255538
0.536244,15,214.695725
-1.995464,11,215.005948
0.304387,17,215.487144
-1.058449,13,215.840302
0.445791,15,216.269017
-0.105488,13,216.64282
-0.513011,14,217.047956
-0.811137,13,217.411701
-0.726689,13,217.771528
-0.908975,13,218.128219
0.129863,17,218.618986
-0.355623,13,219.009562
-0.170679,15,219.542067
-0.840046,13,219.938309
-2.165631,11,220.262969
-0.787301,13,220.643333
-2.323913,11,220.952935
-1.549875,12,221.295038
-0.405941,14,221.695542
0.291482,15,222.126282
-1.526449,13,222.486935
-0.212428,14,222.890914
-0.860689,13,223.352444
-1.750007,11,223.702085
0.532925,16,224.167949
-0.53488,14,224.562792
-0.886727,13,224.938716
-0.243965,12,225.297225
0.332423,16,225.751296
-2.003917,10,226.029906
-0.842996,12,226.378683
-1.946597,11,226.701804
-0.454708,13,227.067821
0.384768,15,227.509793
-0.30026,15,227.947935
-0.848619,13,228.399911
0.760097,15,228.807436
-0.394806,13,229.156202
0.060305,13,229.502603
0.71142,16,229.965803
-0.179899,14,230.36119
-0.635789,13,230.72905
-1.932094,11,231.038357
-1.336907,11,231.340883
0.077375,14,231.741874
-0.705655,12,232.081868
-1.272475,13,232.450295
-0.57541,12,232.850979
-1.957401,12,233.218267
-1.288395,12,233.560825
0.017794,14,233.958358
-1.054433,12,234.307871
-0.761257,14,234.705954
-1.989914,11,235.015205
-2.19585,11,235.325112
-0.47447,12,235.666909
-0.81064,13,236.017007
-1.120041,13,236.374869
-0.22591,14,236.794484
-0.412517,14,237.272691
-1.737988,11,237.589429
-0.811153,12,237.916924
-2.18094,10,238.186897
-1.32147,12,238.520269
-0.764835,13,238.895556
-0.552773,14,239.288332
-1.160137,12,239.629079
-0.057008,14,240.018907
-1.358051,11,240.343233
0.631768,15,240.764832
-0.08365,14,241.153049
-0.096083,14,241.553169
-1.313817,11,241.872203
0.228947,15,242.273861
-1.057736,13,242.772094
-0.815659,13,243.170947
-1.783397,12,243.523797
-0.950198,13,243.896745
-1.677752,11,244.205243
-1.054805,12,244.532606
-0.28713,13,244.905488
-0.418809,14,245.301969
-1.523766,11,245.657026
-0.538576,13,246.15221
-1.771114,11,246.493088
-1.583124,11,246.821283
-0.104628,14,247.234208
0.229785,14,247.630255
-1.496172,12,247.98826
-0.004383,13,248.367047
-1.215672,12,248.721911
-0.048873,15,249.16814
-1.650266,11,249.489946
-0.33466,12,249.833122
-0.822505,13,250.21839
-0.399755,13,250.618124
-0.744345,13,251.003339
-1.527982,11,251.345472
-1.459642,12,251.69653
0.465612,14,252.115021
-0.262824,14,252.6083
-1.467889,13,253.010118
0.072402,15,253.451974
-1.681477,12,253.803839
0.444576,15,254.246426
-0.558342,13,254.638453
-0.030301,14,255.143118
-0.390728,13,255.547028
-1.096277,13,255.932272
0.051475,15,256.361872
-0.190484,14,256.760116
0.001114,14,257.185524
-1.528082,12,257.540578
-1.148665,12,257.872633
-0.606458,14,258.277724
-1.376709,11,258.593159
-0.56686,13,258.980713
0.035436,15,259.406804
-1.649788,11,259.736854
-1.201527,12,260.085518
0.776317,16,260.553087
-0.846124,11,260.873139
0.866482,15,261.300619
-1.370484,12,261.630676
-1.526133,12,262.001364
-0.339631,13,262.450071
-0.077396,14,262.897121
-1.388518,12,263.249127
-0.426195,14,263.647135
-0.037112,15,264.10252
-0.546844,14,264.627877
-0.619716,13,265.000469
-1.266146,13,265.373747
0.001199,14,265.778328
-1.769532,11,266.098944
-2.207424,11,266.424643
-0.367205,15,266.86854
-2.004341,11,267.162245
-2.428663,11,267.434316
-0.660313,13,267.799714
-0.136045,14,268.178211
-0.323021,14,268.541957
-0.595127,13,268.87348
-0.431901,14,269.240054
-0.370432,14,278.734454
-0.633624,13,279.120682
-0.857752,14,279.524001
-0.585136,15,279.927654
-2.492855,10,280.21543
0.032134,14,280.606811
0.531816,16,281.055368
0.292222,16,281.572315
-0.661673,14,282.012506
-1.327031,11,282.429194
0.040618,14,282.864707
-1.060839,14,283.273862
-0.129666,14,283.677722
1.33588,18,284.199078
-0.848156,13,284.548593
-1.161768,12,284.876066
-1.86078,12,285.225167
-1.282159,12,285.558327
-1.111413,12,285.900659
0.900692,17,286.391171
-1.609506,12,286.726392
-0.471667,13,287.093061
0.635863,16,287.545163
0.344254,16,287.985785
-0.476988,14,288.377449
0.603902,16,288.85268
-0.630002,14,289.228296
-1.745471,12,289.571234
0.35238,16,290.018961
-0.898366,13,290.381536
-1.049167,12,290.75553
0.364143,15,291.301639
-1.007206,13,291.696478
-1.041917,13,292.05653
-0.822798,13,292.41055
-1.346363,13,292.76209
-0.725364,13,293.128954
-0.588477,14,293.520871
0.361114,15,293.932969
-1.304507,12,294.256034
-0.339208,16,294.702907
-0.37193,12,295.040662
-0.538561,15,295.468083
-0.661274,13,295.817099
-1.654676,12,296.143383
-1.041739,13,296.504079
-0.969777,12,296.810882
-0.702414,14,297.194492
-0.701513,14,297.574507
-0.342049,15,297.984482
-1.456598,13,298.335544
-1.022124,12,298.673382
-0.665673,15,299.077202
0.155617,15,299.483793
0.12644,15,299.903465
-0.66855,14,300.414443
-0.961578,14,300.818985
-0.209233,15,301.298677
-2.233409,11,301.61789
-0.491947,14,302.022753
-0.615484,13,302.393324
-0.578315,13,302.772087
-0.314204,14,303.157983
-1.199484,13,303.518416
-1.499744,12,303.859372
0.266537,15,304.287388
-0.35149,13,304.649631
-2.084346,11,304.978947
-0.300153,14,305.384761
-0.82579,13,305.756998
-0.023833,13,306.117005
-0.204602,15,306.547567
-1.397374,12,306.886192
-0.161886,15,307.316209
-0.474373,14,307.72151
0.149173,15,308.152244
-1.67072,11,308.458091
-2.016722,10,308.746091
0.427584,17,309.244009
-1.336793,13,309.666689
-0.432107,14,310.074307
-0.97321,12,310.414285
-1.242595,13,310.821744
-1.275395,14,311.27453
0.77371,17,311.779146
-1.785377,12,312.114268
-0.825361,14,312.501683
-0.99811,12,312.828754
-0.274716,15,313.255383
-0.272364,14,313.638703
-0.378079,15,314.063705
-0.846608,14,314.467179
0.595594,18,314.966712
-1.953736,10,315.254955
-1.656024,13,315.641025
-1.173126,13,316.012996
-1.169813,12,316.34313
-1.024677,13,316.706535
-0.517778,13,317.078154
-0.677119,14,317.483502
-0.928976,12,317.83027
-1.061784,13,318.193668
-1.329417,14,318.670293
-0.696306,14,319.096747
-0.49155,14,319.491503
-0.093321,16,319.931252
-1.625274,12,320.265683
-0.771473,13,320.718428
-0.62255,15,321.188422
-0.645032,15,321.616625
0.002821,16,322.095245
-1.240301,13,322.454177
-0.653368,15,322.84754
-1.369083,14,323.241888
-0.494468,15,323.679044
-1.172419,13,324.052615
0.191414,14,324.442251
-0.44874,15,324.87321
-0.949453,13,325.232072
-0.969203,13,325.603498
-0.360583,13,325.991817
-0.107859,15,326.423183
0.884422,16,326.879171
-0.833627,14,327.269378
0.033303,17,327.786246
-0.534535,13,328.227787
-0.595775,15,328.655713
0.529616,17,329.142208
-1.213046,12,329.486238
-1.788618,11,329.798267
-0.214409,16,330.275744
-0.583035,13,330.719929
-1.838647,12,331.048556
-0.462078,15,331.431296
-1.416455,12,331.738462
-0.889955,14,332.099313
-1.477778,13,332.43679
-0.850171,14,332.788887
-0.190881,15,333.16353
-0.543476,14,333.531904
-2.10208,12,333.862407
-0.679408,14,334.237539
-0.848583,14,334.614169
-0.742632,13,334.953187
-0.009646,15,335.352566
-0.494544,14,335.713025
-0.885481,14,336.074121
-0.565971,15,336.457715
0.057094,16,337.016484
-0.287077,14,346.407946
-1.498931,12,346.758851
-0.682763,13,347.116411
-0.501466,15,347.538397
-0.458847,13,347.902379
-0.284305,16,348.336428
1.123304,17,348.819716
0.411117,16,349.270806
0.378671,16,349.770483
-0.032672,17,350.27847
-0.382629,16,350.733928
-0.403769,13,351.108298
-1.42032,12,351.446553
-1.500803,12,351.792413
0.689457,19,352.287933
-0.791633,14,352.665911
-0.084684,14,353.029881
-0.940409,15,353.465322
-0.832411,14,353.871619
-1.512889,12,354.23185
-0.716588,14,354.733526
-0.993362,14,355.148544
-0.804103,13,355.518223
-1.403406,13,355.874851
-0.685544,13,356.242244
-0.236106,17,356.719701
0.243495,16,357.168279
0.259975,17,357.642396
-1.194926,13,358.011189
-0.565636,13,358.366483
-0.293701,14,358.753057
-1.34433,14,359.129141
-1.428561,13,359.523304
0.157712,16,360.01449
-0.393029,14,360.411083
-1.258436,12,360.768348
0.080668,17,361.249965
-0.470843,15,361.679683
-0.813839,14,362.090868
-1.598062,12,362.426311
-0.063577,14,362.813508
-0.676124,15,363.236308
-0.427627,15,363.727954
-1.265733,13,364.149547
0.294012,15,364.576262
0.193903,17,365.044111
-1.214877,14,365.444365
-1.21523,13,365.821936
-0.620927,14,366.221739
-1.219044,13,366.596742
-1.57823,13,366.977653
-0.142444,13,367.343854
-1.302525,13,367.722052
-1.028277,14,368.120264
-1.728736,12,368.460405
-0.849934,15,368.880669
-0.247745,14,369.325739
-0.883645,13,369.702641
-1.252837,12,370.048056
0.567288,17,370.537083
-0.636266,15,370.984946
-0.879408,13,371.353486
-0.471904,15,371.783195
-1.537881,13,372.145012
-0.522519,14,372.555191
0.075657,17,373.138811
-1.394712,12,373.511914
-0.863018,15,373.961419
-0.869213,13,374.322814
0.861384,16,374.791772
-0.258985,15,375.215819
-0.135753,15,375.640274
-0.279218,14,376.037064
-0.105084,16,376.491316
-0.229935,14,376.87622
-1.015281,13,377.257113
-1.547617,12,377.58625
0.169742,16,378.031553
-0.573941,14,378.416881
-0.66439,13,378.789893
-0.698236,13,379.223127
-0.450537,15,379.649435
-0.79815,12,379.994091
0.389827,19,380.532982
-0.851021,14,380.928081
0.232493,15,381.346944
-0.460582,15,381.782079
-1.777901,12,382.15024
0.014447,16,382.686353
-0.252568,14,383.078575
0.14361,14,383.473508
-2.016571,12,383.826321
-1.437439,12,384.162923
-1.044837,14,384.551216
-1.256702,13,384.913712
-1.229591,13,385.262836
-0.285023,15,385.693723
-1.106361,12,386.044449
-1.081451,13,386.421964
-0.25492,14,386.818606
-1.086921,12,387.149117
-1.118213,13,387.52136
-0.757031,13,387.89608
-0.221697,14,388.309228
-0.283223,15,388.819416
-0.590756,14,389.242998
-0.850838,14,389.637454
-0.594708,14,390.032351
-0.086346,16,390.480384
-0.657822,14,390.873105
0.564758,17,391.361662
-0.401104,16,391.911519
-0.979214,14,392.329404
-0.916118,15,392.74939
-0.168672,15,393.178004
-1.232666,14,393.543882
0.518017,17,393.981882
0.794073,17,394.420021
-1.140714,13,394.751549
-0.368051,15,395.1435
-0.265177,15,395.535384
-0.111005,14,395.896476
0.581348,14,396.250361
-1.792897,12,396.558195
-0.774139,15,396.941724
-0.206921,14,397.295479
-0.369337,15,397.676978
-0.660677,15,398.05554
-1.916415,13,398.485056
-1.172601,14,398.859419
-0.717237,14,399.235235
0.098804,17,399.67149
0.220164,16,400.077577
-1.071841,12,400.448583
-1.254283,13,400.861444
-0.000418,16,401.297222
0.702694,17,401.734326
-0.620926,14,402.096429
-1.656921,13,402.443294
-0.853015,14,402.816095
-2.084517,12,403.157222
-0.376535,15,403.57851
-1.187836,14,403.98307
0.73505,17,413.485797
-1.521185,13,413.871156
0.397388,18,414.374254
-0.95795,14,414.781792
-0.977449,15,415.206872
0.21275,16,415.664658
0.074931,16,416.127154
0.471622,16,416.576553
0.069519,15,416.983124
-0.103813,15,417.404599
-0.804899,13,417.82089
-1.368844,12,418.214878
-0.99806,14,418.661885
-0.803952,14,419.05637
-0.826378,14,419.450221
0.145714,18,419.9727
0.028592,17,420.447249
-0.09872,16,420.90182
-0.721652,15,421.316544
0.122561,18,421.802892
-0.022585,16,422.253437
-0.875719,14,422.636369
-0.77773,15,423.054069
0.536831,17,423.531002
-0.25879,14,423.931384
0.688514,17,424.435533
-0.158983,15,424.854519
-0.267835,15,425.275913
-0.32598,15,425.695388
-0.679846,16,426.148477
-0.956257,13,426.515555
-0.772536,14,426.920385
-1.222001,12,427.345528
-0.871605,15,427.882147
-0.841981,14,428.311495
-0.919791,16,428.774455
-0.422489,15,429.217449
1.415123,18,429.727045
-0.546138,15,430.147013
-0.355057,17,430.64975
-0.537084,16,431.1074
-0.315458,15,431.540121
0.878215,17,432.023777
1.503464,19,432.574066
-0.943859,13,432.954351
-0.871351,14,433.360637
-1.129215,16,433.814231
0.349178,15,434.242889
-0.199203,13,434.618872
0.338628,18,435.117237
0.296063,17,435.607326
-0.126864,16,436.090994
-0.680152,14,436.577515
-0.604066,14,436.985522
-1.874462,12,437.31951
-0.445136,13,437.768609
-0.907451,14,438.176445
-0.227053,16,438.631316
-0.151247,16,439.078888
0.311027,17,439.549591
0.055505,16,440.006208
0.519729,15,440.426065
-0.681593,15,440.84925
-0.867368,14,441.247429
-0.755817,14,441.652498
-1.306498,12,441.983838
-0.617566,14,442.371456
-1.159936,14,442.752392
-0.388076,14,443.151442
1.270488,17,443.637077
0.97914,19,444.175395
-0.048568,16,444.630394
-0.267718,16,445.070432
-1.773401,12,445.427552
-0.533791,15,445.942628
-1.153764,14,446.347335
-0.291681,15,446.777052
-1.397207,13,447.157063
0.240789,18,447.722873
0.184674,18,448.227633
-0.306282,13,448.598612
-1.480109,12,448.949486
-0.992779,14,449.344248
-1.453164,12,449.680851
-0.049537,17,450.161551
0.00729,17,450.648609
-0.503669,14,451.048207
-1.202532,12,451.387077
-0.440501,15,451.807907
-1.568946,13,452.163773
-0.59148,14,452.570101
-0.041384,16,453.024236
-1.711444,13,453.380742
-1.815661,12,453.720877
0.531705,17,454.202329
-0.407873,16,454.651343
0.342696,15,455.196276
-0.332414,16,455.660203
-0.870036,14,456.050754
-1.132601,12,456.367231
-1.679863,13,456.757385
-1.609105,12,457.127167
-0.304501,17,457.574059
0.093476,15,457.950997
-0.537283,15,458.335252
-0.231654,15,458.729151
-1.160484,13,459.060554
-0.550408,16,459.466994
0.720666,18,459.934338
-0.790648,15,460.309678
0.34613,16,460.710506
-0.428799,14,461.064712
-1.45769,12,461.367834
-0.118166,15,461.748757
-1.949983,12,462.067523
-0.838009,14,462.437167
1.856036,21,462.981121
0.676128,16,463.395351
0.397781,18,463.989575
-1.760361,12,464.305043
0.760972,17,464.758625
0.085633,19,465.259063
-0.700749,16,465.668314
-1.52951,12,465.996131
0.219092,17,466.545466
-0.23069,15,467.023242
-0.914891,13,467.390099
-1.088549,14,467.780652
0.093963,17,468.258981
0.32263,17,468.739124
-0.373359,15,469.164996
0.062185,17,469.649717
-0.582389,15,470.087451
0.942178,18,470.583449
0.568293,17,471.065045
0.045704,16,471.513969
-0.19301,15,480.917082
0.786443,19,481.530483
-1.376293,13,481.974446
0.883658,21,482.556488
0.05243,17,483.041715
-0.594693,15,483.476445
0.734871,19,484.018321
-0.913194,15,484.446031
-1.016159,15,484.868129
-0.318282,17,485.351057
1.370569,23,486.089535
-1.018682,14,486.51668
-1.411035,15,486.946319
-1.702017,13,487.304461
-0.255224,16,487.762839
-0.799952,15,488.186765
-0.325074,15,488.602691
0.431659,19,489.125108
-0.951304,14,489.523448
0.073208,16,489.977641
-0.041624,17,490.457514
-1.461455,13,490.93523
-0.460413,16,491.428542
0.166944,18,491.936277
-0.880607,15,492.377511
-2.008727,12,492.702135
0.461828,18,493.216342
0.438427,16,493.65606
-0.767591,15,494.089109
0.63573,18,494.600949
-1.751992,13,494.967688
-0.753771,16,495.430051
-1.887054,12,495.85384
-0.766159,14,496.258681
1.515999,24,496.907241
-1.354572,13,497.273033
-0.146066,18,497.785392
-0.739965,15,498.221606
0.397494,19,498.750438
-0.526444,14,499.140427
-1.509174,14,499.544825
-0.832223,15,499.972452
-2.595744,11,500.358212
0.301228,18,500.890574
-0.086851,17,501.365211
-0.564385,16,501.814603
0.519959,19,502.345165
-0.4937,14,502.736441
-2.490315,11,503.053538
-0.365386,16,503.509634
-1.005124,14,503.90193
-0.996871,15,504.325548
-1.140157,14,504.712148
-2.123897,12,505.060414
-0.431598,15,505.551532
-0.613197,15,505.982591
0.033697,17,506.470409
-1.633644,13,506.832516
-1.36786,14,507.227556
0.639848,18,507.731426
0.041097,16,508.17088
-0.562047,16,508.624914
-1.014727,15,509.083395
1.082495,19,509.672756
-0.400513,14,510.052549
1.732677,24,510.727255
-0.682852,16,511.181785
-0.424195,14,511.574991
-0.735358,15,511.992421
-0.542837,14,512.375764
-2.041779,12,512.71272
-0.822329,15,513.143888
-0.791012,15,513.561298
0.586439,18,514.060066
0.69952,18,514.558816
-1.725513,13,514.991383
0.099437,18,515.518448
-0.055851,17,515.999893
-1.089553,14,516.403627
0.356941,18,516.911299
0.143019,18,517.368507
0.548036,19,517.908741
-0.410287,16,518.482087
-1.018278,15,518.895739
-0.627119,15,519.261935
-0.233318,17,519.681103
-0.814976,15,520.048318
-0.280883,16,520.450565
-0.045698,17,520.885345
0.076874,17,521.310238
-0.779062,14,521.652747
0.110419,16,522.048878
-0.790235,14,522.39257
-1.318971,13,522.729461
-1.199824,14,523.10372
-0.062265,17,523.52997
-0.272163,15,523.921527
0.771287,22,524.542422
0.376347,17,525.053959
0.570488,19,525.539905
0.446034,17,525.969339
-1.406944,14,526.34654
0.873005,17,526.894436
-1.476933,13,527.260904
0.39148,19,527.740163
-1.738792,13,528.078198
0.00128,18,528.560158
0.931831,21,529.142036
-1.232977,14,529.52669
-0.124095,16,529.979398
-0.583887,16,530.435146
-0.650781,15,530.849478
0.182083,17,531.313092
0.281106,15,531.735641
0.485564,17,532.240989
-1.533142,13,532.60578
-1.088779,15,533.027532
-0.254162,17,533.508593
-1.365513,14,533.899024
1.079997,22,534.58838
-1.198252,14,534.98793
-1.561802,13,535.343411
0.421747,18,535.860219
-1.394016,14,536.328224
-0.50868,14,536.73332
-0.320864,16,537.181532
0.159232,19,537.70377
0.319352,20,538.276415
-0.343271,15,538.694077
-1.045101,15,548.062316
1.25507,23,548.702092
-0.926456,15,549.125857
-0.614846,15,549.557703
0.940735,18,550.062521
-0.344163,17,550.542665
-0.140419,18,551.055786
-0.273406,17,551.553091
-0.762261,14,551.954811
-1.333915,15,552.361814
-0.506003,17,552.855073
-2.042077,12,553.195601
-1.255359,14,553.659617
-1.063848,15,554.166854
-0.938937,15,554.618083
-0.92428,16,555.084078
-1.665631,14,555.467129
-0.498438,15,555.88448
0.168038,18,556.378007
0.61841,19,556.932152
1.488497,22,557.570421
-0.188838,16,558.042113
-0.197709,16,558.474805
-0.999264,15,558.909294
0.995475,21,559.490957
-0.730306,15,559.935885
-0.110431,17,560.417186
-0.973622,14,560.808207
0.015557,18,561.321337
0.827691,19,561.857611
0.490723,18,562.361076
-0.901905,15,562.781765
0.488437,19,563.451653
-1.151429,14,563.872547
-0.852458,15,564.288177
-1.212196,14,564.670038
-0.537988,16,565.118857
-1.011686,16,565.560963
-0.954245,15,565.993103
-1.48806,13,566.349314
0.920314,18,566.868956
0.264884,18,567.373577
0.214346,17,567.853545
-1.308024,13,568.217205
-0.330648,16,568.664914
-0.590435,16,569.122093
-0.438091,15,569.553271
0.783214,18,570.06627
-1.423773,14,570.455047
-1.200033,14,570.853665
0.175997,18,571.347504
0.288746,19,571.881444
-0.541288,15,572.341772
-0.520447,15,572.870111
-0.771121,15,573.296797
-1.43376,14,573.684159
0.299419,18,574.196035
-1.554288,13,574.555032
-0.72865,16,574.995693
-0.000797,18,575.473521
-0.340463,17,575.915082
-0.059903,16,576.362224
0.875683,20,576.888757
-0.976107,15,577.299573
0.330093,19,577.80971
0.511589,20,578.367124
-1.087304,15,578.784948
0.590127,21,579.358491
-0.855473,15,579.773796
-2.224827,12,580.091765
1.59895,22,580.724546
1.235041,22,581.436157
-0.973199,14,581.814142
-0.103981,15,582.201945
-0.397304,15,582.725994
-0.732455,16,583.167073
-0.337281,16,583.565157
0.627222,20,584.070739
0.60472,21,584.623709
-0.996504,14,584.969702
-0.125261,18,585.429993
-1.094579,16,585.838777
-0.982372,15,586.213981
-1.340271,14,586.551417
-0.738389,14,586.920177
-0.130001,17,587.365855
-1.759722,13,587.697381
-1.30849,14,588.059473
-1.647421,13,588.391316
-1.087414,15,588.775656
-0.489595,15,589.160081
-0.077111,17,589.593543
-0.501994,16,590.119678
0.092102,18,590.61725
0.289081,17,591.087746
1.503171,21,591.688241
-0.64725,16,592.197385
-0.696818,16,592.710297
1.801306,26,593.396414
-0.007273,17,593.842344
0.23212,18,594.310688
-0.864327,15,594.716407
-0.08522,17,595.17357
1.592169,23,595.787249
0.348284,19,596.296158
-0.733503,15,596.695544
-1.17429,14,597.074332
-0.073862,16,597.474531
-1.285035,13,597.821764
-0.082256,17,598.252703
0.504181,19,598.753404
0.846553,20,599.423001
-1.215967,13,599.795749
-0.22036,16,600.219077
0.207099,18,600.691915
0.437757,19,601.198589
-0.019874,16,601.624537
-0.224471,18,602.116581
-1.827929,13,602.452533
-0.404143,16,603.017611
-0.74944,16,603.479219
-0.027866,18,603.961479
-1.998182,12,604.281152
-0.498554,16,604.724121
-1.194195,15,614.410083
-0.113102,18,614.907697
-0.250624,19,615.431733
-0.435825,16,615.862356
-0.713981,16,616.31756
0.684293,21,617.00118
0.021245,17,617.500219
-1.865804,13,617.877233
0.792054,20,618.429999
0.014667,19,618.952914
-0.182702,19,619.492272
-1.097646,15,619.907207
-0.319711,16,620.358431
0.524815,19,620.884044
1.10448,24,621.547316
-2.012055,12,621.877075
0.414304,20,622.515604
-0.590999,16,622.982849
-1.78877,14,623.361972
-1.431613,14,623.75031
-0.226164,18,624.236387
-0.064646,19,624.720102
-0.619038,16,625.143933
-0.078703,16,625.59394
-0.456238,15,626.107591
-0.111382,18,626.66438
-1.134724,15,627.081424
-0.416607,17,627.55561
0.0816,19,628.069871
0.442626,20,628.600416
-0.551869,17,629.067077
-0.393023,16,629.50998
-1.555146,14,629.895269
-0.344077,16,630.32175
-0.085064,18,630.809675
0.102883,19,631.349576
0.718273,19,631.871395
-0.167032,17,632.420895
0.345233,19,632.938113
-0.163201,18,633.412067
-1.243363,15,633.792481
-0.490663,15,634.19108
0.003545,18,634.662741
-0.519482,15,635.066138
1.704786,27,635.946325
-0.031914,19,636.462693
-0.756483,15,636.866975
-0.182079,17,637.324139
-0.432399,17,637.783948
-0.637755,16,638.242913
-0.165825,17,638.720366
-0.32969,16,639.17237
-1.010642,16,639.608366
0.27811,18,640.103635
-1.801883,13,640.463867
-0.033735,19,641.004472
-1.431663,14,641.378547
-0.593105,15,641.835423
0.640526,20,642.461865
0.64881,19,642.996896
-0.674845,15,643.413901
0.164608,19,643.948672
-0.163237,18,644.464361
1.442395,21,645.145234
-0.172619,18,645.660011
0.000993,17,646.137201
-1.10581,15,646.556982
-1.090802,15,646.964024
-0.081303,17,647.431709
-0.456149,16,647.868652
-1.527631,13,648.196925
-1.088737,14,648.573305
-1.187256,15,648.982625
-0.096614,16,649.415766
0.829218,20,649.976559
-1.058516,16,650.430151
-0.193977,16,650.870471
-0.760084,17,651.360758
0.042324,19,651.972032
-0.120566,18,652.477456
-0.952756,15,652.874155
-0.595598,16,653.296154
0.023267,18,653.856405
0.586875,18,654.41276
-0.207348,18,654.908735
-0.602631,16,655.338637
-0.095431,19,655.849255
0.023035,19,656.355206
1.121595,23,656.990446
-0.037719,17,657.439262
-1.175659,15,657.830842
1.404345,25,658.490787
-0.869568,17,658.942812
-0.139183,17,659.39995
1.917773,24,660.05744
0.16931,18,660.557552
-2.019556,13,660.905435
-0.909455,15,661.310802
0.298858,19,661.911768
1.261732,23,662.528761
0.453302,19,663.103498
0.6026,20,663.663946
-0.120742,16,664.071024
-0.06386,16,664.471688
0.741053,22,665.030236
-0.336265,17,665.461399
-1.464924,14,665.798208
0.251189,18,666.260053
-0.289033,17,666.696688
0.626103,21,667.241173
-1.108344,14,667.596519
-0.157795,18,668.048455
-1.183573,14,668.394206
-0.254413,17,668.825207
0.190658,18,669.270262
-0.530487,18,669.73292
-0.077691,17,670.155231
-0.673155,15,670.549181
-1.505808,14,670.903365
0.558786,20,680.684774
0.267864,20,681.31451
0.655454,22,681.918665
-0.73879,16,682.347343
0.626222,24,683.005827
-1.241002,15,683.421105
-0.626883,17,683.865937
-0.548908,17,684.342798
0.432697,17,684.805495
0.321472,19,685.321132
0.334878,19,685.840983
0.614942,20,686.399487
0.228684,21,686.958296
0.160252,19,687.477712
0.259721,21,688.070267
0.413475,20,688.621794
-1.155093,14,688.995702
0.098918,19,689.562411
0.447379,20,690.19251
-0.221265,19,690.81537
0.560207,21,691.41278
2.034042,27,692.128802
1.639924,26,692.828313
-0.637615,16,693.264966
-0.668571,16,693.691237
-0.943747,16,694.130361
0.26748,19,694.639333
-1.421586,15,695.029007
0.252959,21,695.579505
-1.36755,15,695.978454
-0.233448,17,696.416712
-0.437212,17,696.862427
0.834997,25,697.519774
0.18214,20,698.049336
0.149775,17,698.580394
-2.340728,12,698.950603
0.985068,23,699.564765
-0.972325,16,700.022598
0.206361,19,700.634961
-42.618237,176,705.335712
-0.870702,17,705.770951
-0.456123,17,706.216744
1.68059,22,706.807551
-1.357894,13,707.179833
-0.692991,16,707.738235
1.052811,22,708.34372
-0.050749,17,708.789176
-1.1136,15,709.186812
0.004818,18,709.67104
-0.820143,16,710.184392
-49.152143,176,715.03835
-0.994145,16,715.479421
0.515628,21,716.091673
0.094699,19,716.708169
0.75648,20,717.259453
0.704723,22,717.856161
-0.404516,16,718.297264
0.119655,19,718.79702
0.278068,21,719.368138
-1.034773,15,719.787805
0.912861,23,720.552001
-0.69573,17,721.032169
-1.112189,16,721.488035
-1.224175,15,721.908927
0.078834,19,722.406471
-0.95569,16,722.856755
0.525915,20,723.400828
-0.578051,17,723.857001
0.046892,19,724.38701
-1.353521,15,724.825092
0.762438,20,725.411073
-0.540569,17,725.953963
0.723953,21,726.525308
0.548655,21,727.104013
-0.055026,19,727.624441
-0.32805,18,728.122554
0.135628,18,728.621919
0.645971,21,729.195766
-0.565324,16,729.660679
0.280023,20,730.287768
-1.60507,14,730.648611
-1.820671,14,730.999034
-0.765676,16,731.401825
-0.458446,16,731.803783
-1.085796,16,732.204091
0.411964,22,732.76159
1.053903,22,733.313259
0.722429,22,733.880254
-0.014009,19,734.417015
-0.299223,18,734.945028
0.19302,19,735.425683
0.115906,17,735.854997
-0.701707,15,736.255256
-0.132093,18,736.711322
-0.248143,17,746.300723
0.379516,22,746.896146
-1.257197,15,747.285402
0.636948,22,747.883252
-1.065337,16,748.312323
-1.364107,15,748.727358
-0.849727,16,749.208858
-44.086079,176,754.018253
-0.191411,19,754.534509
0.474276,21,755.105958
-0.471752,18,755.592232
-0.694548,17,756.056014
-0.264957,18,756.528578
-44.366042,176,761.441927
-1.060336,15,761.855276
-0.711166,17,762.317611
-1.89634,13,762.666401
-0.518893,18,763.15237
-0.792048,16,763.589468
0.690468,21,764.145597
-2.111554,13,764.494599
1.166603,24,765.119488
-0.865855,15,765.507131
-0.76619,16,765.934263
-0.556458,17,766.389699
0.198291,19,766.881227
0.199963,19,767.373328
0.694176,23,767.966623
0.548648,21,768.588781
-0.267031,17,769.079523
0.742924,18,769.660387
0.25447,19,770.227332
0.369872,21,770.812725
-1.158091,14,771.188594
0.752316,23,771.815614
-0.330785,19,772.33664
-0.204613,18,772.834702
-1.276815,15,773.25194
0.031481,19,773.773097
0.069378,20,774.297411
0.105301,20,774.842191
-0.103556,18,775.322337
-0.696808,17,775.794029
0.533895,22,776.390028
0.157722,19,776.949245
0.981632,25,777.575869
-0.187817,17,778.015474
0.28334,19,778.592486
0.804373,23,779.260842
-0.531145,17,779.728561
0.757443,21,780.285903
1.228478,26,780.993931
-42.447559,176,785.651501
0.816839,21,786.199232
0.222114,19,786.701154
0.781465,23,787.368502
0.208027,19,787.892843
-0.126767,19,788.480115
0.317697,18,788.974914
-0.577235,17,789.430064
0.230249,21,789.989039
0.175333,20,790.540635
-0.591857,17,791.003231
0.665905,22,791.585355
-1.021725,16,792.00678
0.716058,21,792.564857
0.397989,20,793.091213
0.302431,19,793.588904
-1.317027,15,793.978923
0.160599,19,794.471258
0.147119,21,795.0273
-1.622387,14,795.407567
0.664532,22,795.995062
-1.045243,16,796.539469
-0.577685,16,796.985847
-0.247667,17,797.437613
0.257218,19,798.027017
0.993133,27,798.772428
0.558154,21,799.309835
0.342459,19,799.785359
0.353355,20,800.274587
-1.539738,14,800.611891
0.864492,23,801.171301
-1.128774,16,801.571208
-1.176239,16,811.051003
0.34781,22,811.611958
0.088161,19,812.139673
1.2376,25,812.800544
-40.838154,176,818.007726
-2.132471,13,818.398118
-0.462939,18,818.877687
-0.875628,17,819.358125
-45.378902,176,824.367334
-0.13968,20,824.918577
-2.193126,13,825.279139
0.277046,21,825.843827
-0.456126,17,826.305465
-0.396163,18,826.793828
-0.721663,17,827.254164
-0.733207,17,827.747684
-0.659266,18,828.32539
0.028953,19,828.861012
0.787593,22,829.480373
-0.24413,19,830.019377
-0.25135,19,830.551363
-0.644743,17,831.053138
-0.665439,17,831.531277
0.170751,18,832.10303
-1.485216,15,832.567775
-0.096851,19,833.096721
-1.130342,16,833.559042
0.464943,22,834.166062
0.689611,23,834.801869
-0.487084,18,835.286249
-0.074923,19,835.793995
-0.83972,17,836.243667
-1.840976,14,836.607062
-0.979308,16,837.052655
-1.451921,15,837.466509
-0.172393,20,838.073165
-0.972801,17,838.529118
-1.047716,16,838.94312
-0.689689,17,839.388952
-0.077241,20,839.919205
-0.428365,18,840.390309
0.619546,21,840.962654
-1.395481,15,841.465252
-47.136965,176,846.072052
0.28911,21,846.628556
-0.230606,19,847.123978
-1.7909,14,847.512248
-1.141188,15,847.968233
-0.324767,19,848.486702
0.180663,21,849.04363
-0.401277,19,849.551414
-0.936929,17,850.020581
-0.133901,17,850.549369
0.552852,21,851.10421
0.214515,21,851.656263
-0.942552,16,852.060051
-0.482562,18,852.520134
-0.013196,20,853.043859
-0.669354,17,853.492894
0.270184,21,854.052391
1.29893,26,854.742148
-0.069982,20,855.285977
0.109742,20,855.822529
-0.509429,18,856.300515
-51.637039,176,861.222197
-41.909348,176,865.770585
-43.100385,176,879.600344
-0.520037,18,880.075542
-0.815766,16,880.496166
-0.061131,19,881.012002
-0.716127,17,881.45719
-1.252296,16,881.888858
-0.914851,17,882.335106
-1.597336,15,882.726562
-0.73965,17,883.178108
-1.147271,16,883.598451
-0.707299,16,884.020433
-0.157977,18,884.505155
-47.03841,176,889.362176
-0.626094,17,889.808158
0.382999,20,890.339878
-0.727677,17,890.806508
-0.55646,18,891.270042
-0.582354,17,891.721319
-1.460331,15,892.140296
-1.056216,16,892.562112
0.328133,19,893.064308
0.430043,22,893.64919
0.00952,20,894.189286
-1.317568,16,894.611752
0.828956,24,895.334484
1.175162,22,896.000456
-0.189518,19,896.575316
-0.820069,16,897.026267
-1.841544,14,897.399503
0.170066,21,897.96368
-0.81173,17,898.439431
-0.51908,18,898.916501
-0.134905,20,899.489687
0.494083,19,900.015669
0.125949,20,900.559571
0.86738,25,901.337975
0.421879,22,902.022608
0.446343,21,902.586692
0.137255,20,903.14237
-0.530906,18,903.616875
-1.289608,16,904.039394
0.10683,20,904.689749
-0.14803,19,905.232767
-47.863002,176,910.050462
-0.486443,16,910.473715
-0.622042,18,910.9547
-0.197956,18,911.443622
-46.173667,176,916.462759
0.023062,19,916.992253
-0.648455,17,917.467707
-43.878523,176,922.229284
-0.204023,19,922.789877
-0.001894,19,923.370174
-1.16944,16,923.824315
-0.899384,16,924.276318
-49.804278,176,929.086458
-0.395915,18,929.561411
-0.997191,16,929.979918
0.600013,21,930.556919
-43.388193,176,944.826054
-40.983403,176,949.624198
0.460211,20,950.30597
1.122062,28,951.049026
-1.375209,15,951.456443
0.220304,20,951.990189
-0.003305,21,952.541446
0.130275,21,953.090121
0.192035,20,953.636008
-0.048499,19,954.158594
-0.320057,18,954.665046
0.072226,20,955.32499
-0.300697,19,955.85696
-0.138913,20,956.413297
0.14265,19,956.935064
-0.731711,15,957.345128
-0.481155,18,957.835893
0.130488,21,958.399773
0.345959,21,959.068586
0.709101,23,959.724183
-0.844407,16,960.164086
-0.655903,16,960.604715
-0.218735,19,961.112524
-1.556265,15,961.510536
-1.846541,14,961.883446
-0.517621,18,962.354252
-1.236384,15,962.742859
-0.179407,19,963.237519
-1.486614,15,963.643725
-0.244136,19,964.145429
-0.050263,19,964.770237
-41.186623,176,969.49735
-0.395909,18,969.967302
-0.534618,17,970.437336
0.535872,22,971.038778
-0.812334,17,971.50194
-0.58211,18,971.96323
-1.741428,14,972.334624
0.629159,21,972.885048
-1.252525,16,973.319311
0.008671,19,973.821807
-44.741336,176,978.59446
0.16858,22,979.154194
-45.189396,176,983.942767
-0.22511,19,984.501178
-1.162837,16,984.940288
0.223811,20,985.471244
0.77079,21,986.040263
0.400341,21,986.707332
0.883195,24,987.397082
0.749247,21,987.968212
-42.833709,176,992.628984
-0.712787,17,993.088824
-1.46796,15,993.495171
-0.366692,17,994.05557
0.903232,19,994.579515
-0.669518,17,995.036042
-0.999436,16,995.450292
-0.167779,19,996.070819
-0.749765,17,996.549305
0.569243,22,997.139369
-1.738131,14,997.504505
0.326148,20,998.059145
-0.377397,17,1007.778098
-0.227793,18,1008.224474
0.273972,19,1008.70577
0.86197,22,1009.245243
0.869669,24,1009.866992
-1.871185,14,1010.241008
1.098322,24,1010.872735
-1.516081,15,1011.267392
0.451767,20,1011.810868
-0.605231,18,1012.280869
-44.802404,176,1017.153779
-0.089351,20,1017.681944
-0.312034,18,1018.154272
0.255863,21,1018.706928
0.83535,25,1019.365009
-0.121788,19,1019.878114
-0.394137,18,1020.357679
-0.803647,17,1020.808598
-1.224612,16,1021.26334
-0.723362,18,1021.750719
0.762265,22,1022.377468
-45.610998,176,1027.242875
1.274788,27,1027.969279
0.608296,21,1028.535391
0.016001,19,1029.035199
-0.109552,19,1029.550303
0.032284,19,1030.06368
1.686138,27,1030.797673
-0.259365,19,1031.337865
0.875239,22,1032.033061
-0.453718,18,1032.54586
0.049084,19,1033.157738
1.580227,26,1033.884578
-1.660647,15,1034.315159
0.432012,22,1034.906397
-0.947336,17,1035.360897
1.085849,24,1036.035899
-0.976705,16,1036.460167
-0.709152,17,1036.909131
1.152094,23,1037.522425
-0.249836,20,1038.062111
0.232363,22,1038.649277
0.611264,21,1039.194845
1.011029,25,1039.874235
-2.146641,13,1040.209625
-0.269974,19,1040.872015
-0.059576,20,1041.435565
1.577043,27,1042.177855
-0.457081,19,1042.781241
-0.605199,17,1043.237432
-1.446568,15,1043.633457
0.849092,21,1044.153379
-1.095039,16,1044.562004
1.507669,25,1045.213294
-0.396945,18,1045.701073
-0.419179,17,1046.162366
-1.547666,15,1046.591853
1.221706,24,1047.239914
0.587528,23,1047.863851
-0.395765,17,1048.328161
-1.511668,15,1048.734543
0.380306,20,1049.303138
-1.643107,15,1049.788895
0.484621,22,1050.402707
0.020512,19,1050.925999
-0.681117,16,1051.376424
-0.074663,19,1051.902754
1.567088,27,1052.744198
-0.445681,18,1053.232494
0.67405,20,1053.77067
-0.799204,16,1054.188893
-0.605516,17,1054.647853
-0.871341,17,1055.087379
-1.596386,15,1055.49685
-0.564635,18,1055.962703
1.122505,22,1056.555339
-1.069795,16,1056.966282
-0.49886,18,1057.446412
1.219136,25,1058.115378
-1.978215,14,1058.568458
-0.506447,17,1059.0928
1.984403,29,1059.902995
-1.885584,14,1060.282907
0.973884,23,1060.904558
0.521992,23,1061.509549
-0.332274,18,1062.092037
0.063193,19,1062.610958
-0.648532,18,1063.112344
-0.473857,18,1063.60885
1.031269,23,1073.261902
1.056457,22,1073.819148
-1.649634,15,1074.202641
0.508524,22,1074.769987
-1.204444,16,1075.160204
0.559654,23,1075.750009
0.794757,22,1076.451132
-0.189957,18,1076.955946
0.081411,19,1077.494651
-0.969003,17,1077.960182
-0.886033,17,1078.429011
0.020866,20,1078.995545
-0.381311,19,1079.526414
-1.345798,16,1079.959751
0.760842,21,1080.531275
-1.177905,16,1081.012177
-1.900487,14,1081.56616
-1.663278,15,1082.070491
-1.147214,16,1082.51247
-1.16575,16,1082.95785
0.617638,21,1083.527205
-1.241493,15,1083.935642
0.301737,21,1084.506771
0.112452,21,1085.078875
0.519029,20,1085.773708
0.206497,20,1086.327551
0.645053,21,1086.929825
-0.662078,18,1087.441152
0.369572,21,1088.03918
0.40135,22,1088.639252
0.266259,19,1089.20324
-0.970167,16,1089.668582
-1.149813,15,1090.079404
-0.21076,19,1090.603899
-1.644101,15,1091.028165
0.371709,20,1091.589874
-1.045115,16,1092.147443
-0.150669,19,1092.675625
-0.096229,20,1093.211709
-1.451802,15,1093.625225
-2.215292,13,1093.975295
0.280202,22,1094.606548
0.961719,24,1095.366917
-0.161536,19,1095.882461
-0.820813,17,1096.332921
-1.636214,15,1096.741602
1.311712,25,1097.420284
1.090289,24,1098.063556
-2.091054,13,1098.439146
-1.319242,14,1098.812925
-0.505276,17,1099.277794
0.787514,23,1099.909972
0.999407,22,1100.506536
0.429211,22,1101.110849
0.897685,24,1101.858525
1.007887,22,1102.482516
-1.122297,16,1102.925871
-0.277506,19,1103.442266
0.610303,22,1104.126385
-0.815866,17,1104.611697
0.229052,21,1105.174913
-0.345249,18,1105.663112
-0.827885,16,1106.093531
1.75332,28,1106.836948
-0.380485,19,1107.35415
-0.589,18,1107.843358
-1.029551,16,1108.291418
-0.327146,18,1108.775347
0.563165,22,1109.368593
-0.516266,17,1109.832289
0.017689,19,1110.351895
-0.887994,17,1110.815917
-1.780915,14,1111.190081
-0.143983,19,1111.724764
0.266079,20,1112.362222
0.169707,20,1112.916514
0.323347,21,1113.629261
1.253481,26,1114.364014
0.412328,21,1114.926807
0.905743,23,1115.545751
0.055979,19,1116.051409
-0.496174,19,1116.573356
1.94656,29,1117.366083
-0.305773,18,1117.856567
0.083485,19,1118.376779
1.232364,24,1119.016884
0.464845,20,1119.547971
0.139913,19,1120.053422
0.973796,24,1120.658591
0.176461,21,1121.205838
0.872506,23,1121.856661
0.062285,21,1122.616423
-0.085489,20,1123.175627
-0.46212,18,1123.646462
-0.501133,18,1124.130608
1.070235,23,1124.763162
-0.690689,18,1125.247466
-1.723303,15,1125.658734
-0.467967,18,1126.153055
-0.11792,19,1126.671847
0.332744,21,1127.242697
0.168161,21,1127.817523
0.455861,21,1128.373719
-0.62537,16,1128.810742
-0.228421,19,1129.300615
-0.355449,18,1129.786288
0.444774,22,1139.615623
-0.9633,17,1140.131494
-1.526021,15,1140.580483
2.339106,29,1141.35641
-0.231952,19,1141.869937
-0.387539,18,1142.493822
-0.484284,18,1142.993663
0.039323,20,1143.523289
-0.631705,17,1143.969937
-0.703657,17,1144.410965
-0.324162,19,1144.953411
-1.244981,16,1145.419259
-0.553215,18,1145.915141
-1.633789,15,1146.333534
0.524316,21,1146.908781
-1.18987,16,1147.34715
-0.981791,17,1147.804806
0.279678,21,1148.383016
0.429909,21,1148.997282
1.333142,24,1149.749983
0.987355,24,1150.417375
0.093797,21,1150.993962
-1.108745,15,1151.4005
0.288707,22,1152.007242
-0.310817,18,1152.600138
-1.207193,16,1153.0433
-1.901998,14,1153.456517
0.845062,23,1154.087976
-1.345705,15,1154.501793
-0.841054,17,1154.952102
1.037482,24,1155.598068
-0.162631,20,1156.153513
0.152611,20,1156.716539
0.473,21,1157.302098
-0.336148,18,1157.825483
-0.26265,19,1158.509656
1.256652,26,1159.239641
-0.632061,18,1159.743675
-0.462085,18,1160.249319
-0.840027,17,1160.716226
-0.872846,17,1161.19629
0.608599,19,1161.728494
-0.551099,17,1162.283697
0.908898,23,1162.941628
-0.508386,18,1163.424803
-0.696352,17,1163.895289
-0.950171,17,1164.375799
1.161067,24,1165.075463
-0.576686,18,1165.587992
-0.113063,18,1166.089134
-0.028707,20,1166.689669
-41.684146,176,1171.863641
-1.904649,14,1172.256023
-0.550266,18,1172.869326
-0.290336,18,1173.41412
-1.454061,15,1173.856527
-0.12732,20,1174.443345
-0.631304,17,1174.944335
-0.060875,20,1175.520048
0.477334,21,1176.139524
0.082243,20,1176.742317
0.021339,20,1177.422699
0.305994,23,1178.121387
-0.226938,20,1178.687799
0.005377,19,1179.233292
1.761531,27,1180.006685
-0.120479,20,1180.597782
0.21935,21,1181.195348
-0.320775,19,1181.724988
-1.192314,16,1182.207164
0.654056,23,1182.96683
0.457965,20,1183.551108
1.871,27,1184.337945
-1.257081,16,1184.775317
-1.674508,15,1185.200092
1.069822,24,1185.864684
-0.596016,18,1186.496063
-0.243717,19,1187.064689
0.720374,19,1187.599316
0.242712,22,1188.240094
-2.024468,14,1188.634023
1.183458,24,1189.317
-0.01801,20,1189.885309
-0.06746,19,1190.431118
-0.346126,18,1190.938785
0.645374,22,1191.557349
1.850554,27,1192.301246
-0.049421,20,1192.952722
1.477882,26,1193.689043
-0.090019,19,1194.240961
-0.91154,17,1194.744771
-1.676488,15,1195.243889
0.345761,21,1195.873559
-1.140697,15,1196.291987
0.130371,20,1196.870758
-0.557517,18,1197.398419
0.308194,20,1197.958462
-0.820703,17,1198.458121
0.098433,20,1208.223728
0.458992,22,1208.823077
-1.864066,14,1209.206277
0.979848,25,1209.874469
-0.560693,17,1210.329542
-0.15937,20,1210.867558
0.612434,23,1211.516624
1.686296,25,1212.238679
-0.355519,19,1212.864053
-1.669399,15,1213.376473
-0.205025,20,1213.955699
-0.489391,18,1214.455677
-0.501275,17,1214.972123
-0.568018,17,1215.451653
-0.913788,17,1215.923651
-1.162575,16,1216.407563
0.247304,22,1217.010425
0.751422,23,1217.679682
-0.916671,17,1218.177804
0.011604,20,1218.765302
-0.216918,18,1219.290703
1.244034,25,1220.007421
-0.76106,17,1220.495092
-0.263225,19,1221.020951
0.992666,24,1221.728548
-0.254306,19,1222.370225
0.365418,22,1223.135031
-0.109795,20,1223.690085
-0.158506,19,1224.252779
-0.479679,18,1224.77802
-0.863367,17,1225.269784
0.041075,20,1225.817163
-0.513708,18,1226.327637
0.38715,22,1226.95684
-0.105533,20,1227.530256
1.06901,25,1228.245837
-0.150486,20,1228.82099
-0.061229,20,1229.399423
0.234607,21,1229.997204
0.522231,23,1230.671213
0.281027,22,1231.411414
0.810721,24,1232.10738
-1.300375,16,1232.585044
1.097376,24,1233.380108
0.2822,20,1233.95922
0.024171,20,1234.520995
-0.175292,19,1235.057499
0.756873,23,1235.708537
-0.934619,17,1236.208419
0.744522,24,1236.878848
-0.677107,18,1237.36684
1.693884,26,1238.072413
-0.812481,17,1238.538846
-1.135093,16,1238.983245
-0.128181,19,1239.497806
-0.357483,19,1240.029209
0.077615,20,1240.723881
-0.433927,19,1241.284673
-0.256654,19,1241.827462
-0.184195,20,1242.403583
0.017924,20,1243.052968
0.114707,21,1243.658535
-0.356863,19,1244.19039
-0.37205,18,1244.700721
-1.345455,16,1245.1584
-0.732472,17,1245.62997
-0.22137,19,1246.172928
-0.450623,17,1246.654442
0.666679,23,1247.307054
-38.840879,176,1252.378258
-1.032923,17,1252.904087
0.376352,20,1253.506919
-1.690596,15,1253.949084
0.660531,23,1254.594499
-0.084022,20,1255.141555
1.787884,26,1255.837797
0.237605,21,1256.399514
-0.602666,18,1256.873896
-0.903274,17,1257.304205
-0.83274,17,1257.756059
-0.34112,19,1258.275358
-0.460051,18,1258.879105
-1.296913,16,1259.323392
0.287754,21,1259.868337
0.595093,23,1260.477099
-42.115636,176,1265.328292
-0.1873,20,1265.886531
-0.444063,19,1266.400058
1.077067,24,1276.161327
-2.027984,14,1276.595116
2.005789,29,1277.330641
0.145901,21,1277.893267
1.554251,27,1278.642618
-0.209408,18,1279.143939
0.142375,21,1279.70081
-1.203479,16,1280.162402
-1.22731,16,1280.616877
-1.145095,16,1281.048336
-1.54935,15,1281.462571
1.116948,25,1282.155413
-0.566978,18,1282.728775
0.831328,23,1283.373535
-0.829485,17,1283.853153
-0.127527,20,1284.395566
-0.612538,18,1284.884049
-0.368529,18,1285.489605
0.482082,22,1286.122794
-0.182682,19,1286.643448
0.012109,20,1287.183294
0.397775,21,1287.753128
-0.323516,19,1288.278653
0.230158,19,1288.803686
-1.559051,15,1289.200361
-0.913018,17,1289.656245
-0.663854,18,1290.13812
-0.352168,19,1290.652041
-0.336084,19,1291.181565
1.115288,25,1291.850488
-1.254824,16,1292.3375
-1.603764,15,1292.811973
-0.35869,19,1293.33347
-0.790502,17,1293.813406
-1.620298,15,1294.269597
-1.329753,16,1294.81607
-0.009485,20,1295.365866
-0.027113,21,1295.934628
-0.189186,19,1296.442428
-0.116076,20,1296.981783
3.735892,38,1298.018655
0.263189,21,1298.539609
-0.398774,18,1299.001114
-1.245669,16,1299.406776
0.290493,22,1299.968444
-0.212129,19,1300.442108
-1.233303,16,1300.850204
0.303969,22,1301.400844
0.543444,23,1301.990223
0.176063,20,1302.552031
-0.844553,17,1303.102832
0.281247,21,1303.752789
-1.808371,14,1304.115919
-1.554738,15,1304.495173
-0.467652,18,1304.950237
0.527533,22,1305.50153
0.908006,22,1306.101447
0.312404,21,1306.681041
-0.75822,18,1307.147993
0.447647,22,1307.732969
0.516732,22,1308.333582
0.917225,25,1308.985176
0.273168,21,1309.547943
0.121463,21,1310.12194
-1.459375,15,1310.520022
-1.266831,16,1310.943349
0.937799,25,1311.60861
1.262914,26,1312.413508
0.154512,20,1313.124818
1.237415,26,1313.825354
-0.199236,20,1314.363781
-0.536927,18,1314.875376
1.28998,24,1315.560464
0.71191,22,1316.1602
-0.269303,19,1316.672891
1.762333,27,1317.418144
0.238786,22,1318.007282
0.070519,20,1318.561453
-0.88612,17,1319.028228
-1.275766,16,1319.460507
0.234398,21,1320.022303
-0.774795,16,1320.461958
0.578675,23,1321.087818
0.250961,21,1321.749808
0.130416,21,1322.341328
-0.337066,19,1322.950478
0.973889,25,1323.622792
-1.223234,16,1324.062478
0.114636,19,1324.591206
0.09797,19,1325.103257
-0.657493,17,1325.575071
-0.111363,20,1326.104662
-1.645852,15,1326.50782
1.300222,26,1327.233302
-0.755818,17,1327.697339
-0.405344,19,1328.209764
1.573309,27,1328.958119
-2.021428,14,1329.340819
-0.246812,18,1329.814713
1.235784,25,1330.494484
0.12905,21,1331.204254
0.897099,24,1331.856008
0.433971,22,1341.523592
1.750292,28,1342.359602
-1.168717,16,1342.784495
0.125608,20,1343.273674
-0.314457,19,1343.752193
0.482771,23,1344.354251
-0.357097,18,1344.844453
-1.676272,15,1345.259463
0.590622,22,1345.851789
-0.120737,20,1346.387356
0.022052,20,1346.927678
1.03691,25,1347.611448
-0.002809,21,1348.180326
-0.627016,18,1348.790153
-1.669747,15,1349.218225
-0.691487,18,1349.686107
1.451843,26,1350.406919
0.414464,21,1350.964121
-0.137807,20,1351.506709
0.88614,27,1352.306998
-0.342506,19,1352.850066
0.711016,23,1353.488875
-0.502593,18,1353.986223
1.23578,24,1354.63579
0.392824,23,1355.271632
1.645707,27,1356.002606
-0.500251,18,1356.483325
-0.563963,18,1357.002733
1.127224,26,1357.809946
1.787305,28,1358.572405
1.222324,26,1359.221833
-1.671009,15,1359.619608
0.747855,23,1360.251915
1.363776,28,1361.014825
0.212872,21,1361.594808
0.43264,22,1362.244139
0.804402,25,1362.978727
0.224841,21,1363.561353
-0.251789,19,1364.082302
-1.278497,16,1364.510902
1.546298,28,1365.271499
-0.014587,20,1365.813966
-1.472309,15,1366.214235
-0.396971,19,1366.777404
-1.381831,16,1367.350985
-0.977783,17,1367.808197
-0.264182,20,1368.353247
-1.140354,16,1368.785476
-0.228403,19,1369.270742
0.404988,22,1369.865136
0.279125,21,1370.438238
-0.430695,18,1370.921511
-0.99908,17,1371.376405
1.095969,26,1372.12199
-1.285839,16,1372.602431
-0.559832,18,1373.084729
-1.006684,17,1373.533113
-0.966894,17,1374.007505
-0.397073,18,1374.496726
0.306587,21,1375.066713
-0.964675,17,1375.529899
-1.640162,15,1376.031822
-0.124123,20,1376.60549
0.381112,22,1377.194741
-1.352052,16,1377.61729
-0.012858,20,1378.187214
0.516066,22,1378.780357
0.421418,22,1379.394136
0.638858,23,1380.022953
0.010616,19,1380.546901
-0.126412,20,1381.097479
0.049891,19,1381.620967
-0.840809,17,1382.185664
0.33276,22,1382.787268
0.5885,23,1383.409939
-1.010717,17,1383.872769
-0.666743,18,1384.349255
-0.451834,19,1384.874905
0.775603,24,1385.65099
-0.186255,19,1386.17666
-1.56652,15,1386.593214
-0.497452,18,1387.065788
0.721497,23,1387.692534
0.918239,24,1388.328027
-0.829317,17,1388.777423
1.829358,28,1389.543741
0.363488,22,1390.147111
0.282534,21,1390.726053
0.201473,21,1391.286296
0.928285,24,1391.981858
-1.265163,16,1392.462637
0.379819,22,1393.061001
1.205407,27,1393.779435
0.38826,21,1394.42555
-0.764134,18,1394.959661
1.70456,27,1395.704151
0.200673,21,1396.26745
-1.896509,14,1396.642118
-0.449304,18,1397.123987
0.330201,21,1397.678072
-1.707993,15,1398.087292
-0.160369,20,1407.704121
-0.378378,19,1408.182856
0.622014,23,1408.770341
0.418484,23,1409.371746
-0.153824,20,1409.913016
0.944495,25,1410.590435
-0.488692,18,1411.108142
0.63838,23,1411.808037
-1.043876,17,1412.371637
-0.067999,20,1412.942508
-1.630991,15,1413.358228
-0.672046,18,1413.852272
-0.716231,18,1414.345371
0.82052,25,1415.036651
-0.09466,19,1415.580836
1.674376,28,1416.389006
0.983299,23,1417.039776
0.264469,20,1417.596019
-0.607276,18,1418.090996
0.480201,23,1418.703242
0.737904,23,1419.329068
0.73396,23,1419.957669
0.053146,20,1420.500633
0.751012,23,1421.250136
-0.296072,19,1421.830208
0.176916,21,1422.413591
1.120695,23,1423.035431
-0.745211,18,1423.53278
0.137196,21,1424.095172
1.883392,30,1424.898909
-1.565381,15,1425.313862
-1.350475,16,1425.775825
1.665796,26,1426.48137
-0.347602,19,1426.985671
0.367396,22,1427.587665
-1.04872,17,1428.038832
-1.911684,14,1428.430567
-0.537699,18,1428.931465
-1.338553,16,1429.363979
-1.349391,15,1429.774847
0.494134,21,1430.438812
-0.708563,17,1430.929618
0.312802,22,1431.653252
0.532293,23,1432.2844
1.565846,28,1433.048967
1.362151,26,1433.757039
-1.257049,16,1434.191828
-0.659212,18,1434.67167
0.650194,22,1435.274575
2.094177,30,1436.107066
-0.184232,19,1436.62435
0.186599,21,1437.202234
-0.243407,19,1437.707336
-0.136859,20,1438.244095
-1.675477,15,1438.650955
0.014401,21,1439.285212
0.131595,21,1439.902442
-0.569871,18,1440.399807
-0.363008,19,1441.005539
2.53778,32,1441.911891
-0.923465,17,1442.377769
1.28123,25,1443.061215
-0.104804,20,1443.607669
-0.110594,20,1444.162373
0.431451,22,1444.73911
0.211497,21,1445.300634
-1.162217,16,1445.723225
-0.215014,19,1446.224819
0.813853,23,1446.835143
-0.2886,19,1447.340222
-0.161015,20,1447.88619
1.605834,29,1448.775076
-0.382541,19,1449.300829
0.491594,21,1449.861521
0.590808,23,1450.487611
-0.981926,17,1450.960045
0.122662,20,1451.60524
0.885202,24,1452.271742
-0.961873,17,1452.728764
-1.553074,15,1453.146119
-0.386235,19,1453.66151
-1.595763,15,1454.069505
-1.596288,15,1454.470564
-1.632728,15,1454.877555
1.014614,26,1455.567331
-0.313345,19,1456.100532
0.132686,21,1456.660164
1.061205,26,1457.356689
-0.284937,19,1457.985721
0.734433,23,1458.633636
0.702563,24,1459.305104
-1.013388,17,1459.755693
0.75978,23,1460.389179
0.17369,21,1460.982748
-0.450574,18,1461.517412
-0.800023,17,1461.968872
2.08121,28,1462.742713
-1.56522,15,1463.157824
0.337263,22,1463.747283
-0.131738,20,1464.300919
-0.443698,19,1474.182424
0.37858,23,1474.762467
0.046935,21,1475.377008
0.790228,24,1476.045384
0.668486,23,1476.682597
1.030528,24,1477.389251
-0.115628,20,1478.018907
-0.217863,20,1478.564451
0.297557,22,1479.167795
-1.359959,16,1479.609703
0.187356,21,1480.183847
0.639144,23,1480.880075
-0.06127,20,1481.447778
-1.496393,15,1481.865018
-0.267556,19,1482.364542
-0.403837,19,1482.89458
-0.129052,20,1483.440474
1.680815,27,1484.175213
2.574055,32,1485.162252
-0.355579,19,1485.68374
1.576455,27,1486.407807
-1.92042,14,1486.79932
-0.440305,19,1487.289757
1.649514,27,1488.016462
-0.316873,19,1488.530305
-1.351515,16,1488.976301
0.41315,23,1489.581395
-0.310326,19,1490.094295
1.351898,27,1490.947346
-1.614422,15,1491.344787
-0.614684,18,1491.825984
0.652585,23,1492.472166
0.055538,21,1493.030548
-0.248857,19,1493.566279
-0.174448,20,1494.241269
-0.820141,17,1494.711643
-0.887949,17,1495.178691
-0.194173,19,1495.708842
0.386616,22,1496.302747
-0.422877,19,1496.815856
-1.214793,16,1497.250003
-0.136929,20,1497.793688
-0.526143,18,1498.282977
0.505862,23,1498.899912
1.299597,26,1499.614975
-0.673612,18,1500.147983
0.315824,22,1500.815137
0.394035,22,1501.405865
0.629236,24,1502.027431
1.425447,27,1502.779942
-1.274394,16,1503.257589
-0.441731,19,1503.791151
-0.727275,17,1504.22997
-0.292402,19,1504.731574
0.716995,23,1505.334847
0.568771,22,1505.904928
-0.165212,20,1506.435993
-1.534893,15,1506.847537
0.947321,24,1507.50366
-0.865279,17,1507.965077
-0.951463,17,1508.441166
-0.057107,20,1508.97293
0.368935,22,1509.559013
0.764359,25,1510.322712
-0.937914,17,1510.808947
1.994848,29,1511.574761
-1.921779,14,1512.052382
-0.050213,20,1512.638463
1.600417,27,1513.37147
-0.632291,18,1513.849343
-0.711086,18,1514.337405
-1.438349,15,1514.737953
0.671619,23,1515.366704
1.018211,25,1516.028854
-1.25558,16,1516.482731
-0.554585,18,1516.961311
-0.315899,19,1517.484074
0.211746,21,1518.045756
-1.039809,17,1518.526887
0.636538,23,1519.150692
0.013074,21,1519.72372
-1.513737,15,1520.200116
1.433492,26,1520.992054
1.418308,27,1521.838956
1.015018,26,1522.552023
-1.255167,16,1523.020951
-1.563823,15,1523.424059
-0.574248,18,1523.915741
0.573564,23,1524.539965
0.166415,21,1525.115162
0.20446,22,1525.704159
-1.999326,14,1526.096355
-0.782789,18,1526.586326
-0.035052,20,1527.124588
-0.195182,20,1527.660357
1.144952,27,1528.390326
1.281791,27,1529.126993
0.541534,23,1529.752218
-0.963654,17,1530.28605
0.403521,22,1540.374802
-0.631144,18,1540.840133
0.649814,24,1541.449989
-0.4026,19,1541.932911
-0.678433,18,1542.396443
1.422623,27,1543.111771
-0.391784,19,1543.633191
-0.645784,18,1544.125064
0.233532,22,1544.715505
-0.354138,19,1545.236516
-0.450257,19,1545.743607
-1.992188,14,1546.12428
-0.836561,17,1546.586009
-1.939994,14,1546.977128
-0.101903,20,1547.512997
-1.035665,16,1548.090196
0.058463,21,1548.71577
-0.975485,17,1549.185339
-0.714718,18,1549.696236
0.51691,23,1550.417808
1.083197,25,1551.088924
-0.847187,17,1551.555447
0.225827,21,1552.131207
-1.621831,15,1552.546761
-0.068775,20,1553.10412
-1.597538,15,1553.513704
0.747273,25,1554.191797
-0.527014,18,1554.681995
2.106478,30,1555.498871
0.812319,25,1556.18338
0.393413,21,1556.754301
1.635617,28,1557.664837
0.236432,21,1558.238828
-0.599439,18,1558.705119
-0.454248,18,1559.1895
1.632115,28,1560.048757
0.170194,22,1560.690984
-0.735987,18,1561.176365
0.073402,21,1561.758508
-0.302822,19,1562.26448
-0.391143,19,1562.787729
-0.459887,19,1563.29498
-0.414835,19,1563.796895
-0.654185,18,1564.248136
-0.421431,19,1564.768089
0.066837,20,1565.311816
0.980785,26,1566.023322
-0.236771,20,1566.683114
0.611143,24,1567.347035
-1.341439,16,1567.79683
0.265221,22,1568.421953
1.271384,27,1569.188022
-1.235336,16,1569.604974
0.438504,22,1570.274638
-0.593259,18,1570.770274
-0.672552,18,1571.241549
-0.079169,20,1571.783656
0.30092,22,1572.380951
-0.166418,19,1572.902416
0.443208,22,1573.490451
0.789415,24,1574.157673
-1.001011,17,1574.624468
1.17277,27,1575.415497
-0.093055,20,1576.014676
-1.285557,16,1576.439414
-0.05881,19,1576.977198
-1.958074,14,1577.349163
-1.665246,15,1577.764006
-0.455904,18,1578.241778
-0.864133,17,1578.691799
-0.454268,19,1579.204081
1.60823,31,1580.114324
-0.227227,20,1580.660926
0.934689,25,1581.332741
0.37293,22,1581.92379
1.969896,30,1582.778702
-0.178283,20,1583.32041
0.644807,22,1583.931692
0.518636,23,1584.667787
-0.962602,17,1585.178076
0.802803,24,1585.832143
-0.338802,19,1586.361632
1.241147,27,1587.100192
1.624302,28,1587.870733
0.428295,22,1588.477934
0.407734,23,1589.108802
0.795397,25,1589.88273
0.436591,22,1590.482325
-1.014798,17,1590.949183
0.377088,23,1591.562937
-1.702032,15,1591.945472
0.219152,22,1592.556818
-0.492622,18,1593.063939
-0.617857,18,1593.595613
-1.007281,17,1594.137051
0.552526,23,1594.760472
1.282156,26,1595.484752
1.037893,24,1596.122007
-0.9436,17,1596.572543
0.541929,22,1606.518085
2.389566,30,1607.279214
-1.408689,16,1607.705683
-0.072028,20,1608.220849
-0.685597,18,1608.699249
1.501047,29,1609.5484
-0.100984,20,1610.092635
1.654852,29,1610.884114
-0.607431,17,1611.339385
-0.170206,20,1611.994315
-1.196778,16,1612.44284
1.583436,29,1613.212556
-1.523618,15,1613.629806
-0.393306,19,1614.145917
0.636839,24,1614.810394
0.201292,21,1615.375366
-0.688024,18,1615.85566
-0.583833,18,1616.351424
1.316591,29,1617.123892
-0.087834,19,1617.646006
-0.031886,20,1618.183302
-0.381446,19,1618.697225
-0.176167,20,1619.335743
-0.856509,17,1619.798071
0.361854,22,1620.394578
-0.374061,19,1621.006161
-0.722153,18,1621.520707
-0.508273,18,1622.020598
-0.727939,18,1622.518845
2.370818,37,1623.528185
-2.004318,14,1623.921209
-0.059579,20,1624.470559
-1.164537,16,1624.904387
-0.881991,16,1625.329156
-1.970643,14,1625.72174
0.96165,25,1626.399068
-0.209762,20,1626.949407
-1.60734,15,1627.374035
-0.699115,18,1627.878758
2.280807,31,1628.81712
1.305203,27,1629.621498
-0.18377,20,1630.309382
-0.322615,19,1630.850151
0.166725,22,1631.45567
0.326575,22,1632.042481
-0.200146,20,1632.592742
-0.219316,20,1633.14162
0.733448,25,1633.817833
-0.801239,18,1634.336788
-1.283287,16,1634.786219
0.481736,23,1635.416576
1.503015,27,1636.156461
0.339248,22,1636.784463
-0.502562,19,1637.311278
0.304429,21,1637.895977
-0.141322,19,1638.450583
1.042277,25,1639.293743
1.348005,26,1640.055275
0.547082,23,1640.72186
2.010495,31,1641.599177
0.463032,21,1642.160983
-0.904584,17,1642.630529
-0.932438,17,1643.109753
0.584439,24,1643.769227
-1.133196,16,1644.208045
-0.126771,20,1644.757177
-0.58983,18,1645.252475
-0.122593,20,1645.810062
-0.492537,19,1646.342218
-0.500063,19,1646.868395
0.114591,21,1647.425528
0.017616,21,1648.044007
1.451586,27,1649.004983
-2.363193,13,1649.40218
-0.474052,18,1649.902069
-44.790972,176,1654.781924
-0.275756,19,1655.306429
-0.55003,19,1655.8347
-0.990634,17,1656.317222
0.024938,21,1656.894321
-0.128972,20,1657.581016
0.076263,21,1658.184678
1.2676,26,1658.977463
-0.988294,17,1659.472475
-0.111772,18,1659.977193
1.854039,29,1660.778195
-0.376976,19,1661.301779
2.661235,32,1662.173828
0.383155,22,1662.767202
-0.423455,19,1663.282438
-0.163836,19,1663.817118
-1.327123,16,1673.438696
-0.089059,20,1674.001333
0.061674,21,1674.626078
-1.343134,16,1675.128815
-1.251301,16,1675.605787
1.151678,27,1676.403133
-0.927009,17,1676.894446
-0.246807,19,1677.422413
0.181273,21,1678.030993
-0.347827,19,1678.662816
-1.566929,15,1679.109653
0.450819,22,1679.724432
-1.548883,15,1680.16119
-0.170207,20,1680.724676
-0.127405,20,1681.272771
0.45461,23,1681.900953
-1.316548,16,1682.359622
-1.232852,16,1682.821136
0.018473,21,1683.428676
0.725904,24,1684.146318
1.03476,24,1684.924742
2.504153,35,1685.899405
-0.459532,19,1686.438545
-0.446769,19,1686.983611
-1.907713,14,1687.384267
-0.325936,19,1687.91471
-1.294183,16,1688.455622
0.054098,21,1689.07812
-1.651999,15,1689.512884
-0.790173,17,1690.007873
0.000212,21,1690.615336
0.32723,23,1691.285626
1.01692,26,1692.033279
-0.419239,19,1692.604924
0.932431,25,1693.32246
1.009772,25,1694.138672
-1.003477,17,1694.632149
0.227593,22,1695.263474
0.052432,21,1695.855156
-0.311397,20,1696.431398
-0.314059,19,1696.955916
-1.225171,16,1697.428037
-0.325459,19,1697.981756
-0.873204,17,1698.543236
-0.031088,21,1699.181104
-0.450118,19,1699.713629
2.259254,32,1700.601429
-0.869746,17,1701.07417
-0.661559,18,1701.583822
-0.681338,18,1702.100137
0.523172,23,1702.83954
0.400282,21,1703.441693
-1.019457,17,1703.920097
-0.704383,18,1704.424154
-0.610795,18,1704.944664
-1.396243,16,1705.385729
-1.949218,14,1705.789247
-1.333551,16,1706.232268
1.374424,28,1707.04809
-0.365152,19,1707.567698
0.949706,25,1708.292043
-0.708022,18,1708.897284
-1.56805,15,1709.330237
1.976628,31,1710.196508
-0.626321,18,1710.714161
0.467696,23,1711.365911
0.198984,21,1712.081784
-0.477734,19,1712.624189
-0.08607,21,1713.219351
0.344169,22,1713.851493
0.415826,22,1714.481092
0.005104,21,1715.084941
-0.244901,19,1715.633272
0.277438,22,1716.258584
0.038921,21,1716.873404
1.398139,28,1717.6796
0.075818,21,1718.281654
1.215393,25,1719.101902
-1.010236,17,1719.590697
1.076663,28,1720.392319
1.77589,31,1721.334883
2.006017,31,1722.18608
-0.95739,17,1722.666589
0.910274,26,1723.367508
1.114343,27,1724.100657
-0.737457,18,1724.562286
-0.764239,18,1725.058175
-0.396368,19,1725.591433
1.096364,25,1726.288752
1.482714,29,1727.101287
0.128152,21,1727.664908
1.006311,27,1728.449468
-0.937111,17,1729.001664
0.773743,24,1729.72374
-0.786547,17,1730.190086
0.202635,21,1730.728775
0.209821,22,1731.291404
-1.379514,16,1731.705876
-0.138954,20,1732.207072
-1.278775,16,1742.022008
1.758319,30,1742.825983
0.151784,21,1743.388725
0.387115,23,1744.012197
-0.72892,18,1744.496815
-0.675017,18,1744.986589
0.868023,26,1745.699282
-0.041708,21,1746.255517
-0.363174,19,1746.787722
-1.354557,16,1747.320423
0.24752,22,1747.983297
0.783395,25,1748.734502
1.116134,26,1749.432806
0.69937,24,1750.090661
0.075533,21,1750.657398
-0.150624,20,1751.205571
3.032063,35,1752.141786
3.059155,37,1753.172025
0.364746,22,1753.779446
-0.024511,21,1754.34409
-0.226674,19,1754.867671
1.175614,26,1755.580555
-1.38275,16,1756.01812
-1.334388,16,1756.536967
-1.012386,17,1757.064886
0.456201,23,1757.687303
-1.322959,16,1758.204985
-1.07342,17,1758.673872
0.961243,26,1759.378194
-0.687868,18,1759.868624
-1.027425,17,1760.350112
1.037069,27,1761.077157
-0.702591,18,1761.565941
-0.636898,18,1762.057838
-0.965695,17,1762.54279
-0.438135,19,1763.051206
0.150343,21,1763.638304
1.550031,30,1764.462721
-1.611494,15,1764.874056
-0.351764,19,1765.38466
0.750094,25,1766.187197
-0.724241,18,1766.669795
-1.333225,16,1767.09734
0.347049,22,1767.771275
-1.101795,17,1768.252034
-0.429318,19,1768.786015
-0.949684,17,1769.244633
0.943968,26,1769.945469
-0.361629,19,1770.468501
1.108954,26,1771.175039
-0.752013,18,1771.655042
-0.67979,18,1772.152414
2.083853,32,1773.017352
0.319647,22,1773.613954
-0.5097,19,1774.127613
-1.215087,16,1774.585444
-0.655188,18,1775.170529
1.431691,27,1775.927629
0.928822,25,1776.614246
0.350753,23,1777.273883
-0.420884,19,1777.839937
-0.778356,18,1778.333421
0.472004,23,1778.951526
2.034892,30,1779.758063
-2.015307,14,1780.128402
-0.437327,19,1780.641053
1.332721,27,1781.383753
-0.096367,20,1781.93176
-2.006068,14,1782.32404
-1.005608,17,1782.796028
-0.628993,18,1783.285053
-0.069135,21,1783.850196
1.334042,28,1784.699198
-0.769058,18,1785.18585
-0.092316,21,1785.760705
0.331903,22,1786.357335
1.909542,32,1787.320187
-0.32974,19,1787.851466
-0.952768,17,1788.317307
-0.87777,17,1788.790055
-1.3225,16,1789.238471
0.592927,23,1789.862736
-0.142424,20,1790.404338
-0.101419,21,1790.967836
-0.539279,19,1791.474411
0.382693,23,1792.092206
-0.379858,19,1792.610623
0.47275,23,1793.234192
1.047217,25,1794.047306
0.010109,21,1794.618241
0.492467,23,1795.24021
-0.15471,20,1795.754394
2.748382,34,1796.607039
-1.954752,14,1797.061816
1.259264,28,1797.76464
0.876398,27,1798.436332
-0.447374,19,1808.30492
-0.266378,20,1808.846402
0.742223,25,1809.50846
0.410091,23,1810.143002
-0.103751,20,1810.682641
0.679035,24,1811.444582
-0.130373,20,1812.010205
1.1179,26,1812.737414
-1.016231,17,1813.184875
-0.666275,18,1813.67128
0.345888,22,1814.259994
0.072001,21,1814.831127
0.277435,22,1815.454687
0.047194,21,1816.014637
-0.775371,18,1816.572182
4.045637,47,1817.835955
0.832397,26,1818.538841
1.045852,26,1819.233809
0.168163,22,1819.829829
0.164192,22,1820.476003
-0.978349,17,1821.00499
-0.473748,19,1821.540795
2.055108,31,1822.402247
-0.973914,17,1822.898773
-0.770176,18,1823.391811
0.140033,22,1823.976736
-1.362121,16,1824.425072
-1.00239,17,1824.891329
-0.343072,19,1825.41492
-0.287781,20,1825.969657
1.630302,31,1826.921062
-0.166582,20,1827.471704
0.752851,25,1828.147149
-1.043895,17,1828.585185
1.111665,26,1829.307997
1.436023,30,1830.239242
-0.686233,18,1830.748718
-0.19439,20,1831.291891
0.700813,25,1831.983939
-0.880454,17,1832.44621
0.489605,23,1833.063394
-1.334435,16,1833.500421
-1.617017,15,1833.910338
0.16345,22,1834.510324
1.903886,31,1835.340737
-0.343976,19,1835.846497
2.17734,32,1836.785171
1.434388,27,1837.500221
-1.361551,16,1837.924785
0.542633,23,1838.646065
-0.677822,18,1839.136018
-1.410016,16,1839.554119
0.75031,26,1840.248279
-0.239411,20,1840.786338
1.57099,30,1841.60247
0.022478,21,1842.167081
-1.269199,16,1842.597464
0.482149,24,1843.249773
-1.347052,16,1843.6905
0.78415,24,1844.336864
-0.569913,18,1844.817306
-1.306001,16,1845.266243
0.626872,24,1845.990318
0.253469,23,1846.655289
0.258706,22,1847.253234
-1.519865,15,1847.708259
-0.626027,18,1848.250852
-0.014934,21,1848.832566
-0.781213,18,1849.305461
2.063201,31,1850.139865
-0.193053,20,1850.670947
-0.714644,18,1851.144572
-1.38002,16,1851.588225
0.952638,25,1852.277176
-0.98424,17,1852.749829
-0.450473,19,1853.277237
-1.340136,16,1853.709242
0.856077,25,1854.398802
1.131016,27,1855.144573
2.815983,38,1856.249071
-1.22739,16,1856.704475
-0.216639,20,1857.363921
-0.624483,18,1857.881984
-0.242527,20,1858.430283
-2.030704,14,1858.789115
2.176497,33,1859.670315
0.780557,25,1860.339789
-0.768527,18,1860.824247
-1.719932,15,1861.243107
2.275779,32,1862.033696
-0.196131,20,1862.547815
-1.310733,16,1862.94039
-1.699406,15,1863.335016
-0.72719,18,1863.79002
0.189889,21,1864.34137
-0.461908,19,1874.328467
0.152735,22,1875.063048
-0.667868,18,1875.682167
0.196822,22,1876.264608
-0.763097,18,1876.734411
0.436697,23,1877.372248
0.156752,22,1877.973698
-1.635965,15,1878.394925
0.001942,21,1879.00034
-0.179839,20,1879.556588
-0.689724,17,1880.037151
0.249414,22,1880.620528
0.581921,23,1881.257384
0.188525,22,1881.854978
1.036504,28,1882.608392
-0.421375,19,1883.132596
1.222987,28,1883.931762
-0.007312,21,1884.591383
0.394246,23,1885.216913
-1.295284,16,1885.744444
0.766641,25,1886.451885
0.215383,22,1887.039787
-1.28295,16,1887.480577
0.479238,24,1888.104317
0.876729,26,1888.785596
-1.002383,17,1889.219715
1.531663,31,1890.015153
-1.758329,15,1890.390553
-0.660552,18,1890.862559
-0.044496,21,1891.396502
-1.330628,16,1891.810711
2.753185,38,1892.781424
0.287836,22,1893.477705
1.070418,27,1894.170316
-1.657732,15,1894.552634
-0.740732,18,1895.011687
-0.679009,18,1895.483135
-0.738279,18,1896.034674
-0.9954,17,1896.491887
-0.05689,20,1897.00349
-1.6172,15,1897.401579
3.360349,40,1898.441835
-1.268429,16,1898.852784
0.167991,22,1899.427155
-0.208765,20,1899.954578
0.982754,28,1900.690102
-0.033447,21,1901.221853
1.14132,27,1902.03057
-1.247578,16,1902.489749
-1.036688,17,1902.939131
-0.789033,18,1903.402273
-0.920796,17,1903.83953
-1.642414,15,1904.232059
-0.988838,17,1904.680894
0.518339,24,1905.295323
-1.653382,15,1905.740616
0.161124,22,1906.332899
0.223969,22,1906.900181
1.113753,27,1907.596456
-0.281865,20,1908.114334
0.800612,24,1908.74622
-0.994128,17,1909.198356
0.642048,24,1909.811936
0.425602,23,1910.41651
0.043599,21,1911.044843
0.662343,25,1911.767849
-0.414344,19,1912.266587
0.521229,23,1912.875352
-1.603578,15,1913.288395
-0.44672,19,1913.796133
1.175474,26,1914.496559
-0.749383,18,1914.972901
-0.198394,20,1915.503292
0.133983,21,1916.164548
-0.24742,20,1916.712021
0.980202,26,1917.402785
-0.136279,20,1917.939579
0.911426,27,1918.667717
0.898868,26,1919.33248
1.420862,28,1920.215614
-0.460104,19,1920.745727
0.470335,23,1921.363581
-0.144959,20,1921.891769
0.198879,22,1922.471199
-1.71471,15,1922.863002
2.750851,36,1923.809308
-0.055769,20,1924.342188
1.158451,28,1925.057446
-0.751893,18,1925.542912
0.329845,23,1926.235324
1.477296,28,1926.974577
0.526608,24,1927.629068
-0.488377,19,1928.130037
-0.990406,17,1928.597561
-0.247278,20,1929.195511
0.945047,25,1939.138429
0.235224,22,1939.714825
-0.953123,17,1940.182521
-1.320089,16,1940.631263
0.870938,26,1941.336839
0.334763,23,1941.94602
0.147406,22,1942.556438
0.828155,25,1943.23551
0.032177,21,1943.798106
1.561454,31,1944.638307
-1.345736,16,1945.129486
0.15009,22,1945.749666
0.000763,21,1946.31816
-0.221818,20,1946.982236
-0.072864,20,1947.546249
-0.746715,18,1948.045327
-1.334575,16,1948.494049
-1.341381,16,1948.918073
1.236681,28,1949.677822
-0.049953,21,1950.249284
-0.478367,19,1950.761082
-0.632731,18,1951.262358
-0.185286,20,1951.804605
-0.686123,18,1952.293794
-2.025985,14,1952.671693
0.859631,25,1953.326224
-1.401322,16,1953.759636
0.465868,22,1954.347382
-0.436865,19,1954.937325
-1.341931,16,1955.381701
-1.27414,16,1955.838127
-0.448967,19,1956.489749
1.094936,28,1957.26257
0.206457,22,1957.870196
0.610774,25,1958.542133
-1.340145,16,1958.972489
1.845488,32,1959.774468
0.204691,22,1960.365452
0.694649,25,1961.028727
-0.147723,20,1961.575026
-0.288849,20,1962.12752
-0.977158,17,1962.578547
1.066611,28,1963.307469
0.73735,25,1963.981077
0.374265,23,1964.698358
0.628526,25,1965.500511
-1.329317,16,1965.949521
-1.637381,15,1966.351981
0.464033,23,1966.965769
-0.709532,18,1967.444759
2.245837,33,1968.328163
-0.668939,18,1968.80739
-0.370946,19,1969.33752
-0.716075,18,1969.809524
-1.358183,16,1970.248916
-1.055154,17,1970.709578
0.589224,25,1971.380813
1.54053,30,1972.18041
0.813619,25,1972.843862
-0.773011,18,1973.325048
2.226173,32,1974.274972
0.57291,24,1975.026682
-0.399539,19,1975.534482
1.078135,26,1976.225824
-0.185222,20,1976.74808
-0.675923,18,1977.236241
-0.725129,18,1977.730803
0.536326,24,1978.379388
-1.374543,16,1978.81242
-0.447507,19,1979.326616
0.264495,22,1979.930298
-0.981011,17,1980.389246
-0.788652,18,1980.883786
0.797295,25,1981.554892
1.002561,28,1982.308022
0.493659,24,1982.964241
0.747388,25,1983.749666
0.198896,22,1984.421624
-0.733042,18,1984.917415
-0.258868,20,1985.473117
1.116341,27,1986.210624
0.183308,22,1986.790635
0.041335,21,1987.355633
0.656165,24,1988.001677
0.673486,25,1988.671279
2.272381,36,1989.639242
0.169708,21,1990.196764
-0.289847,20,1990.736919
0.640738,25,1991.41752
0.785248,25,1992.09237
-0.699601,18,1992.591527
1.604874,30,1993.628963
0.34063,23,1994.280741
-1.304538,16,1994.721588
-0.375497,19,1995.236506
0.908108,27,2005.343231
-1.408814,16,2005.761746
0.549488,24,2006.396187
0.842694,27,2007.146612
2.984848,38,2008.190348
-0.758116,18,2008.711455
-0.704395,18,2009.202269
1.402443,30,2010.027703
-0.227762,20,2010.630102
1.103803,28,2011.452271
-0.68287,18,2011.94923
1.027536,28,2012.726525
-0.423451,19,2013.307207
-2.044231,14,2013.686404
-1.362974,16,2014.103121
5.349186,107,2016.855838
0.584942,24,2017.50843
0.319712,23,2018.128803
-0.526092,19,2018.626217
1.105503,28,2019.381921
1.252717,29,2020.283094
0.695462,25,2020.968392
-0.23232,20,2021.496744
-0.778414,18,2021.972139
-0.502965,19,2022.530933
-0.209272,20,2023.166956
-0.488616,19,2023.643244
-1.371529,16,2024.06809
-1.759717,15,2024.457843
-0.430505,19,2024.979248
-0.222522,20,2025.508947
-2.041579,14,2025.895057
-0.716052,18,2026.370331
1.098771,29,2027.130262
-2.067943,14,2027.495947
1.579224,30,2028.263416
-0.789091,18,2028.729718
-1.40324,16,2029.288143
-0.5,19,2029.836202
1.774392,35,2030.756291
-0.554194,19,2031.260074
1.002027,29,2032.035002
1.383618,30,2032.923764
-2.040147,14,2033.322814
-1.016541,17,2033.778025
-1.637744,15,2034.171283
-0.046379,21,2034.718672
-0.488323,19,2035.21182
2.494633,35,2036.142677
1.832985,32,2036.994183
-0.234115,20,2037.522543
-1.378922,16,2038.0075
-0.221208,20,2038.630051
-0.419522,19,2039.142129
-0.270917,20,2039.675587
-0.435755,19,2040.189208
1.985706,44,2041.370513
0.151498,22,2041.956317
-0.986763,17,2042.419613
0.472769,23,2043.146216
-0.985351,17,2043.619334
-0.293888,20,2044.184515
0.197075,22,2044.777554
2.39223,37,2045.804027
0.302965,23,2046.435252
-1.651449,15,2046.841181
2.331192,36,2047.986129
0.626391,25,2048.673277
0.497882,23,2049.317086
-0.213766,20,2049.851698
0.098977,22,2050.451385
-1.036364,17,2050.904398
-0.971568,17,2051.355959
0.353453,23,2051.981947
0.119777,22,2052.606071
-0.184491,20,2053.224952
2.384775,38,2054.263433
2.710039,47,2055.54148
-0.053709,21,2056.115976
1.977879,36,2057.201291
-1.288096,16,2057.646616
-0.763793,18,2058.130426
1.5293,33,2059.022783
0.356279,23,2059.62877
1.342382,29,2060.397799
-1.690694,15,2060.793106
-0.993959,17,2061.260724
