#{"t_start": 1773420092.9630313, "env_id": "continuous-highway-v0"}
r,l,t
-0.355157,14,5.923548
-0.612541,11,6.276471
-0.176499,13,6.738362
0.544063,14,7.177829
-1.074232,13,7.575136
-1.522437,10,7.894154
-1.494465,11,8.221967
-1.938712,10,8.524497
-0.153503,14,8.953496
-1.402098,11,9.299026
-1.67464,11,9.619046
-0.339866,13,10.022013
-2.13183,10,10.337406
-0.368112,13,10.729695
0.12369,13,11.125642
0.448074,15,11.567506
-0.730762,12,11.931732
-1.062873,12,12.276701
-1.207097,11,12.600326
-0.070296,14,13.00999
-0.09393,12,13.36924
-1.747847,11,13.823028
-0.784537,13,14.251258
-1.037482,11,14.602872
-0.61973,13,14.985564
-0.869209,12,15.361581
-0.52302,12,15.714855
-1.042811,11,16.034837
-0.357947,13,16.494652
-1.338173,10,16.780221
-0.028353,12,17.11501
-1.631329,11,17.417883
-2.431758,9,17.665672
-0.735577,12,17.983737
-0.56275,13,18.34001
-1.625085,11,18.642207
0.065462,13,19.006611
-0.972778,11,19.334117
-1.841827,10,19.600745
-0.067085,12,19.919827
-2.32831,10,20.166359
-0.243274,13,20.520808
-0.327292,13,20.87573
0.454595,13,21.231791
-0.323203,13,21.58666
-0.778824,13,21.943235
-0.223086,14,22.347791
-1.255097,12,22.768036
-1.505871,11,23.094792
-1.475011,10,23.366709
-0.874397,12,23.685653
-1.680114,11,23.988241
-1.947698,10,24.276924
-1.628931,10,24.547571
-2.237341,10,24.818775
-0.169096,12,25.172849
-0.502862,12,25.521854
0.010642,15,26.013122
-0.358565,12,26.390172
-0.098227,13,26.768977
-2.581721,9,27.037765
-2.534811,10,27.330842
-0.715814,12,27.688151
-0.685062,12,28.041456
-0.639614,12,28.393109
-0.262976,13,28.781416
-0.17448,14,29.204554
-0.050691,13,29.587031
-1.694752,10,29.879923
-0.929246,13,30.24682
-0.755874,13,30.633273
-1.831074,11,30.979491
-1.144188,12,31.350447
-1.858364,11,31.7463
-0.346923,13,32.146714
-1.153305,11,32.473266
-1.100117,12,32.814137
0.275064,14,33.223102
0.468342,14,33.633324
-0.169047,13,34.008579
-1.615115,11,34.34185
-0.360922,12,34.700108
-1.822483,10,35.001164
-1.86281,10,35.292744
-1.31913,12,35.697263
-0.450812,12,36.093924
-1.614126,11,36.41451
-0.65921,13,36.801934
-0.833276,12,37.144965
-1.236626,11,37.470287
-1.004432,11,37.804786
-0.143263,14,38.230476
-1.418138,12,38.582612
-0.762494,14,38.983087
-0.883545,12,39.335389
-0.486568,12,39.688963
0.15668,14,40.082781
-0.943398,11,40.406519
-0.314711,12,40.874511
-0.480878,13,41.287008
-1.144163,12,41.634849
-0.58195,13,42.002868
-0.81604,12,42.351308
-0.952035,12,42.711266
0.457194,13,43.095641
0.316005,14,43.514038
-1.752918,10,43.792556
0.010905,13,44.160081
-1.41274,11,44.455833
-1.463662,11,44.761305
-1.445903,11,45.07651
-1.859733,11,45.445729
-0.528294,12,45.841319
-0.505105,14,46.28746
-1.326459,11,46.61574
-0.700981,13,46.994686
-1.484159,11,47.32395
-1.269136,12,47.680574
0.123871,13,48.069755
-1.522029,11,48.394918
-1.708642,13,48.76596
-1.979074,10,49.057664
-0.192111,12,49.400305
-0.22405,14,49.835017
-0.388086,13,50.302216
-0.761962,12,50.664405
-1.622808,10,50.948371
-0.581731,12,51.31084
-1.615888,11,51.626617
0.239635,13,52.018544
-1.287262,12,52.370017
-1.388431,11,52.703201
-1.09791,11,53.021119
-0.280356,13,53.414905
-0.077285,12,53.786689
-1.201142,11,54.125692
-0.755685,12,54.484414
-1.701766,11,54.810717
-2.117982,10,55.137218
-1.451311,11,55.512491
-1.555659,11,55.841262
-1.467551,12,56.183287
-0.669184,12,56.535819
-0.497057,12,56.887428
0.04698,14,57.296496
-0.901525,12,57.647526
-1.774818,10,57.93293
-0.635669,11,58.255071
-1.674323,11,58.57322
-0.89498,12,58.95851
-0.089497,13,59.441411
-1.28865,11,59.775751
-0.522854,12,60.115945
0.25344,13,60.50684
-2.118449,10,60.822144
-1.986501,11,61.157934
-1.625901,11,61.476194
-0.70823,11,61.805386
-2.765546,9,62.071409
-1.186023,12,62.46079
-0.809723,12,62.809169
-1.035905,12,63.18394
-1.915283,10,63.483698
-0.259342,13,63.889757
-0.118253,13,64.279201
-1.15243,11,64.617838
-1.845227,10,64.940081
-0.255851,12,65.364738
-0.589776,12,65.748405
-0.324856,12,66.114276
-2.078739,10,66.4253
0.136948,15,66.87885
-0.232453,12,76.019908
-0.655675,13,76.39932
-1.087609,12,76.804426
-0.624076,12,77.227429
-0.584667,15,77.702403
-0.3439,14,78.122754
-0.934913,11,78.451439
-1.288293,11,78.786257
-0.923447,11,79.118052
0.166857,14,79.540483
-1.669832,11,79.873018
-0.640658,11,80.200705
-1.065606,12,80.561147
-0.182208,13,80.967513
-0.101497,13,81.361648
-0.996157,12,81.730963
0.29594,13,82.104258
-1.726283,11,82.399856
-1.261083,11,82.693252
-1.940797,10,82.981655
-1.126648,11,83.308946
-1.521445,11,83.629603
-1.042398,11,83.934055
-1.952,10,84.203457
-1.549645,10,84.460639
-0.98834,11,84.871992
-0.719096,11,85.198919
-1.266027,11,85.50101
-0.855175,12,85.918459
0.293973,13,86.282461
-1.968514,10,86.553595
-2.489621,9,86.805291
-2.506005,10,87.070062
-1.225962,11,87.373387
-0.889985,12,87.704482
0.318351,13,88.043742
-0.953717,12,88.379796
-1.60995,11,88.682702
-1.062445,11,88.98478
-0.732096,13,89.349653
-0.665711,12,89.67498
-0.782649,12,90.00985
-0.868422,11,90.314567
-1.328456,11,90.630444
-2.184776,11,90.938615
-0.913835,12,91.290679
-0.849381,13,91.666692
-1.390045,12,92.009803
-1.842232,11,92.329716
-0.290776,12,92.690808
0.683919,14,93.108616
-2.275431,10,93.410069
-0.48717,14,93.806155
0.290664,14,94.205521
-0.810975,13,94.680256
-1.652506,10,95.049509
-1.527159,11,95.384761
-0.798934,11,95.692377
-0.437104,12,96.037886
-2.031801,11,96.345856
0.215269,13,96.723043
-1.60799,11,97.019074
-2.207537,10,97.32176
-0.452166,13,97.690729
-1.137695,11,98.018603
-1.28941,12,98.361563
0.173081,14,98.772938
-0.942539,13,99.150738
-0.214807,14,99.55337
-0.223964,14,99.962972
-0.630348,11,100.263448
-0.286995,12,100.607566
-1.793022,11,100.936872
-0.315156,12,101.291681
0.67691,16,101.75424
-1.380394,11,102.090515
-0.289874,12,102.431438
0.549193,15,102.867899
-0.373092,13,103.259003
0.659446,17,103.853117
0.436615,14,104.340559
-1.965653,10,104.63109
-1.846357,10,104.91467
-0.812062,11,105.215243
-0.264069,12,105.56165
-0.554625,12,105.903293
-0.952956,11,106.209922
-0.704371,12,106.553153
-0.62715,11,106.87353
-0.588495,12,107.210909
-1.405151,10,107.506243
-1.18657,12,107.85285
-0.341784,12,108.206952
0.027001,13,108.574312
-0.302614,12,108.917606
-0.8616,12,109.254941
-1.440822,11,109.569723
-0.122146,14,109.981992
-1.45501,11,110.282595
-0.377015,13,110.664588
-0.554319,12,111.000934
0.237862,15,111.460395
0.351082,13,111.835336
-2.114121,10,112.120476
-2.168291,10,112.398621
-0.879072,13,112.802989
-0.073379,13,113.254764
-0.526043,14,113.696501
-1.282684,12,114.095222
0.066262,14,114.488971
-0.523389,13,114.855398
0.15541,13,115.214432
-0.427128,13,115.577911
-1.038256,13,115.952908
-0.587268,13,116.325259
-0.468515,12,116.668107
-0.281356,13,117.040302
-0.266816,13,117.391408
-1.771547,11,117.700594
-1.358131,11,118.022843
-2.028342,10,118.311024
-1.061055,11,118.621829
-0.821406,13,118.990284
-1.066753,12,119.346421
-1.168687,12,119.680024
-1.413399,11,120.00219
0.322706,13,120.372363
-1.742244,11,120.686878
-1.667501,11,120.982597
-0.563571,12,121.317883
-1.065457,12,121.662288
-2.36168,9,122.01581
-1.873268,10,122.342328
-2.253413,10,122.650748
-1.027245,12,123.019898
-0.287932,12,123.406333
-0.258069,14,123.859919
-1.119534,11,124.177087
-1.29534,12,124.523294
-0.266377,12,124.850332
-1.434329,11,125.148872
-1.400138,11,125.457389
-2.054138,11,125.78484
-0.639153,13,126.150827
-1.810974,11,126.475546
-0.32715,15,126.886892
-0.723588,12,127.247686
-1.033362,13,127.626065
-0.790622,12,127.966389
-0.514136,11,128.271855
0.348767,14,128.666239
-1.445927,11,128.9818
-0.007085,13,129.342111
-2.10591,10,129.618809
-0.622403,12,129.970369
-1.601659,12,130.304353
-0.696001,12,130.647067
-2.461949,10,131.019551
-1.37237,11,131.349229
0.028462,14,131.770061
-2.040284,11,132.077557
-0.800234,12,132.428542
-0.276088,13,132.800095
-1.769132,11,133.181268
-0.101688,14,133.601909
-1.710163,10,133.897676
-0.860052,12,134.238197
-1.279754,10,134.533459
-2.048318,10,134.806839
-0.160779,14,135.21594
-0.011947,14,135.612835
-1.002527,12,145.066487
-1.536643,12,145.448396
-0.974066,12,145.804231
-1.00714,12,146.136583
0.20476,14,146.534588
-0.882671,12,146.887868
-0.872141,12,147.238993
0.556412,14,147.653669
-0.420405,14,148.037359
-0.706873,11,148.341898
0.234298,14,148.791262
-0.566913,12,149.195491
-1.922111,11,149.517232
-0.301464,13,149.874054
-0.947715,12,150.212234
-0.369447,13,150.557222
-1.435727,11,150.844552
-1.087097,11,151.155244
-1.96038,11,151.450109
-1.81935,11,151.744738
-0.65656,13,152.08882
-2.101127,10,152.362168
0.078138,13,152.712913
0.197083,13,153.155604
-1.949323,10,153.452887
-0.846216,13,153.816021
0.380019,13,154.174202
-1.875389,11,154.470454
-0.568351,13,154.822246
-1.021569,13,155.189233
-0.49454,13,155.547886
-0.725695,12,155.868597
-0.318059,14,156.246493
-0.523035,12,156.594298
-1.170437,12,156.937959
-1.610123,12,157.29614
-0.071282,14,157.802118
-0.853568,14,158.238174
-1.050242,11,158.571692
-0.40624,13,158.938153
-1.010982,12,159.284064
-1.839849,11,159.613495
-1.207552,12,159.95664
-1.749937,11,160.290299
-1.62755,11,160.607835
0.126245,13,160.970098
-0.243955,14,161.385934
-1.119354,12,161.745861
-0.429602,13,162.120641
-0.552762,13,162.500509
-2.327043,10,162.866477
-1.86696,12,163.225337
-0.54124,12,163.576288
-1.218152,12,163.921326
-2.169944,10,164.213634
0.167865,14,164.629061
-1.323771,11,164.943081
-1.152039,11,165.259418
-0.607285,13,165.610569
-1.521647,12,165.959692
-1.385604,11,166.2724
0.40397,13,166.699273
-0.082207,14,167.18034
0.423456,15,167.626292
-0.593831,12,167.946038
-1.401335,11,168.270724
-0.987184,12,168.617428
-0.163124,15,169.044067
-1.676075,11,169.35627
-0.712166,12,169.707038
-0.661292,13,170.076778
0.113174,14,170.473697
-0.412107,13,170.850818
-0.262666,15,171.291054
-0.408346,14,171.693348
-0.222181,14,172.100593
-0.83932,13,172.473524
-0.34063,12,172.891124
-2.16333,10,173.174695
-2.368621,10,173.444996
-0.675046,13,173.81809
-0.336825,15,174.235863
-1.497932,11,174.556589
-0.520101,13,174.917832
-1.980312,11,175.20876
-1.714298,10,175.483025
0.063076,14,176.005203
-2.017728,11,176.337558
-1.324344,11,176.650213
-0.505766,13,177.002615
-1.09964,12,177.338239
-1.857075,11,177.659412
-0.640999,13,178.009818
-0.938296,13,178.381685
-0.564327,13,178.751101
-0.464962,12,179.101392
-0.953133,12,179.454491
0.752295,17,179.935811
-0.94511,13,180.295969
-0.880086,12,180.63531
-1.578862,11,180.940606
-1.873439,11,181.25488
0.410037,13,181.618756
1.426346,17,182.115344
-0.412579,12,182.438239
-0.546638,13,182.885495
0.383053,14,183.299324
-1.163921,12,183.640628
-1.806658,10,183.923565
-1.890596,11,184.238823
-0.748532,12,184.606848
0.155764,14,185.102412
-1.187342,12,185.47338
-0.874189,12,185.80757
-0.933985,13,186.179713
-0.805039,12,186.535016
-0.54325,14,186.931381
-0.593022,12,187.26975
-0.664526,13,187.637094
0.592264,14,188.045801
-1.383777,12,188.3994
-1.059847,11,188.71693
-1.106774,13,189.107437
-1.005544,13,189.490124
-0.094731,13,189.868712
-0.987936,13,190.259372
-1.754419,10,190.562746
-0.913212,12,190.919819
0.150399,14,191.319454
-1.048516,13,191.694283
-1.344889,11,192.010537
-0.764732,12,192.385932
-1.377761,12,192.777461
-0.420473,12,193.129112
-1.103357,11,193.453776
-1.190418,12,193.832957
-0.07113,13,194.28433
0.456114,15,194.730802
-1.354892,11,195.047801
-1.013029,11,195.380294
-1.797279,11,195.704527
-1.768418,11,196.01972
0.322722,15,196.458058
-0.291131,13,196.830638
-0.04358,13,197.203448
-0.914019,12,197.538357
-0.995859,11,197.852315
-1.264706,11,198.173207
-1.449758,11,198.490645
-0.293853,13,198.877498
-1.105309,12,199.223598
-0.570172,13,199.599795
-0.194163,14,199.996772
-1.136562,11,200.310021
-0.440047,12,200.665789
-0.525048,13,201.039295
-0.66515,13,201.418485
-0.749694,12,201.758153
-1.311413,11,202.112959
-0.386126,12,202.494616
-1.359766,12,202.852121
-1.148353,11,203.274272
-1.663051,11,203.627782
-1.354697,11,203.945542
-0.465668,13,204.310845
-1.185622,12,204.656162
-0.019126,13,213.918477
-0.710619,13,214.293641
-2.047803,11,214.602192
-0.683961,14,215.008491
0.235683,14,215.413884
-0.71365,13,215.797058
-1.606287,11,216.105961
-0.186433,14,216.501404
-0.207485,12,216.861761
-0.255397,13,217.240319
-0.829576,12,217.589712
-0.706686,14,217.987972
-1.353705,12,218.329839
-1.395086,11,218.64398
-0.813568,12,218.974815
-1.700175,11,219.284178
-1.247442,12,219.634988
-0.045345,13,219.991588
-1.244625,13,220.369729
-0.305623,14,220.853341
0.524522,15,221.399973
-2.28775,10,221.729583
-0.549884,12,222.085859
-1.363664,12,222.423778
-0.87312,12,222.772566
-0.84953,12,223.128745
-0.351757,14,223.533353
-0.375579,14,223.915862
0.087061,15,224.335972
-2.029637,12,224.674375
-0.801734,13,225.052168
-1.437264,12,225.389453
-0.668023,13,225.757922
-1.07598,15,226.18372
-1.28152,12,226.516243
-1.150117,12,226.864036
-0.528877,13,227.241705
-1.722891,11,227.570853
-1.300235,12,227.93014
-1.352089,12,228.285231
0.080312,12,228.632844
-1.42886,11,228.963646
-0.38909,12,229.29305
-0.782667,12,229.6398
-0.68003,14,230.147004
-0.311064,13,230.555044
-0.0742,14,230.954983
0.496038,15,231.493809
-1.903839,11,231.819694
-1.262117,12,232.165312
0.269018,16,232.635216
-0.882416,12,232.99284
-1.766108,11,233.308784
-2.388891,10,233.598426
0.614198,16,234.055637
-1.12275,11,234.380222
-0.499703,13,234.755033
-1.44985,11,235.077705
-2.052222,10,235.370354
-0.880739,12,235.728495
0.194058,15,236.168624
-1.23405,12,236.510299
-0.132094,15,236.926389
-1.204713,12,237.276173
0.453378,14,237.691042
-1.557854,11,237.999049
-0.042724,13,238.377154
-1.834253,12,238.726346
-0.398181,14,239.189963
-1.538368,12,239.597257
0.15444,14,240.01325
-0.94565,13,240.395767
-0.028481,15,240.873888
-0.558944,13,241.30705
0.077559,14,241.71448
-2.072436,11,242.052729
0.743334,14,242.455095
-0.228808,13,242.821295
-1.014779,13,243.202047
-0.368135,12,243.548913
-1.028228,13,243.930374
-0.517438,13,244.319406
-0.046132,13,244.707998
-1.254504,12,245.072441
-1.22506,11,245.393181
0.543249,13,245.765936
-0.519536,13,246.147506
0.396294,16,246.612239
-1.685399,11,246.928445
0.185903,14,247.334306
0.441207,14,247.732356
-0.964473,14,248.171549
0.993283,16,248.707339
-2.012526,11,249.04042
-0.503031,13,249.398139
-0.261429,13,249.762599
-1.146735,11,250.084934
-1.217931,12,250.470197
-1.108779,11,250.848001
-0.171379,13,251.230615
-1.14671,13,251.605252
-1.31661,11,251.919312
-1.309679,12,252.260648
-0.943064,13,252.607991
0.116401,16,253.059371
-1.516022,11,253.357089
-0.421875,15,253.755754
-0.71333,12,254.082564
-0.372201,14,254.46436
-1.346656,13,254.807098
-0.440052,13,255.174659
-0.811217,11,255.471328
-0.941911,12,255.797776
-1.219767,12,256.118228
-0.4981,12,256.447625
-2.216722,10,256.726614
-1.06327,12,257.111629
-0.348634,14,257.595379
-0.171336,14,258.012255
-0.30783,15,258.460726
-0.699766,13,258.826461
-0.413074,13,259.198203
-0.789995,12,259.537879
-0.306508,14,259.926605
-0.623897,12,260.333732
-1.57436,12,260.68703
-1.130879,12,261.038505
-0.690785,12,261.389908
-1.268109,12,261.747574
-1.695663,11,262.074525
0.129964,14,262.488421
-0.942455,13,262.843204
-0.582178,14,263.238631
-1.357062,12,263.585683
-1.513689,12,263.907216
-0.596014,13,264.277649
0.023667,14,264.684259
0.404672,14,265.09091
-0.666982,12,265.448111
-1.475249,11,265.747527
-0.782184,13,266.13416
-0.544703,12,266.560163
-0.739408,13,266.959272
-0.148046,14,267.36572
-1.108739,12,267.708116
-1.410365,12,268.050769
-1.281214,13,268.424484
-1.187196,12,268.765417
-0.856046,13,269.125065
-0.588216,14,269.511735
0.562333,15,269.992711
-0.959972,12,270.387658
-0.013572,14,270.797187
0.242855,14,271.21222
0.321655,14,271.642968
-1.323707,11,271.9498
-0.487051,13,272.326797
-0.881961,13,272.698119
-0.354638,15,273.138649
-0.830554,13,273.516737
-1.340468,13,273.874946
-0.059245,14,283.130582
-0.905571,13,283.524316
-0.335706,15,284.024892
-0.899608,11,284.421039
0.370113,15,284.853673
-1.232752,11,285.171617
-0.791717,13,285.559561
-0.608312,13,285.932621
-0.473136,13,286.313591
-1.33745,13,286.701512
-2.066223,11,287.011268
-1.011473,13,287.385373
-0.944581,13,287.749588
-1.462039,12,288.098575
-1.353089,11,288.398867
0.213217,15,288.836262
-0.026784,16,289.318586
-0.261669,13,289.773235
-0.190694,15,290.219069
-0.359809,15,290.669975
0.000619,15,291.098324
-0.911342,14,291.500249
-0.901241,12,291.859147
-0.706801,14,292.271797
-0.83661,12,292.629773
-0.175048,14,293.087914
-1.851239,11,293.480669
0.00826,15,293.946522
-0.219605,14,294.356537
-1.710089,11,294.684401
-1.728557,11,295.019888
-0.77667,12,295.379476
-1.437844,12,295.734752
-0.044977,15,296.159822
-0.744544,13,296.545835
-0.938728,14,296.9438
0.088375,14,297.353847
-1.234651,13,297.741631
-0.782457,14,298.158987
-1.269175,12,298.534869
-0.853655,14,298.952749
-0.604352,13,299.416952
-1.337618,13,299.807029
-1.712741,12,300.153962
-0.638997,13,300.530264
1.085008,17,301.035975
-0.827481,15,301.452776
0.705082,16,301.909811
-0.720465,13,302.370703
-1.561181,11,302.756208
-2.179904,11,303.08366
-0.387637,14,303.498912
-0.410358,14,303.917072
-1.400513,12,304.269045
1.15234,18,304.783276
-0.907761,14,305.164663
-0.510455,12,305.504294
-0.166655,14,305.902361
0.560564,16,306.35815
-1.163861,12,306.682066
-0.307553,14,307.08042
-0.452087,13,307.44669
-0.866845,13,307.828452
0.385353,15,308.260667
-0.273572,15,308.714679
-1.189814,13,309.169667
-1.201003,12,309.528635
-1.234251,11,309.845383
0.468959,17,310.34271
0.108837,12,310.714037
-1.310148,13,311.098419
-0.435432,14,311.600961
-1.331071,12,311.972381
-0.37747,15,312.403327
-0.161163,13,312.786224
-1.155365,13,313.167757
-1.487499,11,313.490477
-2.006339,11,313.823124
-1.591901,11,314.155849
-1.59864,13,314.54974
-0.912782,13,314.929502
-1.903494,13,315.313329
0.247398,15,315.745951
-0.901271,13,316.124391
-0.862431,13,316.508454
-1.515772,12,316.850899
-0.676578,14,317.244231
0.057267,15,317.678355
-0.915865,13,318.036783
-1.645598,11,318.367364
0.144175,15,318.867854
-1.184119,12,319.21194
-1.72358,11,319.529978
-2.575961,10,319.820476
0.782796,18,320.337237
0.057048,15,320.877257
-0.893773,12,321.253168
-0.335545,13,321.628554
-0.001295,14,322.03414
-1.41565,12,322.383885
-1.595014,11,322.701463
-0.069032,14,323.100682
-1.107383,12,323.436435
-0.85245,13,323.807646
-0.884851,12,324.147517
-0.458703,12,324.481091
-0.744375,14,324.876803
0.01334,13,325.238079
-1.690923,12,325.586683
-0.429227,14,325.994767
-0.189691,13,326.368393
-0.380943,12,326.710054
-1.239046,13,327.082822
0.714859,16,327.540671
-0.366027,13,327.920821
-2.117705,11,328.342183
-0.173821,14,328.753629
0.174346,14,329.161546
-1.678503,12,329.515258
-1.002711,13,330.011877
-0.596059,14,330.463171
-0.189246,15,330.895305
-1.005429,12,331.246437
0.768177,15,331.676547
-0.554622,13,332.056892
-0.568864,14,332.452826
-0.225512,14,332.913922
-0.11603,14,333.316744
-0.250174,14,333.713535
-0.018208,14,334.114204
-0.270249,13,334.490872
-1.368115,12,334.928649
-0.461562,14,335.342527
-0.550801,15,335.758152
-0.760758,12,336.117815
-2.110387,11,336.432012
-0.329552,13,336.813354
-0.832738,13,337.187674
-0.039817,15,337.630614
-0.232388,14,338.143189
-1.173919,13,338.544313
-0.185519,13,338.946383
-0.186747,13,339.42768
-1.030931,12,339.791727
-0.8487,13,340.175444
-1.422414,12,340.536386
-1.239511,13,340.927545
-1.976315,11,341.234304
-0.715578,14,341.635133
-0.48701,13,342.011183
-0.114569,13,342.384387
-0.237288,13,342.767485
-1.892599,11,343.101688
0.223776,15,343.540103
-1.072501,13,343.911732
0.284563,16,353.193884
-1.823548,13,353.543911
-1.664938,12,353.870153
-1.023102,14,354.249122
0.906314,16,354.676194
0.041401,17,355.127511
0.69282,17,355.578476
-0.485208,14,355.934952
-1.848351,13,356.276808
-0.230727,13,356.767997
-1.075574,14,357.217278
-0.045837,15,357.748376
-2.112251,11,358.093081
-2.158713,11,358.42909
-1.116367,13,358.80172
-0.463391,14,359.207616
-1.870942,12,359.568317
-1.153515,13,359.935991
-0.969776,13,360.303208
0.358063,17,360.789832
0.723869,17,361.262405
0.08494,15,361.707464
0.384316,18,362.220057
-1.619487,13,362.583606
-1.159096,14,362.982689
-0.022077,15,363.419172
-0.377807,16,363.891163
-1.743964,11,364.208766
-1.310706,13,364.603283
-0.665147,13,364.979888
0.434996,15,365.413027
-0.828779,13,365.866078
-0.710727,13,366.267968
-0.595997,14,366.671081
-0.123841,15,367.17336
0.395962,14,367.593321
0.000273,16,368.053052
-1.437462,13,368.426306
-0.926087,14,368.816949
-0.413056,14,369.209663
-1.297561,11,369.530817
0.744335,17,370.024256
-0.19503,16,370.490645
0.153996,14,370.892416
-0.409539,15,371.319366
0.613812,16,371.779892
-0.604729,13,372.163946
-1.005761,12,372.497081
0.513325,15,372.938738
0.082115,14,373.358239
-0.921036,13,373.740111
-0.657947,15,374.164023
0.061787,14,374.575486
-2.204579,11,374.980711
-0.366506,14,375.425015
-0.520135,16,375.899606
-1.311801,12,376.260956
-0.104871,15,376.762113
-0.153738,15,377.224402
-1.171989,14,377.63025
-0.852132,13,378.015419
-1.587403,11,378.34071
0.224743,18,378.854149
0.17695,17,379.349829
-1.302509,12,379.71125
-2.337941,10,380.003639
-0.2569,15,380.441412
-1.239758,12,380.785136
-1.597559,13,381.163509
0.024096,15,381.583094
-2.756958,10,381.876018
-1.018921,13,382.245672
-1.703777,13,382.616297
1.066845,19,383.163904
-0.043467,17,383.660799
-0.033491,18,384.300057
-1.384841,13,384.745735
-1.645798,13,385.144696
-0.812925,13,385.519521
-0.273875,14,385.912072
0.26309,18,386.494504
-1.77925,10,386.812305
0.313755,15,387.239758
-0.293071,17,387.727561
-1.017636,14,388.128717
-1.274903,12,388.482643
0.741555,18,388.991884
-1.224641,12,389.326266
-0.725407,14,389.709925
-0.531898,13,390.066008
-0.878678,13,390.444354
-1.224615,12,390.801961
-1.180031,13,391.162351
0.384754,17,391.645549
-0.136728,16,392.090488
0.19173,17,392.584296
-1.193405,12,392.925744
-1.766164,12,393.368408
-0.305461,14,393.800653
-0.452785,15,394.258474
-0.311609,13,394.650022
-1.836303,11,394.968233
-0.951421,13,395.353375
0.445968,17,395.852656
0.319093,16,396.413599
-0.592799,13,396.792849
-1.643502,12,397.128405
-0.156596,15,397.564585
-1.06282,13,397.936101
-0.546518,14,398.348531
-1.794548,12,398.691994
-0.41893,13,399.061127
0.014809,16,399.540793
0.523003,15,399.980768
-1.032735,14,400.38291
-0.189537,15,400.816268
-0.621235,15,401.253231
-0.809622,13,401.63257
-0.791969,13,402.004125
-1.895829,13,402.428056
-0.564836,16,402.947443
0.23806,16,403.42326
-1.049182,13,403.802213
-0.612737,14,404.215478
0.624793,17,404.712228
-1.042851,14,405.115767
0.462399,15,405.565191
-2.086408,12,406.005203
0.158825,17,406.509424
0.048317,15,406.949718
-1.523745,12,407.295173
0.436581,18,407.823468
0.339095,16,408.295521
-0.653895,13,408.672459
-0.483505,14,409.073528
-1.117752,14,409.4684
-0.758757,13,409.845085
-0.491891,14,410.255814
-0.867223,14,410.667326
-2.334618,10,410.969438
0.359418,15,411.406314
-1.252642,13,411.892
-0.490571,13,412.298308
-1.173165,13,412.675886
-0.513929,13,413.05273
-0.568174,14,413.454965
0.913436,17,422.929559
-0.446312,17,423.410766
-0.220566,14,423.819226
-1.077712,13,424.205201
-1.085298,14,424.626092
-1.123095,13,425.034607
-0.390054,16,425.602828
-0.550614,13,426.047108
0.323451,17,426.543036
1.091586,16,427.014364
-0.850139,14,427.418762
0.334276,14,427.826551
-1.380039,13,428.214373
-0.402319,13,428.589626
-0.81975,16,429.063635
-0.907166,15,429.579816
0.650729,16,430.086655
-0.507843,15,430.523097
-0.608179,14,430.927946
-0.544949,15,431.363883
0.449114,16,431.827317
0.365323,16,432.308665
-0.468185,15,432.747273
-0.078286,16,433.224122
0.36418,17,433.720345
-1.819074,12,434.07447
0.193633,19,434.671952
-0.826175,14,435.111385
-1.348647,13,435.497283
-1.314576,12,435.834467
-0.108203,15,436.270108
-1.264098,13,436.63411
0.669777,17,437.115233
0.046762,17,437.609607
-0.250689,16,438.080336
-0.555556,15,438.505911
-1.83246,11,438.943233
-0.987696,14,439.368972
-1.657118,12,439.723415
0.157034,16,440.18366
1.409423,19,440.722139
1.433602,24,441.414461
0.417352,16,441.885208
-1.391131,13,442.256067
-1.151869,15,442.701835
-0.844981,13,443.071748
-0.411342,15,443.507529
-1.33652,13,443.88483
-0.481645,15,444.354467
0.814613,18,444.874148
-0.792638,15,445.273919
0.710641,17,445.751175
-0.39952,15,446.17335
0.749995,19,446.716821
0.036017,16,447.178322
0.207183,17,447.666491
-1.860932,12,448.091985
-0.381732,15,448.575093
-1.575256,13,448.954089
0.589847,19,449.508838
-0.139393,15,449.960569
-0.500383,14,450.362713
-1.630404,13,450.733706
-0.674785,14,451.130604
-1.19067,14,451.543607
-0.400328,14,451.964557
0.662911,16,452.409651
-0.380626,16,452.873815
-0.100795,16,453.331695
0.334421,18,453.845903
-0.897145,13,454.271378
-0.983652,14,454.721896
0.646433,16,455.180316
-0.773794,13,455.530905
-0.52463,15,455.934582
-0.969198,13,456.28566
-0.67151,16,456.722643
-0.204715,16,457.228685
0.904027,17,457.745148
-0.483419,15,458.145363
-0.303451,17,458.607268
-1.422295,13,458.95006
0.59818,17,459.410729
0.295304,14,459.805945
-0.355657,15,460.233515
-1.068954,13,460.610452
-0.791909,15,461.054406
0.258571,17,461.542193
-2.056635,12,461.900021
-0.630446,14,462.286788
0.864005,17,462.772434
-0.981945,15,463.191376
-0.861889,15,463.607003
-0.167429,15,464.124153
0.900499,19,464.67662
-0.530484,15,465.108797
-0.405817,15,465.536363
-0.297568,16,466.013242
-2.123798,11,466.433825
0.259009,18,466.978541
-0.810707,14,467.382317
-0.541492,15,467.81611
0.763921,18,468.340164
-0.656589,15,468.787343
-1.630881,13,469.144454
0.564881,18,469.663095
-0.924463,13,470.038708
-1.220014,13,470.422992
-0.100711,14,470.832542
0.939053,19,471.366234
-1.457635,12,471.727177
-0.544644,16,472.189213
0.585255,18,472.712238
-0.746982,14,473.127745
-1.974982,12,473.499988
0.616154,19,474.122221
-2.19,12,474.479192
-0.935434,14,474.904648
-0.958876,14,475.329011
0.403045,17,475.920487
1.061583,19,476.450226
0.108302,15,476.900386
0.032455,16,477.349568
-2.061257,12,477.700951
-0.827875,14,478.108712
0.009474,16,478.578977
1.168661,18,479.094934
-1.020878,14,479.501458
-0.96369,16,479.948886
0.60107,17,480.43002
-0.307873,16,480.897271
-1.499757,13,481.270296
0.390887,15,481.70835
-1.011916,13,482.074193
-1.168909,14,482.466333
-1.085495,13,491.978613
0.075435,18,492.500381
0.174693,17,493.124794
0.584166,18,493.698802
-0.014153,18,494.217261
-0.030405,16,494.683823
-1.259773,14,495.063288
-1.365876,12,495.403231
-0.741852,14,495.817089
0.440167,16,496.279703
0.206657,16,496.742568
0.62818,18,497.279042
-0.072697,18,497.79389
0.259773,17,498.274391
-0.93787,15,498.703663
-1.396325,13,499.082317
0.310702,16,499.542287
0.124772,17,500.022021
-0.452222,15,500.459872
-2.267299,11,500.789681
-1.074985,14,501.188299
-0.854297,14,501.576273
-0.269378,15,502.020554
1.10602,19,502.73175
-0.626914,13,503.146834
-0.513436,15,503.585981
-0.626727,14,503.987072
-0.08452,18,504.49526
-1.130348,13,504.860028
-0.278452,15,505.286633
0.816337,18,505.78511
-0.591791,14,506.194571
-0.700539,14,506.579193
-0.719362,14,506.971639
-1.811363,12,507.327246
1.115275,20,507.884115
-1.637836,12,508.227854
-0.144589,16,508.682874
-1.081631,15,509.112313
-0.938212,15,509.526205
-0.655287,16,509.989327
-0.453368,16,510.435486
-0.527452,17,510.917028
-0.311974,15,511.438799
0.148448,15,511.874479
-0.437142,16,512.374579
0.402479,19,513.012684
0.395577,17,513.535127
0.236598,17,514.02662
0.123869,16,514.457495
-2.109081,12,514.806077
-0.761622,16,515.262239
-1.259892,13,515.63136
-1.197864,14,516.029258
-1.252122,14,516.444844
-0.963726,14,516.86275
-1.436568,14,517.246678
-0.921522,13,517.607873
-1.962851,12,517.95165
0.167988,18,518.476314
-0.765494,14,518.875761
-1.220289,14,519.275322
-1.443427,13,519.65222
-0.040624,16,520.215197
-2.013105,12,520.567669
-1.447008,14,520.954464
0.241313,16,521.41824
-1.488085,14,521.822447
-1.203298,14,522.312674
-0.938667,14,522.719781
-1.701134,13,523.096051
0.085934,15,523.514016
0.481873,19,524.056357
-0.630721,16,524.524604
-0.635158,15,524.956114
-1.627593,13,525.327285
-1.726485,12,525.668134
-1.067683,14,526.040014
-0.509273,15,526.446148
0.147462,17,526.911138
0.400184,16,527.368698
-0.110843,15,527.776238
1.125638,23,528.39293
-1.054933,14,528.880852
0.113693,15,529.33485
-0.866721,14,529.709777
-1.418794,15,530.10109
-0.574745,15,530.520432
-0.882217,15,530.940332
0.715506,18,531.468162
-0.184898,15,531.960043
1.067236,21,532.54332
0.231936,15,532.940715
-1.830434,13,533.297333
-0.27169,15,533.717122
-0.678651,14,534.122394
-0.993495,14,534.515
-0.120338,17,534.979318
-0.102095,17,535.465433
-1.712807,13,535.837229
0.12963,16,536.291792
-1.190887,13,536.649238
-0.621227,14,537.034597
-0.797727,15,537.459123
-0.416332,16,538.030934
-1.025145,14,538.426724
-0.159893,15,538.847806
-1.253025,12,539.174362
-0.641622,15,539.601603
0.513359,20,540.142444
-0.503862,14,540.545484
-0.05271,17,541.011002
-0.558695,14,541.401122
-0.9308,13,541.835349
0.207561,16,542.294657
-0.354225,16,542.74
-1.277273,14,543.141189
-1.695672,13,543.509012
0.657714,18,544.012588
0.374565,18,544.555757
-1.46556,12,544.894495
-0.613352,15,545.306287
-1.114852,14,545.681566
-1.635271,13,546.046657
-1.306775,14,546.450519
-0.174406,16,547.024435
-0.22065,15,547.478183
0.463192,19,548.02182
-0.428599,16,548.474533
1.078818,20,549.044661
-0.91548,13,549.425329
-1.282871,13,549.797598
-0.346226,16,550.241987
-0.533168,14,550.654134
0.829912,18,551.161496
-0.445479,16,560.646075
-0.475158,16,561.153878
-0.651232,14,561.580071
-0.772278,15,562.00658
0.725817,18,562.527478
-0.558562,17,563.020105
-0.619099,14,563.432065
-0.106466,16,563.900423
-0.531434,16,564.358878
-0.047906,15,564.910256
-0.49339,17,565.419428
-0.465792,16,565.88475
0.686095,20,566.459161
-1.487269,14,566.845982
-0.619308,16,567.312112
-0.733266,14,567.714639
0.110956,19,568.266903
-0.406254,16,568.732485
-0.063546,16,569.209542
-0.435137,16,569.674262
-0.68788,15,570.115369
-0.391041,15,570.579369
-0.384455,15,571.078461
0.166388,18,571.58971
-0.042818,16,572.051835
-0.962487,14,572.441866
-1.674503,13,572.822936
-1.149056,14,573.228444
0.826239,20,573.839392
1.772844,20,574.494725
0.738329,19,575.047329
-0.085255,17,575.520296
-0.57773,15,575.94156
0.610879,21,576.540043
-0.089017,18,577.050601
-0.356813,16,577.508638
-1.200362,14,577.916204
-1.119956,14,578.318495
-0.533703,15,578.736351
0.86255,19,579.271769
-1.030784,15,579.707963
0.086619,18,580.231377
-0.361468,16,580.749152
-0.268449,16,581.222425
-1.455939,13,581.581893
0.110571,19,582.119751
0.497711,19,582.681887
-0.949768,16,583.231896
-0.193714,17,583.724289
0.069421,18,584.226203
1.494721,23,584.86545
-1.36145,14,585.25673
-0.394361,15,585.689986
0.269062,18,586.215952
-1.632144,14,586.620007
-0.784703,15,587.045548
-0.483397,17,587.549155
-0.314621,16,587.991508
-0.362126,15,588.408262
1.262069,20,588.965452
0.225279,19,589.512693
-0.412851,15,589.98023
-1.321635,14,590.460064
-0.714018,15,590.894079
0.750625,17,591.395759
-1.897564,12,591.849352
-1.534008,13,592.239209
-0.760311,14,592.634177
-1.870323,12,592.976547
-0.470978,16,593.437109
-0.50361,15,593.872339
-0.113579,15,594.296932
-0.285575,16,594.748092
-1.88646,12,595.091966
1.113005,19,595.630625
-1.192053,14,596.035258
0.32811,15,596.453263
-1.146936,13,596.841532
0.400345,17,597.342424
-0.515965,16,597.816207
-1.363094,15,598.260933
-0.499168,16,598.720003
0.127251,19,599.274214
-0.424271,17,599.883267
-1.251535,14,600.319269
-0.111326,18,600.932249
-0.167962,16,601.445219
-1.622557,13,601.835422
-0.857407,15,602.289071
-0.318147,15,602.737139
-0.196664,16,603.195607
-0.729717,14,603.607053
0.531089,20,604.205948
0.314273,18,604.75181
-1.830392,13,605.143949
0.235101,18,605.689315
-1.459275,12,606.044517
-0.172794,16,606.524927
0.234322,18,607.076024
0.32516,21,607.68287
-0.005329,17,608.203692
-1.475344,14,608.61469
-0.898988,14,609.018832
-0.035451,17,609.618801
0.232313,16,610.203331
-1.446543,13,610.595541
-0.080452,17,611.087602
0.129181,18,611.643768
0.343999,18,612.161825
0.750153,19,612.725338
0.597796,18,613.253059
-0.003094,17,613.748865
0.347874,17,614.253383
-0.75576,14,614.656862
-0.00188,16,615.113524
-0.172281,17,615.589689
0.405243,17,616.074238
-0.135699,18,616.59043
0.015378,17,617.072449
-0.624147,17,617.552312
-0.818233,15,617.992006
-1.794416,13,618.366159
0.72608,17,618.952413
0.037271,16,619.448986
-0.743487,16,619.981455
-0.746194,16,620.456443
-1.640231,14,620.852313
0.892393,18,630.48351
0.035133,18,630.984144
-0.621873,16,631.446397
-0.275762,17,631.922151
-0.48057,16,632.377229
-0.268013,17,632.853946
-0.285594,17,633.34506
0.182788,18,633.868751
-0.429244,16,634.330364
0.299131,17,634.801246
-1.808943,13,635.177707
-0.723038,16,635.620031
-0.332237,16,636.075064
-0.242153,17,636.585516
0.128584,17,637.141766
0.341222,18,637.646852
0.024617,18,638.15796
-0.691024,14,638.562681
0.842462,19,639.162201
-0.483044,16,639.623407
-0.399711,15,640.048384
-0.595075,15,640.458091
-0.65216,16,640.89418
0.225374,17,641.373783
0.297485,18,641.886335
-0.92214,16,642.341686
-0.943875,15,642.754824
-0.060987,17,643.219848
-0.18417,17,643.697876
0.518478,18,644.169266
-1.755618,13,644.529824
0.699428,18,645.025532
-0.367388,17,645.502649
0.207252,17,646.124852
1.205109,20,646.705434
-1.948257,13,647.090719
-0.501952,17,647.561744
-1.299401,14,647.973266
-0.068119,15,648.398171
-1.119075,15,648.905225
-1.243767,14,649.303885
-1.550592,14,649.70363
-0.506363,17,650.18935
-1.310327,14,650.590754
0.441973,21,651.167103
-0.718164,16,651.614787
-0.377417,16,652.055831
-0.668011,16,652.50066
-0.998247,15,652.903466
-0.600479,16,653.336813
0.292161,18,653.816024
0.387328,17,654.277527
-0.824534,16,654.703998
-1.089779,16,655.252956
-0.420584,17,655.735929
-0.396223,16,656.185463
-0.848645,14,656.567989
0.367323,20,657.099882
1.15131,21,657.657052
-1.023466,15,658.037169
-0.190259,18,658.627592
0.245729,17,659.085962
-0.64558,15,659.475091
0.740338,20,660.010509
0.156829,18,660.505936
-0.390006,16,661.002515
0.1001,20,661.532016
-0.223955,15,661.937181
-1.65273,14,662.34061
0.84187,20,662.872228
-1.965997,13,663.249407
-0.846473,15,663.664209
-1.266561,14,664.129902
-0.43495,16,664.599181
1.220377,20,665.142731
0.114362,18,665.633143
-0.739274,15,666.049063
-0.272911,18,666.539798
-0.164282,17,667.01146
0.05168,17,667.49847
0.759272,19,668.025074
-1.238098,15,668.538752
0.48806,18,669.062594
0.522663,18,669.57629
-1.344232,13,669.937733
-0.183922,16,670.407147
0.049381,17,670.901247
-1.429206,13,671.279076
0.681075,20,671.847519
1.063507,23,672.500988
-0.223651,17,673.077755
-1.302652,13,673.48083
-0.770017,15,673.909152
-1.296115,14,674.320701
-0.609966,16,674.784492
0.407743,20,675.341943
-0.640968,15,675.778229
-1.912559,13,676.147949
1.223016,19,676.678498
-0.04218,17,677.158554
-1.25071,15,677.593514
-0.066812,20,678.218789
-0.387479,16,678.691744
0.267977,19,679.22342
1.17794,23,679.886868
-0.053804,18,680.408764
0.789983,19,680.945855
-1.289549,14,681.365837
-1.589402,14,681.777452
-0.607361,17,682.368
-0.768733,16,682.841186
-0.348781,15,683.262518
-1.03643,15,683.687223
-0.899779,15,684.113091
0.291271,18,684.616593
-0.990294,15,685.046265
0.262363,19,685.593194
0.765098,20,686.159675
0.885085,20,686.730773
-0.366397,16,687.18408
-0.9841,14,687.612292
-1.763245,13,688.056454
-0.246862,17,688.546584
0.825807,21,698.216217
-0.19557,18,698.743115
-0.868039,16,699.202671
-0.53185,17,699.673821
-0.431755,18,700.315927
0.072255,18,700.846023
-1.611878,14,701.242872
-0.297211,18,701.757993
-0.568742,15,702.184975
-0.049386,19,702.72044
1.190713,22,703.337379
-0.32246,17,703.829841
-0.534662,17,704.294916
0.941739,25,705.005659
1.31604,23,705.662115
-0.590841,16,706.119067
-0.169994,16,706.580597
-0.687597,16,707.078701
-0.5571,17,707.639681
-1.704199,13,708.015501
-0.945596,15,708.455809
0.06669,18,708.982917
1.39241,19,709.646765
0.199425,18,710.190726
-0.037325,18,710.723856
0.131799,18,711.245802
-1.1084,16,711.715678
0.198513,20,712.287934
-0.463686,16,712.744715
0.590052,18,713.255195
-0.133531,18,713.772225
-0.41327,16,714.222042
-0.219239,17,714.704341
-1.076378,15,715.138682
-1.33483,15,715.558385
0.881405,19,716.10706
-1.122401,14,716.492528
-1.679334,13,716.954651
-0.184787,19,717.51207
-1.071286,15,717.940917
0.614838,21,718.595246
0.778097,18,719.149164
0.171413,19,719.70821
-1.644679,15,720.124594
-0.95982,15,720.55505
-0.641048,17,721.034088
0.39338,18,721.552242
-1.998082,13,721.922709
-0.611239,17,722.392397
-0.436812,15,722.803669
-1.015454,16,723.250327
-0.7388,17,723.741136
-0.822528,16,724.237999
-0.700285,16,724.728779
0.00543,17,725.238458
-1.926367,13,725.62825
1.274379,21,726.251207
0.889743,19,726.90526
-0.588791,16,727.45125
-0.43705,16,727.976227
-0.273037,18,728.535737
-1.870528,13,728.932029
-0.989045,15,729.390359
-1.064178,14,729.805073
0.107172,20,730.415678
0.084664,17,730.935395
0.811316,20,731.535513
-0.402016,17,732.049449
-1.537805,13,732.436411
-43.164911,200,738.416912
0.484185,20,738.999261
-0.667924,16,739.460192
-1.692778,14,739.875851
0.815343,20,740.437669
-1.250824,15,740.85818
-1.598522,13,741.234246
0.304948,17,741.728398
-1.186639,15,742.174818
-0.731567,17,742.673239
0.819632,20,743.255603
0.905422,20,743.84036
0.012136,17,744.34316
-1.184754,14,744.754321
-0.299278,17,745.238137
1.458398,21,745.9843
-0.745892,16,746.506446
-2.021403,13,746.931368
-0.712678,17,747.435506
-0.042036,17,747.924511
-0.416766,17,748.42275
-1.696898,13,748.805159
-2.04242,13,749.15595
0.32088,20,749.753633
-0.983609,16,750.23009
-0.990383,15,750.665506
0.021898,19,751.212765
-0.708158,17,751.704231
-0.030718,19,752.230047
0.003773,18,752.755737
-0.782965,16,753.209877
-1.130373,15,753.63369
-1.54035,13,754.006171
0.673624,22,754.780194
-0.447398,16,755.262304
0.254789,19,755.804735
0.225458,20,756.418775
0.048646,19,756.985485
0.536794,20,757.511138
1.060081,30,758.301426
-1.756301,13,758.647965
0.970235,21,768.289062
0.225788,20,768.851579
-1.328492,14,769.24026
-0.78574,16,769.681787
-0.655614,16,770.137943
0.788121,22,770.75508
-0.088451,19,771.291595
-0.896524,16,771.749717
1.831037,30,772.751121
-1.35223,14,773.164807
-1.356165,14,773.558474
-0.293913,18,774.052258
0.644975,22,774.67278
0.843198,22,775.30296
-0.57864,17,775.880893
-0.321096,17,776.368643
-0.83689,15,776.795655
0.276886,20,777.361009
-0.158842,19,777.894401
-0.453965,17,778.365562
-0.292873,18,778.874352
0.235275,19,779.42525
0.413566,22,780.040311
0.470646,22,780.660997
-2.286683,13,781.057686
0.572089,22,781.769742
-1.090916,16,782.222852
-1.321685,15,782.644953
-1.147406,15,783.084016
-1.51312,15,783.511348
0.157422,19,784.058524
-0.461859,18,784.563673
0.256693,19,785.120651
1.817215,26,785.938097
-1.271012,15,786.365764
-0.639273,17,786.852409
0.050586,18,787.373063
-0.88324,16,787.824881
0.791948,19,788.36289
0.078131,17,788.82897
1.640202,26,789.549353
-0.921843,16,790.031067
-0.257572,19,790.640476
0.196565,19,791.170188
-1.620121,14,791.545808
-0.717227,16,791.988646
-0.669103,17,792.466711
0.782577,21,793.036786
-0.513848,17,793.515529
-1.009299,16,793.966326
-0.227519,17,794.442928
0.130159,20,795.061307
-0.458557,16,795.542757
-0.229786,17,796.028886
0.69496,21,796.609213
1.393017,26,797.35755
-1.818595,14,797.730448
1.647956,27,798.498773
1.003442,22,799.139863
0.463623,21,799.812829
-0.400795,18,800.308715
1.934243,32,801.160359
1.679677,26,801.879048
-0.642498,16,802.323391
-0.135878,18,802.822874
0.168315,17,803.284421
-1.964199,14,803.679031
1.678341,23,804.327118
0.439406,20,805.015347
-0.652638,16,805.523431
-0.489271,16,805.979343
-1.531906,14,806.362386
-0.209056,18,806.888279
-1.140045,15,807.308633
0.427345,20,807.873577
-0.603756,18,808.502328
0.824294,21,809.135898
0.775343,22,809.770165
-0.347573,18,810.275086
-1.199725,14,810.677491
-0.053695,19,811.215127
0.562919,19,811.746135
0.412842,20,812.309601
-0.117581,19,812.855198
0.875284,22,813.476063
0.686781,22,814.092633
-0.966169,17,814.657272
-0.563471,18,815.20206
-0.063418,19,815.746753
0.354834,21,816.353567
0.599669,20,816.960731
0.788074,22,817.660033
0.648991,22,818.289702
0.336384,20,818.853117
-1.150345,16,819.296958
-0.186264,17,819.758629
-0.993533,15,820.192657
-1.366298,15,820.62739
0.078058,18,821.111104
1.465516,27,821.866451
-0.077165,19,822.387741
-0.958781,15,822.813775
0.993896,23,823.476085
0.190658,19,824.012543
-0.191749,18,824.610793
-0.339751,19,825.144401
-1.091326,16,825.594839
-0.566447,18,826.232325
0.105955,19,826.782531
-0.671626,17,836.383154
0.146667,20,836.940814
-0.054223,20,837.487043
0.514883,23,838.10924
-1.045147,16,838.555064
0.313299,20,839.11024
-0.74324,16,839.552033
0.593904,20,840.109136
0.297244,21,840.698563
1.11834,24,841.373685
0.448236,22,841.981722
0.476628,21,842.573385
0.120425,19,843.093853
0.830508,24,843.895886
-0.288961,18,844.446527
-2.251225,13,844.823356
-0.103857,18,845.311894
-1.115574,15,845.734195
-1.252264,15,846.140813
0.121135,20,846.714111
-0.491538,18,847.209435
-1.261058,16,847.631817
-0.659572,17,848.12105
-1.592205,15,848.564527
-0.012858,18,849.048835
-45.089994,200,854.517002
-0.973529,16,854.930965
-0.786739,17,855.362904
-0.648795,17,855.832014
0.944308,23,856.462095
0.14152,20,857.007084
-1.217939,16,857.448373
-0.034924,19,857.974939
0.287368,22,858.569996
0.43303,21,859.155536
-0.756445,17,859.639454
0.932922,25,860.337918
0.674133,23,860.965561
1.598114,28,861.923043
-0.491665,18,862.418717
-1.718185,14,862.883434
-0.054271,18,863.420432
-1.164244,15,863.847157
-1.38922,15,864.27652
0.601781,22,864.904158
-0.056572,19,865.437526
-0.690228,17,865.913568
1.161107,26,866.653375
-0.256185,19,867.213916
0.493707,21,867.805137
0.400702,20,868.368556
-1.34994,15,868.797399
-1.049696,16,869.255633
0.377334,21,869.875047
0.454185,21,870.473402
1.490106,27,871.365681
-1.53368,15,871.782668
-1.002488,16,872.237128
0.377908,21,872.936688
-1.306483,15,873.381536
-0.206324,18,873.888838
-0.943262,16,874.336471
-0.822606,16,874.797837
0.187926,21,875.401011
-0.324489,18,875.902138
-45.724815,200,881.687856
0.220542,20,882.309561
-0.496951,17,882.834078
0.185042,19,883.357799
-0.981907,17,883.808729
-0.10442,19,884.321367
-0.277595,19,884.841124
-1.198891,15,885.250251
-0.650943,17,885.717165
0.223707,18,886.216997
-0.348738,18,886.729863
-1.221357,15,887.153666
-1.112085,16,887.605093
0.518362,20,888.170175
-0.452677,16,888.631507
-0.994708,16,889.083402
0.072364,18,889.72846
-42.857857,200,904.496851
-0.188672,18,905.010278
-0.887377,16,905.477452
-0.36613,18,905.98156
-1.465877,15,906.401929
1.157879,25,907.153696
0.618809,22,907.866521
-1.392606,14,908.270003
-0.423479,17,908.743246
-1.850364,14,909.144415
-0.488871,18,909.636222
-0.464452,18,910.129304
-0.533977,18,910.603049
1.28065,30,911.477976
-1.137637,16,911.960943
-0.920939,16,912.394097
-0.143707,19,912.911903
1.456155,29,913.739405
0.12513,20,914.293908
-44.592025,200,920.107293
-0.308507,18,920.632422
2.073199,30,921.56758
1.004008,27,922.385851
0.281861,20,922.992892
1.721295,32,923.927498
0.90774,22,924.557759
-0.509737,18,925.099335
0.40681,21,925.853242
1.273047,25,926.609658
0.161185,20,927.174138
-1.106551,16,927.653881
-0.663338,17,928.169652
0.75992,18,928.710607
-0.23755,19,929.265105
1.052554,25,929.998324
1.17813,23,930.647645
-0.088161,19,931.196018
-1.341708,15,931.731993
-45.674313,200,937.626193
-0.930334,17,938.110379
1.460147,26,938.829409
-1.176371,15,939.278501
-0.53756,18,939.80447
-0.598799,16,940.262464
-0.582824,18,940.780167
-2.169389,13,941.135078
-0.439706,18,941.73392
0.555934,22,942.335538
1.225666,27,943.041754
0.551237,22,943.741668
-1.113288,16,944.182283
-0.273302,19,944.699796
-0.753082,17,945.157286
-0.305311,19,945.665669
0.940538,23,946.273838
0.786657,24,946.925261
-0.827078,17,947.440805
-0.560268,18,947.956936
-0.696338,17,948.45499
-0.781938,17,948.953396
-0.851456,17,949.428199
1.593669,22,950.042901
0.448214,20,950.603724
0.368886,19,951.210212
-1.200813,16,951.711303
0.085381,20,952.284304
0.548459,20,952.942668
0.399617,21,953.54461
0.190257,20,954.103984
0.775087,23,954.773321
-0.632554,18,955.281934
0.948305,22,955.928908
-1.216346,16,956.391578
-47.796066,200,962.242819
-0.762736,17,962.728444
-0.277003,18,972.369071
-0.041661,20,972.909517
-1.571852,14,973.28794
0.135957,19,973.804654
-1.40475,15,974.226017
-0.259041,19,974.748298
1.607753,34,975.699075
0.657937,22,976.317836
0.762457,22,976.926033
0.425982,20,977.475547
0.368807,19,977.991216
0.793121,23,978.642617
0.238505,19,979.2519
1.164644,24,979.936524
0.280424,21,980.584022
-46.840918,200,986.121237
1.088657,23,986.769265
-0.703915,17,987.256903
0.40279,21,987.885733
-0.419471,18,988.476405
-0.971519,16,988.967652
-45.760852,200,994.813341
-0.362402,18,995.343205
0.955598,23,996.020891
1.456427,30,996.966692
-0.296167,18,997.579307
-1.41888,15,998.009637
-0.719202,16,998.493947
-0.058812,18,999.018079
0.944544,21,999.604168
0.01243,20,1000.188927
0.403932,20,1000.829608
0.361904,22,1001.464099
-0.321755,18,1001.985725
-1.20419,16,1002.438632
0.898106,22,1003.087349
0.159059,20,1003.690186
0.668638,23,1004.382412
-1.058898,16,1004.854337
-0.466872,18,1005.387688
-1.195754,16,1005.868934
0.333666,20,1006.540302
-0.037196,19,1007.104395
0.033769,19,1007.651756
-0.529161,18,1008.185993
2.288348,34,1009.168232
-1.429191,15,1009.588354
-0.332413,18,1010.130769
-0.175768,18,1010.724124
-0.250928,19,1011.273595
0.305807,21,1011.878551
-0.964245,16,1012.337793
-0.242316,19,1012.892166
-0.536277,17,1013.379053
-0.963234,16,1013.834418
-0.933096,17,1014.340536
0.355506,20,1014.946114
-0.454265,17,1015.526488
-0.424241,17,1016.03908
-1.871465,14,1016.436384
-1.53046,15,1016.840646
-1.260166,16,1017.311893
-1.141205,16,1017.765943
-0.953582,17,1018.269347
0.346126,18,1018.797128
-0.711573,17,1019.280435
0.522125,22,1019.897342
-0.506814,17,1020.475634
0.0082,20,1021.058532
-0.832751,17,1021.538704
-0.460394,18,1022.058474
1.573585,25,1022.775001
-2.009909,14,1023.18939
-0.437222,18,1023.700081
-0.22378,18,1024.290072
0.810914,23,1024.998168
-48.319791,200,1030.765593
-0.276785,18,1031.281116
-0.444054,18,1031.749761
0.045321,20,1041.531816
-0.866894,16,1042.052379
0.264192,21,1042.72401
0.169721,20,1043.283854
-0.194719,19,1043.809722
-1.557443,15,1044.226418
0.695868,23,1044.89031
-0.285598,19,1045.418994
-1.675019,15,1045.834344
0.04116,19,1046.381283
-1.101274,16,1046.849344
0.886275,22,1047.473165
-0.697989,17,1047.961239
0.707343,23,1048.636427
-0.467687,18,1049.152089
0.974586,23,1049.878627
-0.322577,18,1050.400008
-0.691127,18,1050.906772
-1.817033,14,1051.354035
-0.597312,16,1051.894717
1.059933,24,1052.558166
0.341057,20,1053.113376
-0.650317,18,1053.609215
-0.170687,19,1054.143087
1.090246,23,1054.786682
0.54151,21,1055.373414
0.25601,21,1055.954159
1.309038,26,1056.676894
0.461502,22,1057.29652
0.767867,23,1057.966785
-0.54085,18,1058.472152
-0.136215,19,1059.118341
-1.058122,17,1059.580817
-0.277022,18,1060.079564
0.470801,21,1060.752602
-0.425195,18,1061.280359
-1.231735,16,1061.734276
-1.06583,16,1062.190783
-0.906327,17,1062.681458
-1.657925,14,1063.084161
0.936505,24,1063.767179
-1.437342,15,1064.191405
-0.56583,17,1064.667515
-1.083065,16,1065.120516
-0.450988,18,1065.627957
0.041238,20,1066.188514
-0.222332,18,1066.702646
1.812304,30,1067.527571
0.549344,21,1068.106073
0.38834,21,1068.748424
0.431616,21,1069.433308
0.522803,22,1070.092288
-1.992188,13,1070.460856
-0.257017,19,1071.017118
0.302133,20,1071.589406
-0.912096,16,1072.049896
-1.794301,14,1072.442503
-0.828495,17,1072.921877
-1.461324,15,1073.354954
-1.017108,16,1073.815891
0.942843,22,1074.427347
-0.830508,16,1074.881762
-0.484464,17,1075.364369
-49.100147,200,1081.209697
-1.119728,16,1081.677351
1.209623,27,1082.477262
-0.824763,17,1082.964391
0.202384,21,1083.562313
-0.50473,17,1084.04353
0.578495,22,1084.69104
-0.774901,17,1085.173863
0.56938,22,1085.815889
-0.07559,19,1086.347498
0.724888,21,1086.955043
-0.489092,18,1087.500174
0.520637,22,1088.224306
-1.559213,15,1088.735773
0.068734,20,1089.336331
0.060441,18,1089.877916
-0.504191,17,1090.375725
-1.024767,17,1090.870034
-0.976976,16,1091.339362
-41.372201,200,1097.105205
0.044841,20,1097.659419
-0.671002,18,1098.192666
0.153004,20,1098.859903
-0.37623,17,1099.332215
-1.464408,15,1099.763417
0.122384,20,1100.301318
0.003562,20,1110.063939
-0.989816,17,1110.563752
0.294367,21,1111.176829
1.157888,24,1111.904661
0.772815,23,1112.571919
-0.307004,19,1113.12834
-1.408754,15,1113.580406
-0.140198,19,1114.225399
-1.193381,16,1114.713839
0.105519,19,1115.247981
0.859461,24,1115.932126
-0.599147,17,1116.424825
-0.958657,17,1116.920729
-0.010437,18,1117.437517
0.962081,25,1118.251139
0.248508,20,1118.82633
0.7378,22,1119.408666
-0.456926,17,1119.852482
-0.502722,18,1120.325735
1.006077,24,1120.944308
-0.679998,18,1121.421422
0.483541,22,1121.984963
0.196254,20,1122.493727
-0.56594,18,1123.085941
0.39154,21,1123.665867
0.806078,22,1124.285874
-0.195233,19,1124.820265
-0.476533,18,1125.338689
-2.303739,13,1125.704867
2.070052,32,1126.613142
-0.187724,19,1127.165605
-0.32513,19,1127.788259
-0.59076,18,1128.315997
0.799343,25,1129.015583
-1.54783,15,1129.450274
-0.107149,19,1130.006229
-0.455844,17,1130.477022
-1.205454,16,1130.914926
-1.174549,16,1131.389731
-0.042989,19,1132.041724
-1.715165,14,1132.476453
0.111174,21,1133.07485
-0.851145,17,1133.564449
-42.109244,200,1139.179492
1.222673,27,1139.89303
-42.736014,200,1145.576535
-1.528509,15,1146.00672
0.423989,21,1146.60636
-0.749114,17,1147.142559
0.641619,24,1147.865105
-1.512467,15,1148.271151
-46.441179,200,1153.837805
0.340327,23,1154.475767
-1.18659,16,1154.909911
0.208949,20,1155.445745
0.363543,21,1156.029369
-0.273371,19,1156.541015
0.369321,21,1157.213801
-0.981411,16,1157.662839
1.266108,26,1158.389617
-0.837447,17,1158.846939
-0.388938,19,1159.461211
-1.984354,14,1159.842093
-1.455825,15,1160.247368
-0.364663,19,1160.730647
-0.764014,17,1161.166372
-0.796257,17,1161.593128
-0.69156,17,1162.032662
-0.140843,20,1162.54084
-1.046201,16,1162.94269
0.787913,23,1163.566794
0.570721,22,1164.165074
1.448058,29,1164.940545
-1.206863,16,1165.361718
0.085363,20,1165.920176
0.696862,20,1166.477049
0.722623,21,1167.161838
-0.687266,17,1167.630618
0.126833,21,1177.366863
-1.032624,16,1177.840458
-0.483247,19,1178.37029
-1.96312,14,1178.7737
0.638116,23,1179.426272
0.481353,22,1180.037017
-0.441305,19,1180.565924
-0.460754,19,1181.106046
-0.781256,17,1181.587874
0.84304,25,1182.30026
-0.434896,18,1182.804162
-0.999563,16,1183.252729
-0.337874,19,1183.784552
-1.226267,16,1184.221674
1.207843,28,1184.991286
-0.231591,19,1185.525832
0.39909,21,1186.186271
0.727318,23,1186.852208
-0.603134,18,1187.372289
-1.568953,15,1187.798246
-1.543015,15,1188.218424
-0.404005,19,1188.759905
0.460997,23,1189.424305
-0.969676,16,1189.87061
-0.462461,18,1190.396488
0.056698,20,1190.967578
0.097745,21,1191.566886
0.36839,22,1192.200245
1.382229,28,1193.004
0.579853,24,1193.680277
-0.103409,20,1194.248669
-0.429259,18,1194.751256
1.306565,28,1195.70241
-0.469508,19,1196.302107
-40.425453,200,1201.77816
-43.209345,200,1207.456833
-45.242798,200,1212.644082
-0.277065,19,1213.275097
0.688772,23,1213.915678
-0.667057,18,1214.416826
-1.037671,16,1214.889248
1.484641,27,1215.713522
-0.681528,18,1216.203156
-0.072604,20,1216.766717
0.294263,22,1217.387863
0.426714,22,1217.98862
1.556225,30,1218.799093
-0.009009,20,1219.333837
0.7139,24,1219.992932
-1.468301,15,1220.392735
0.663683,24,1221.039714
0.473352,23,1221.663696
0.634251,24,1222.412697
0.499936,24,1223.068751
-0.852776,17,1223.534828
0.630207,23,1224.177418
0.879292,25,1224.989792
0.695772,25,1225.709438
-37.882695,200,1231.188226
0.086729,20,1231.767902
-0.176394,19,1232.299458
-0.951562,17,1232.764482
-0.653225,18,1233.280535
-0.638069,18,1233.789541
-0.225147,18,1234.34808
0.772779,25,1244.212452
0.204542,22,1244.835777
-0.1108,20,1245.400591
-0.437788,19,1245.951425
-0.698221,18,1246.44544
-0.79235,17,1246.936138
-44.466583,200,1252.683633
-1.585518,15,1253.116013
-0.105004,20,1253.800212
-1.069948,16,1254.278212
-0.217872,20,1254.841279
0.742769,24,1255.49581
-44.317637,200,1261.084844
-0.798572,18,1261.586419
0.886756,25,1262.274519
-1.245053,16,1262.734055
-0.165305,20,1263.368357
0.707837,23,1264.071541
-0.809723,18,1264.589556
-0.606237,18,1265.109386
0.777747,25,1265.799287
-0.620618,18,1266.314376
0.280743,22,1266.924835
-0.578462,18,1267.41431
0.545538,24,1268.214286
0.050988,20,1268.78861
0.297236,21,1269.380503
1.007275,26,1270.106087
-0.164219,20,1270.655978
0.326664,21,1271.252299
-0.210001,20,1271.83248
-0.127753,20,1272.379033
0.24598,21,1273.111529
0.378445,23,1273.790856
-0.848019,17,1274.291821
0.17643,20,1274.862306
-0.000795,21,1275.441988
-0.482382,19,1275.975809
-0.684492,17,1276.44589
0.783597,25,1277.271721
1.290052,27,1278.037186
-1.300134,16,1278.481494
0.219907,21,1279.056257
-0.262428,20,1279.60577
-0.634409,18,1280.116107
-0.231289,20,1280.654018
0.013557,21,1281.218506
-0.293731,19,1281.756874
-0.939751,17,1282.223849
0.461243,23,1282.975735
-1.071652,16,1283.443245
-0.033824,21,1284.0609
-0.096861,19,1284.623369
-0.44544,19,1285.188008
-0.10274,20,1285.802094
1.292334,27,1286.723482
0.738071,25,1287.461553
0.240323,22,1288.112107
0.675024,27,1288.918238
-0.232288,19,1289.466918
0.811385,23,1290.129735
-0.000151,21,1290.739171
0.315442,22,1291.378339
-1.258702,16,1291.851791
0.382352,23,1292.498953
0.203546,22,1293.20742
-0.234152,20,1293.737271
-0.233272,18,1294.226038
-1.248423,16,1294.641697
-1.963428,14,1295.041142
-0.227293,19,1295.626769
0.747283,30,1296.382703
-1.112705,16,1296.780893
-1.010028,17,1297.257519
0.091166,21,1297.837731
-0.608215,17,1298.341181
-0.40946,18,1298.866668
-0.443977,19,1299.423679
0.336504,22,1300.056563
-0.443393,19,1300.583742
-0.686921,18,1301.09382
0.147614,21,1301.698146
0.937899,24,1302.430632
-41.029382,200,1317.462964
-0.478849,19,1318.043922
1.037848,26,1318.799787
-0.018408,21,1319.419475
-0.849549,17,1319.913967
0.406577,23,1320.563056
1.074796,27,1321.351692
0.095169,21,1322.08093
0.955411,26,1322.972457
-0.528838,19,1323.511716
0.70181,25,1324.232546
-1.317475,16,1324.689813
-1.080163,16,1325.153119
-0.996306,17,1325.626597
-0.115546,20,1326.209629
0.382504,22,1326.836385
-0.81787,17,1327.323027
0.033813,21,1327.937036
0.749766,23,1328.613811
-0.706493,18,1329.125545
0.224165,21,1329.719121
-1.062937,17,1330.193281
-1.651764,15,1330.631312
-0.653621,17,1331.108907
-0.45493,19,1331.727528
0.489225,23,1332.467801
-0.974364,17,1332.96764
-1.168478,16,1333.425837
0.627654,24,1334.114139
0.481556,23,1334.811283
-0.311997,19,1335.353171
-1.267184,16,1335.796315
0.876753,24,1336.474464
0.461318,22,1337.083104
0.294105,22,1337.722936
0.33807,22,1338.34875
-0.935944,17,1338.82125
-1.604916,15,1339.245245
-0.515318,19,1339.761716
-0.401339,19,1340.284771
0.562844,23,1341.041292
-1.21311,16,1341.604938
0.408786,23,1342.288419
-0.769431,18,1342.810265
0.240213,22,1343.432727
-1.172983,16,1343.874309
1.189153,26,1344.638228
-0.43708,19,1345.208741
-0.000655,21,1345.834971
-0.021182,21,1346.452214
0.64736,23,1347.133968
0.223467,22,1347.791099
-0.200358,20,1348.375943
0.116302,21,1348.996692
-0.412293,18,1349.582177
0.047522,21,1350.259047
-0.088275,19,1350.826157
0.82124,23,1351.587648
-0.713195,18,1352.145041
0.509082,25,1352.884353
-0.284422,19,1353.437983
-48.811922,200,1359.353939
-0.376148,19,1359.910229
0.376917,22,1360.538969
0.243426,22,1361.194324
-1.341172,16,1361.801095
-0.369247,19,1362.390174
-0.672414,18,1362.93077
-0.387969,18,1363.448403
-0.321396,20,1364.036252
-0.176888,20,1364.627973
-0.01909,20,1365.235065
-1.036782,17,1365.740522
-0.02762,21,1366.375223
-43.368496,200,1372.436852
-0.980896,17,1382.227441
0.82231,25,1382.964965
0.59802,22,1383.629079
-0.106194,20,1384.208603
-0.484107,19,1384.773603
0.963393,26,1385.638344
1.079644,24,1386.385067
0.472483,22,1387.053644
-0.265729,19,1387.618796
0.033817,20,1388.209693
-1.334386,16,1388.690451
-0.531965,18,1389.222455
-1.490877,15,1389.666379
-1.555542,15,1390.121018
-0.952709,17,1390.625103
-0.602792,18,1391.25404
1.137264,26,1392.049104
-1.171538,16,1392.520266
-0.187554,20,1393.111726
0.015314,21,1393.741487
-0.075787,19,1394.308187
0.112636,21,1395.035302
0.757526,25,1395.783989
1.251777,27,1396.573833
-0.264064,19,1397.117273
0.503984,24,1397.785277
-0.161094,20,1398.328155
-0.2601,19,1398.863741
-0.746752,18,1399.379723
0.785097,24,1400.034924
-1.306341,16,1400.457571
1.14998,26,1401.281457
0.570036,24,1401.972305
-2.095022,14,1402.359878
1.380019,27,1403.106642
0.321798,22,1403.826811
-0.00171,20,1404.37151
0.102646,20,1404.92324
1.253062,29,1405.730531
-1.178529,16,1406.192069
0.327494,23,1406.862516
0.270808,21,1407.460119
-0.632352,18,1407.970116
0.867742,25,1408.665016
-0.618523,18,1409.166494
-0.34036,19,1409.702913
-0.463219,19,1410.260163
1.279654,28,1411.169202
1.775036,27,1411.911422
-1.382247,16,1412.464171
0.996382,24,1413.168703
-0.10071,19,1413.711437
0.537172,22,1414.331399
-0.401451,19,1414.87896
0.366812,22,1415.477481
-0.066191,20,1416.059073
-2.081188,14,1416.44536
-0.211349,19,1416.988371
0.503966,24,1417.674561
0.815577,25,1418.369027
-1.341844,16,1418.808638
0.5229,22,1419.43828
1.541177,28,1420.348003
-2.038273,14,1420.766503
0.41411,22,1421.479518
0.581776,23,1422.191176
-0.507957,18,1422.721179
0.669903,24,1423.399889
-1.682909,15,1423.834916
0.159787,21,1424.425727
-0.958123,17,1424.927733
0.118221,21,1425.51076
-0.464178,18,1426.025232
-0.22743,20,1426.609715
-1.018784,17,1427.078355
-0.263545,19,1427.615748
0.495889,23,1428.253623
1.052511,25,1428.938894
-0.98708,17,1429.403144
-0.93659,17,1429.920711
-1.048502,17,1430.54689
1.438931,27,1431.301716
-1.009473,17,1431.77881
0.499173,23,1432.474225
-1.129639,16,1432.961486
0.857299,26,1433.773508
-1.296853,16,1434.261198
0.854758,24,1434.995762
1.02183,27,1435.793042
0.395263,23,1436.484515
-0.715416,18,1437.029634
-0.877353,17,1437.559269
-0.840594,17,1438.035788
-2.026348,14,1438.49682
-0.503206,18,1439.0466
-0.334741,19,1439.705634
-45.130675,200,1454.605702
-1.256507,16,1455.033626
-0.984331,17,1455.472878
-0.348443,19,1455.963814
0.713162,25,1456.606219
-0.478731,19,1457.112813
-0.297311,19,1457.691301
0.199321,22,1458.314639
1.197376,27,1459.022316
0.137792,21,1459.546734
0.753609,23,1460.25206
0.115925,21,1460.829336
-0.741956,17,1461.262373
0.069938,21,1461.814905
-0.87076,17,1462.272096
0.335783,23,1462.959929
-0.871077,17,1463.499516
-0.392529,18,1463.986562
-0.36105,19,1464.48846
1.590541,29,1465.255858
0.70421,24,1465.883318
1.493919,31,1466.797544
0.616077,24,1467.434715
0.035745,21,1467.990391
0.430098,23,1468.59677
-0.397913,19,1469.099524
-42.629166,200,1474.449658
0.577701,23,1475.050886
-0.404524,19,1475.542169
-0.964268,17,1476.116436
0.71456,24,1476.770069
-2.33131,13,1477.113488
-0.907184,17,1477.550189
-0.993062,17,1478.002282
0.676965,24,1478.619094
1.249929,25,1479.270908
-1.004557,17,1479.746547
-0.994185,17,1480.301899
-0.701964,18,1480.797406
1.348666,26,1481.45993
-0.209402,20,1481.985353
-0.433346,19,1482.492516
-1.280943,16,1482.913406
-0.289728,19,1483.405353
-1.699088,14,1483.78815
0.170897,21,1484.32196
0.390522,22,1484.892682
-0.379085,18,1485.494332
-0.469374,19,1486.004895
-1.376369,16,1486.423239
0.323831,21,1486.971623
0.683747,24,1487.597215
0.814453,23,1488.192262
0.10731,21,1488.740289
-0.474631,18,1489.220292
-0.873154,17,1489.774347
0.861434,25,1490.47735
0.905161,25,1491.133598
-1.026056,17,1491.563784
0.341433,22,1492.127659
-0.726671,18,1492.615275
-0.149754,20,1493.147859
0.448652,23,1493.773196
-0.168869,20,1494.390964
1.323653,27,1495.168454
-1.726635,15,1495.56553
0.526099,23,1496.165069
0.591928,24,1496.758163
-1.288784,16,1497.180634
0.910934,23,1497.774575
0.958704,27,1498.508966
-0.510292,18,1498.984502
0.514927,23,1499.760107
-1.305588,16,1500.206241
0.080157,21,1500.751586
-1.572001,15,1501.150475
-1.700542,15,1501.541803
0.714863,24,1502.152653
0.322762,23,1502.746913
-0.362462,19,1503.257122
-0.437887,19,1503.883438
1.263417,26,1504.569446
-0.586462,18,1505.03902
-1.554914,15,1505.416141
-1.665144,15,1505.791276
-0.01411,20,1506.307955
0.915337,24,1506.943699
-1.53424,15,1516.561272
0.008239,21,1517.110101
-0.36966,19,1517.596298
1.105316,26,1518.282537
0.04656,20,1518.911222
-1.661892,15,1519.339301
-1.070655,16,1519.789582
-1.018258,17,1520.237923
0.109464,20,1520.770884
-1.272793,16,1521.193658
-0.363104,19,1521.76928
-0.547866,17,1522.264544
0.874454,24,1522.894752
-1.181494,16,1523.334507
-1.018224,17,1523.80419
0.138304,21,1524.349463
1.328686,28,1525.079437
-1.646957,14,1525.430764
-2.032007,14,1525.806361
-0.759296,17,1526.244085
-1.970399,14,1526.612573
-0.457949,19,1527.148809
-0.089073,20,1527.692847
0.565306,23,1528.387366
-0.980541,17,1528.95175
-0.951059,17,1529.429416
-0.743835,18,1529.885942
-0.997779,17,1530.324443
1.846345,32,1531.297547
-0.379071,19,1531.807903
-0.029267,21,1532.379647
-1.613771,15,1532.817531
0.810812,25,1533.487345
0.188039,21,1534.030181
-0.50524,19,1534.570878
-0.770261,17,1535.007778
0.318172,23,1535.666875
0.054431,21,1536.255409
-0.607368,18,1536.724327
0.362954,22,1537.300036
-0.76413,18,1537.759934
1.003397,25,1538.508566
0.577086,23,1539.200802
0.739291,25,1539.941646
0.691444,23,1540.614433
-0.687144,18,1541.099117
-0.213373,19,1541.608196
-0.733536,18,1542.086102
-0.395854,19,1542.589308
1.034194,24,1543.225984
0.795822,24,1543.848854
-0.240256,20,1544.365236
0.107517,21,1544.934439
0.292129,20,1545.466426
-0.370545,19,1545.972755
1.222021,26,1546.707225
-1.675068,15,1547.12278
1.001305,27,1547.89729
-1.008942,17,1548.481213
0.698755,24,1549.273885
-0.603543,17,1549.7381
-0.46281,19,1550.248789
0.330638,22,1550.861173
-1.154227,16,1551.302228
1.520338,28,1552.08273
-0.965292,17,1552.561963
0.896854,22,1553.163656
2.113267,31,1554.008157
-0.01146,21,1554.608796
-0.163856,20,1555.167013
0.246153,22,1555.788134
1.732993,30,1556.573701
0.206764,22,1557.164151
0.762057,26,1558.024571
0.643509,25,1558.835235
1.341881,25,1559.549145
0.478107,23,1560.172192
1.813603,29,1560.944539
1.131169,26,1561.611891
0.742382,22,1562.167756
-0.528805,19,1562.677455
0.109836,21,1563.241743
-1.264448,16,1563.670827
-1.385453,16,1564.079603
-0.812605,17,1564.526759
-1.088225,16,1564.941298
0.464503,23,1565.536624
-0.756764,18,1566.000591
-1.680646,15,1566.404179
0.111703,21,1566.988519
-0.46933,19,1567.657104
1.401062,27,1568.464844
-0.88421,17,1568.902649
0.110867,22,1569.458851
-0.768008,17,1569.895392
0.6076,24,1570.512868
-0.261965,18,1571.005911
1.645765,28,1571.717676
-0.181922,20,1572.242779
-1.050011,17,1572.672989
-0.747091,18,1582.305452
0.800229,24,1582.924881
-0.963912,17,1583.387379
-1.353113,16,1583.816505
0.062748,21,1584.351664
-1.017047,16,1584.775834
0.21091,21,1585.342965
-0.527491,19,1585.941921
0.807226,24,1586.586897
0.101442,21,1587.281572
-0.420446,19,1587.830316
0.235654,22,1588.44925
-0.406259,19,1588.95025
-0.459344,19,1589.464039
-0.623454,18,1589.935463
-0.502332,18,1590.418674
0.057337,21,1590.981008
-0.888203,17,1591.432139
-0.150567,20,1591.958772
-0.486165,18,1592.427358
0.095605,22,1593.021734
-0.939651,17,1593.473546
0.22826,22,1594.060183
0.300875,22,1594.763832
0.506346,23,1595.397906
-0.710198,18,1595.857686
-0.26514,20,1596.388387
1.145263,27,1597.234239
-0.178062,19,1597.731447
0.329971,22,1598.315187
-1.730811,15,1598.710659
-1.309115,16,1599.134054
-1.65603,15,1599.540207
-0.356814,19,1600.043446
-0.446273,19,1600.533088
-0.765533,18,1600.983212
-0.091733,21,1601.531916
-0.707909,17,1601.974347
-2.007013,14,1602.334533
0.167936,21,1602.868187
-0.526818,18,1603.408887
-0.546366,19,1603.979938
-0.499642,19,1604.48155
-1.248683,16,1604.882338
-1.575551,15,1605.264579
-0.339409,19,1605.755369
0.635928,24,1606.537732
-0.111747,20,1607.102166
0.732565,24,1607.733499
-1.3134,16,1608.131679
-0.282307,20,1608.646895
0.230172,22,1609.229242
-0.400178,19,1609.739659
1.126534,26,1610.419026
-2.087273,14,1610.796773
-0.371051,19,1611.287385
1.442974,28,1612.032931
0.093212,21,1612.69936
-0.181205,20,1613.25056
0.129421,21,1613.796805
-0.453862,19,1614.312422
-0.316355,19,1614.819088
0.072751,21,1615.357958
-0.896494,17,1615.809201
1.401349,28,1616.676228
0.467755,22,1617.252222
0.188691,21,1617.790314
-0.233142,20,1618.361936
-1.214543,16,1618.808076
0.060615,21,1619.363238
-0.145189,20,1619.917722
-0.802068,17,1620.366681
0.894589,25,1621.043168
0.992854,26,1621.83491
1.878824,32,1622.735937
0.03234,20,1623.263012
-0.715835,18,1623.738912
0.264761,22,1624.33217
-0.382939,19,1624.87033
0.136896,22,1625.451117
-0.259961,19,1626.031477
0.748517,23,1626.681772
-1.002122,17,1627.132334
0.937783,27,1627.852124
0.02173,21,1628.400261
0.738257,25,1629.029809
0.126028,21,1629.585947
-0.379364,19,1630.088259
0.576652,24,1630.834507
-1.307872,16,1631.252797
-0.362009,19,1631.729511
1.257277,25,1632.386487
-0.14412,20,1632.889709
0.785445,25,1633.544648
0.452493,23,1634.136777
-0.810927,17,1634.584958
-0.388661,19,1635.07857
1.005673,27,1635.810316
-0.754203,18,1636.352777
-0.376139,18,1636.827776
0.329631,22,1637.380165
-0.689242,18,1647.135802
0.92095,27,1647.831195
-0.212443,20,1648.380031
0.660474,24,1649.174851
1.82624,43,1650.27489
-0.0066,20,1650.79798
-1.00795,17,1651.25141
-1.107232,17,1651.689323
-0.043827,21,1652.264951
-0.525561,19,1652.782477
-1.062262,17,1653.212201
-0.486844,19,1653.723836
0.899283,26,1654.404774
0.839418,26,1655.080894
-0.700517,18,1655.584175
-0.763891,17,1656.204534
-1.041085,17,1656.667466
-1.643914,15,1657.046662
0.072461,20,1657.610004
1.247604,29,1658.463718
-0.353642,19,1658.945722
-1.314463,16,1659.379637
0.156664,22,1659.944682
-0.780186,18,1660.42896
-1.092795,17,1660.870593
-0.065653,19,1661.36602
2.099893,35,1662.281412
0.00916,21,1662.837928
0.968276,27,1663.533867
0.162346,21,1664.081989
0.331097,23,1664.688622
-0.182425,20,1665.206568
0.002695,21,1665.906349
-0.819351,17,1666.355274
-1.056577,17,1666.945508
-1.096426,16,1667.38674
1.278689,29,1668.147582
-0.095746,20,1668.672896
0.344133,21,1669.23683
0.193381,21,1669.806806
-0.422807,19,1670.301768
0.285482,22,1670.871684
-0.479054,19,1671.359888
0.159417,22,1671.944849
-0.20849,20,1672.475612
1.33891,30,1673.282676
0.24343,22,1673.864632
0.271671,21,1674.427923
-0.368728,19,1674.956724
-1.325772,16,1675.53218
-0.984312,17,1676.010715
0.911479,26,1676.686158
-0.4638,19,1677.179017
-0.098323,21,1677.72061
0.643706,24,1678.351765
-0.824959,17,1678.79986
-0.826349,17,1679.257777
-1.714984,15,1679.642557
-1.250163,16,1680.059688
0.498615,24,1680.680001
2.177253,42,1681.79487
0.183177,21,1682.334478
-0.13651,20,1682.860025
-1.614045,15,1683.236817
-1.633338,15,1683.613743
1.15324,26,1684.330127
1.191316,28,1685.320396
0.466451,22,1685.916308
-1.888838,14,1686.313805
0.942216,28,1687.042844
-0.347747,19,1687.551268
0.661365,24,1688.161076
-0.048013,20,1688.672441
0.430644,23,1689.268538
-0.329404,19,1689.754186
-1.032571,17,1690.174562
-0.418333,19,1690.65985
0.868968,26,1691.320075
-0.103534,20,1691.837243
-0.933343,17,1692.276616
0.138736,22,1692.877587
0.850095,25,1693.532929
-0.358843,19,1694.131164
-0.977324,17,1694.621361
-1.303282,16,1695.144161
-1.246734,16,1695.591442
0.268946,23,1696.19581
-2.372374,13,1696.57555
-0.608782,18,1697.04587
0.35452,22,1697.663022
-1.036364,17,1698.119891
0.622733,24,1698.756943
-2.032999,14,1699.138686
-0.050419,21,1699.713394
-0.179411,20,1700.282375
-0.141174,20,1700.792469
1.258497,28,1701.50974
-0.359117,19,1702.016963
0.500053,23,1711.822201
-0.688744,18,1712.391479
-0.247013,20,1712.916076
0.311474,21,1713.479736
-0.454749,19,1713.986067
0.517321,23,1714.795661
0.401368,24,1715.419944
-0.232346,20,1715.968583
0.478646,23,1716.606559
0.70825,24,1717.251501
0.026209,21,1717.801793
-1.308901,16,1718.252252
-0.461602,19,1718.770576
-0.125571,20,1719.309304
-0.530109,19,1719.809244
-0.766588,18,1720.281059
-0.051273,21,1720.907465
1.36681,28,1721.770553
0.605958,24,1722.415287
0.481564,24,1723.032689
-2.084609,14,1723.395261
0.990486,27,1724.258893
-1.004918,17,1724.726428
2.336963,38,1725.702838
-1.358813,16,1726.111381
-0.750227,18,1726.591151
0.816769,25,1727.226174
1.41119,28,1727.955113
-0.237183,19,1728.448665
0.660675,25,1729.108052
-0.671892,18,1729.601134
-1.394443,16,1730.080757
-0.286087,19,1730.691113
0.5045,23,1731.285759
1.072647,32,1732.125019
-2.415323,13,1732.462157
-0.522243,19,1732.948043
-2.042938,14,1733.324831
-0.496016,19,1733.893629
-1.337908,16,1734.426603
0.372308,23,1735.041306
2.748244,53,1736.39273
0.312946,23,1736.994476
0.610905,24,1737.628882
0.622262,24,1738.253752
-0.330657,20,1738.763458
-0.990628,17,1739.228223
-0.984526,17,1739.785594
0.509349,23,1740.390722
0.792045,28,1741.101401
0.438223,23,1741.711751
-0.226357,20,1742.235461
-0.723338,18,1742.70526
1.443762,29,1743.47218
-0.875225,17,1744.04145
-0.514426,19,1744.538885
0.234872,22,1745.121913
0.261705,22,1745.688045
-1.671564,15,1746.075698
-0.325339,20,1746.590425
-0.207596,20,1747.092699
0.100153,22,1747.655509
-1.025872,17,1748.09311
0.34639,22,1748.779527
-0.252064,20,1749.322352
-0.734563,18,1749.786282
-0.94784,17,1750.241773
1.008082,28,1751.004935
2.294135,47,1752.301861
2.981134,61,1753.99675
-1.65463,15,1754.400501
-0.999849,17,1754.877362
0.752332,26,1755.540526
-0.592226,18,1756.018371
1.950828,41,1757.103726
0.433691,24,1757.82841
-0.504009,19,1758.369515
-0.732154,18,1758.853044
-0.352065,19,1759.359473
1.824169,35,1760.332723
1.248997,29,1761.098401
-0.1372,20,1761.65925
0.297568,23,1762.239445
0.043148,21,1762.789997
-0.995204,17,1763.228238
-0.255828,20,1763.907491
-0.754418,18,1764.396681
-0.480886,19,1764.878411
2.159291,36,1765.816274
2.761021,73,1777.151247
-1.072727,17,1777.632782
-0.450247,19,1778.128053
-0.747611,18,1778.593022
0.520803,24,1779.198795
1.440922,31,1779.994819
0.610328,25,1780.615961
-1.316993,16,1781.009742
0.391643,23,1781.611736
-0.465544,19,1782.120647
0.613039,24,1782.739923
-0.89251,17,1783.291274
-0.442085,19,1783.839997
1.653307,32,1784.755486
-0.72022,18,1785.266075
0.591821,25,1785.904068
-0.326995,20,1786.435111
-0.26685,20,1786.937179
1.032803,27,1787.614811
-0.360686,19,1788.09564
0.769953,26,1788.761601
-1.33924,16,1789.145885
-0.050315,21,1789.686442
0.423174,23,1790.272804
-1.383636,16,1790.672619
1.444391,31,1791.452915
0.4615,23,1792.02793
-1.071984,17,1792.451186
0.532756,25,1793.233081
0.479784,24,1793.922777
0.126038,22,1794.580496
-0.803912,18,1795.034625
-0.453519,19,1795.529028
2.557822,50,1796.811806
0.674557,24,1797.453074
-0.746454,18,1797.930766
-0.629541,18,1798.381199
1.137923,34,1799.251895
17.151454,200,1804.635995
-0.940937,17,1805.073933
0.832283,27,1805.770095
-1.012428,17,1806.218892
0.037764,21,1806.75158
0.371581,22,1807.297543
-0.13091,20,1807.808418
-0.721978,18,1808.270673
-0.239651,19,1808.748222
-0.048052,21,1809.276802
-0.505714,19,1809.76158
0.12872,22,1810.308351
4.268196,112,1813.413154
6.465912,147,1817.225845
0.590619,24,1817.850101
-0.171299,20,1818.367341
-0.500276,19,1818.864223
1.159611,29,1819.627784
-0.232659,20,1820.128382
-0.47543,19,1820.617297
0.34707,23,1821.216102
2.366442,65,1823.118311
-0.51408,19,1823.640315
-0.785961,18,1824.103391
-1.258446,16,1824.519689
-1.118613,16,1824.918169
2.077394,42,1825.963121
0.475829,24,1826.573922
-1.27483,16,1827.004239
-1.036364,17,1827.443288
0.291496,23,1828.031293
0.148397,21,1828.588367
-0.035751,21,1829.125872
1.363293,31,1829.917419
0.363004,24,1830.537485
1.018908,27,1840.569767
-0.99927,17,1841.018397
0.656565,26,1841.693845
-1.460767,15,1842.099706
0.905631,27,1842.909263
0.895995,26,1843.574378
-0.751186,18,1844.050314
-0.381864,19,1844.569515
-1.745335,15,1844.955924
0.493763,25,1845.594852
-0.780195,18,1846.052413
-0.156442,19,1846.547472
-0.161867,20,1847.077561
-0.785375,18,1847.568695
18.186669,200,1853.018938
0.442801,23,1853.661258
-0.250771,20,1854.189934
-0.032361,21,1854.717667
1.106445,26,1855.360713
-0.546358,18,1855.836522
-1.023176,17,1856.266968
1.290989,30,1857.092938
-0.418985,19,1857.579782
-1.341773,16,1857.99565
-1.057162,17,1858.548006
-0.739242,18,1859.025423
0.703651,25,1859.639287
-1.720153,15,1860.020275
-0.772733,18,1860.466402
-1.394866,16,1860.866115
-1.05087,17,1861.297151
-0.180515,20,1861.792454
-1.036364,17,1862.208754
3.203564,97,1864.812264
0.895575,27,1865.532341
-0.546563,19,1866.040383
1.964948,67,1867.923424
0.401729,23,1868.531502
0.335465,23,1869.126098
-1.266316,16,1869.5444
-0.436955,19,1870.022134
-0.687689,18,1870.466988
-0.539471,18,1870.928457
0.06744,21,1871.458397
0.110619,21,1872.003996
0.229339,21,1872.587984
0.216523,22,1873.227304
-2.007129,14,1873.588098
-1.31513,16,1874.002892
2.166574,64,1875.598986
-0.478503,19,1876.084012
-1.399818,16,1876.56964
0.201792,22,1877.17678
-0.46887,19,1877.649945
0.471826,23,1878.243322
-0.789841,18,1878.72631
14.044758,200,1883.948727
-0.056264,21,1884.483359
-1.288243,16,1884.891978
0.029484,21,1885.523145
-1.41975,16,1885.930111
1.316671,31,1886.696675
-0.464602,19,1887.176748
0.55524,23,1887.73214
-0.502381,19,1888.201513
5.513064,185,1893.045126
-0.701177,18,1893.5064
1.560423,29,1903.580111
-1.017464,17,1904.156789
-0.281996,20,1904.665241
0.018932,21,1905.200942
0.477329,23,1905.787866
17.546652,200,1910.645446
6.128367,152,1914.840598
0.574595,24,1915.443283
14.035248,200,1920.531273
0.024435,21,1921.161243
0.001334,21,1921.770135
-0.465918,19,1922.377095
-2.078653,14,1922.752238
-0.478292,19,1923.231304
5.387611,180,1927.713124
-1.624783,15,1928.105606
-0.494899,19,1928.567323
1.567705,35,1929.411577
-1.032931,17,1929.831599
18.696422,200,1935.063719
-0.744005,18,1935.537291
0.629421,25,1936.177947
0.799533,25,1936.818205
0.230556,22,1937.393357
-1.619655,15,1937.776478
0.560732,24,1938.38557
0.535328,23,1938.972441
0.101131,21,1939.503608
0.672236,25,1940.11172
0.419483,23,1940.796901
-0.7563,18,1941.373802
0.619026,25,1942.048223
0.596656,25,1942.674379
16.880581,200,1947.792704
-1.261805,16,1948.193272
1.544051,45,1949.289763
-0.485409,19,1949.880878
18.432221,200,1954.940053
-0.389999,19,1955.415231
0.142309,21,1955.944199
-1.279076,16,1965.751405
1.016793,28,1966.443705
-0.740831,18,1966.896258
16.585825,200,1972.18479
-0.205613,20,1972.690602
-0.927,17,1973.135398
-0.061306,20,1973.65021
0.622271,23,1974.233923
-1.570881,15,1974.609512
-1.328549,16,1975.021297
18.961558,200,1980.085888
-1.355767,16,1980.503748
-0.177641,20,1981.157822
-1.027186,17,1981.603674
0.76897,26,1982.244968
-0.552881,18,1982.699466
-1.357464,16,1983.104753
-1.017039,17,1983.534924
-0.475988,19,1984.012604
14.469615,200,1989.133087
-2.040806,14,1989.478826
-0.726932,18,1989.949567
-1.25848,16,1990.368123
-0.118498,20,1991.002273
0.416128,23,1991.601334
16.222166,200,1996.709426
-0.725427,18,1997.18115
-0.592222,18,1997.635579
-1.546826,15,1998.005156
-0.224609,20,1998.514933
-0.966506,17,1998.945374
-0.999622,17,1999.367493
0.302125,23,1999.954397
17.760196,200,2005.33145
-0.38506,19,2005.798597
0.201248,22,2006.350662
0.244313,22,2006.896963
-0.921659,17,2007.316264
-0.513944,19,2007.788395
-0.206684,20,2008.296023
2.679332,54,2009.639581
-0.23939,20,2010.145324
-0.651278,18,2010.712326
0.416919,22,2011.281858
1.191522,30,2012.056391
-0.381844,19,2012.550361
-0.885666,17,2013.106123
-0.263294,20,2013.628084
-0.652718,18,2014.093401
-0.439831,19,2014.579027
0.507025,24,2015.194011
-0.166651,20,2015.759735
0.789001,26,2016.423686
0.950617,29,2017.177746
-0.228231,20,2017.710101
0.708646,24,2018.334789
-0.618039,18,2018.809394
0.399965,23,2028.963212
-1.009969,17,2029.404598
-0.809212,18,2029.880147
-0.341103,19,2030.563245
-2.04379,14,2030.946907
0.824852,31,2031.691332
-0.318048,19,2032.144921
-0.238049,20,2032.636074
-0.035675,21,2033.136731
-0.348347,19,2033.614539
-0.353748,19,2034.07525
-1.217968,16,2034.481284
0.982048,28,2035.188637
-1.040373,17,2035.629691
-0.645234,18,2036.084859
0.161838,22,2036.630764
0.288789,23,2037.202358
0.716903,25,2037.830572
1.085319,50,2039.158873
-0.392163,19,2039.700432
15.793596,200,2044.738483
16.776552,200,2049.999832
0.666763,26,2050.681982
-0.319305,19,2051.16029
-1.328733,16,2051.543575
-0.144786,20,2052.041981
0.404205,24,2052.642855
-0.491646,19,2053.113101
0.731738,25,2053.729227
0.177764,22,2054.277053
-1.613555,15,2054.675816
18.096451,200,2060.020291
-1.651901,15,2060.402821
-0.874876,17,2060.832817
16.648549,200,2065.797559
0.077334,21,2066.332549
-1.000731,17,2066.757362
-0.30993,20,2067.399873
-0.659221,18,2067.865917
1.034824,29,2068.571746
0.400466,24,2069.309143
0.004249,21,2069.848391
19.082506,200,2074.760044
0.596816,24,2075.374593
0.243359,22,2075.924167
0.197653,22,2076.597229
-0.4571,19,2077.077776
-0.17914,20,2077.592644
-0.642418,18,2078.046887
-1.030591,17,2078.502624
1.321452,28,2079.313824
-0.208481,20,2079.848428
-0.043654,21,2080.394219
