#{"t_start": 1773418019.664181, "env_id": "continuous-highway-v0"}
r,l,t
-0.75913,12,0.375021
-0.685545,13,0.763361
-0.525873,13,1.129305
0.386254,13,1.548451
-1.058101,11,1.929675
-1.267953,11,2.272118
-1.456876,12,2.627221
-1.735689,11,2.952378
-0.168197,12,3.293565
-0.980915,12,3.653173
-1.185419,12,4.017961
-0.38352,13,4.491169
-2.293892,10,4.786575
-0.299597,13,5.168006
0.522955,14,5.578993
0.29898,13,5.96654
-0.809065,12,6.316725
-1.528008,11,6.633053
-0.994027,13,7.015788
-0.172411,13,7.407626
0.077198,13,7.800078
-1.82249,10,8.112662
-0.861706,12,8.470057
-1.01957,12,8.803266
-0.356022,14,9.241674
-1.123101,11,9.579964
-0.505681,12,9.947103
-1.097041,12,10.310268
-0.282793,13,10.759186
-0.913837,13,11.177474
-0.161853,12,11.552612
-1.87959,10,11.851806
-2.224835,10,12.158201
-0.914073,12,12.506309
-0.717657,12,12.862557
-1.548823,11,13.196445
0.250575,14,13.617332
-0.477067,12,13.987289
-1.678244,10,14.302195
0.152767,14,14.795511
-1.885001,11,15.121477
-0.55826,13,15.509179
-0.24243,12,15.859831
0.488445,13,16.23978
-0.325469,12,16.595859
-0.772232,12,16.944097
-0.216723,13,17.338538
-1.769835,10,17.635153
-1.510533,12,17.990329
-0.825534,12,18.328678
-0.742084,13,18.703932
-1.562914,11,19.020611
-1.961403,11,19.335922
-1.542961,11,19.667573
-2.398126,10,20.038704
0.227968,14,20.490135
-0.289008,13,20.857793
-0.214311,13,21.205291
-0.207372,14,21.566183
0.343041,14,21.947092
-2.449167,10,22.202999
-2.602991,10,22.481702
-0.677741,12,22.809177
-0.370783,13,23.158103
-0.403719,12,23.470779
-0.368815,13,23.808313
-0.492523,12,24.136056
-0.205011,12,24.519566
-1.179819,12,24.891603
-1.316918,11,25.201031
-1.136537,11,25.484844
-1.603608,12,25.790507
-0.952478,11,26.087745
-2.098857,10,26.364954
-0.94043,11,26.655155
-1.277521,11,26.940728
-0.742887,12,27.257145
0.185951,13,27.606848
0.628185,14,27.981652
-0.614197,12,28.293973
-1.610342,11,28.690964
-0.046179,13,29.082775
-1.555144,11,29.367744
-1.829533,10,29.641581
-1.079968,12,29.961803
-0.010855,14,30.352976
-1.481047,11,30.674147
-1.113802,11,30.996525
-0.771321,12,31.343376
-1.109251,12,31.684615
-1.38319,11,31.999517
-0.364854,12,32.345929
-1.58973,11,32.649858
-0.846136,13,33.01387
-0.933263,11,33.344558
-0.260549,13,33.723777
0.283867,13,34.093548
-0.853482,13,34.518313
-0.321104,13,34.912215
-0.569404,12,35.263617
-1.101527,11,35.576701
-0.991188,12,35.913191
-0.465424,12,36.247881
-0.605165,12,36.59104
0.31157,13,36.952276
0.125974,13,37.32467
-1.297625,12,37.7256
-0.055499,13,38.175267
-1.74371,10,38.450357
-1.571256,11,38.761869
-1.557087,11,39.067055
-1.962913,11,39.368473
-0.407993,13,39.725504
-0.950838,12,40.081204
-1.611468,10,40.383949
-0.65506,12,40.727954
-1.128708,11,41.030264
-1.062897,11,41.347941
0.250815,13,41.721864
-1.743024,11,42.039497
-1.922889,11,42.359006
-1.927534,10,42.63221
0.148782,13,43.000384
-0.990473,11,43.312758
-0.540953,12,43.648896
-1.153616,10,43.929636
-1.086655,12,44.259419
-0.213574,13,44.731274
-1.786356,10,45.013754
0.547246,13,45.367528
-1.302582,11,45.680758
-1.249528,12,46.026377
-1.127215,11,46.337787
-0.688972,11,46.654243
-0.506768,12,47.069945
-1.16301,12,47.457483
-0.677377,13,47.83095
-1.55679,11,48.142126
-1.963326,11,48.433827
-1.573745,11,48.740836
-1.949381,10,49.02251
-1.384037,12,49.365892
-1.060691,11,49.689185
-0.706625,11,50.026465
-0.021473,13,50.416198
-0.400925,14,50.823484
-1.815018,10,51.122943
-0.27995,13,51.478599
-1.935645,10,51.754485
-0.786672,13,52.134274
0.404385,14,52.534869
-0.887291,12,52.882951
-0.470403,12,53.215246
0.222849,14,53.617494
-1.931345,10,53.904646
-2.280034,10,54.17885
-1.643899,11,54.556475
-0.796949,12,54.90848
-2.278802,10,55.187184
-1.197259,12,55.537289
-1.024783,11,55.849313
-0.895605,12,56.27405
-2.254774,9,56.581541
0.127364,14,56.980235
0.200645,14,57.373335
-1.163492,11,57.68681
-1.407706,12,58.035212
-0.088215,12,58.374281
-0.484709,13,58.743687
-0.521421,12,59.081631
-1.792269,11,59.394844
-0.138114,13,59.754016
-0.001917,12,68.597177
-0.489056,13,68.956289
-1.257639,12,69.284804
-0.063824,15,69.717258
-1.220569,11,70.023058
-0.935605,11,70.320186
-0.465202,13,70.682782
-1.19956,13,71.034702
-0.646627,12,71.362889
-0.032324,14,71.757363
-1.461544,11,72.06999
-0.370508,13,72.437336
-1.121722,11,72.742708
-0.207399,13,73.102681
0.250206,14,73.496466
-0.216774,14,73.935723
0.486288,14,74.41746
-1.415492,12,74.767559
-1.501835,11,75.073675
-1.650372,11,75.387456
-1.17345,12,75.729404
-1.328404,11,76.044001
-0.655724,13,76.413669
-1.371307,12,76.75331
-1.222309,11,77.067383
-1.000905,13,77.437398
-0.098635,13,77.788647
-1.068931,11,78.111205
-1.151952,12,78.439946
0.412114,13,78.809879
-1.413215,12,79.156424
-2.060199,11,79.477719
-2.865641,9,79.727617
-0.893314,12,80.058321
-1.167416,12,80.404943
0.329881,13,80.781053
-0.846246,13,81.15504
-1.596506,11,81.465086
-0.67121,13,81.830737
-0.828,12,82.169993
-0.458162,13,82.543131
-0.55309,13,82.909199
-0.728993,12,83.330711
-1.244036,11,83.681082
-1.919559,11,84.030211
-1.011447,12,84.431237
-0.746812,12,84.764073
-1.532519,11,85.046834
-2.272527,10,85.307347
-0.432317,13,85.643311
0.398281,14,86.019919
-1.975523,11,86.3316
-0.802769,13,86.708124
-0.174931,13,87.067884
-1.167759,12,87.410504
-1.536072,10,87.682032
-1.257619,11,87.974373
-0.702946,13,88.325118
-0.609321,12,88.661896
-2.243539,10,88.937118
0.275276,15,89.331033
-1.941087,10,89.609058
-1.824191,11,89.900537
-0.454879,13,90.244238
-0.53817,13,90.590368
-1.374143,12,90.919297
0.176455,13,91.267691
-1.035442,12,91.596792
-0.317097,13,91.986158
-0.42764,12,92.418368
-0.2585,14,92.816407
-0.055755,12,93.130706
-1.903527,11,93.428392
-0.679253,12,93.74583
0.3299,13,94.163077
-1.483419,11,94.489672
-0.251117,13,94.855585
0.592783,15,95.264262
-1.140431,11,95.556111
-0.23142,12,95.861762
0.247417,13,96.204928
-1.996343,10,96.480673
-1.275865,11,96.76944
-0.223594,14,97.160499
-0.090687,13,97.538914
-0.09248,13,97.899661
-0.532741,12,98.236048
-0.984354,12,98.581369
-0.562234,12,98.917278
-0.664652,11,99.230471
-1.187522,12,99.559142
-1.574042,11,99.872058
-0.586165,11,100.175945
-0.47579,12,100.50848
-0.107439,14,100.921767
-0.80379,12,101.343033
-1.363322,11,101.675109
-0.499277,12,102.005901
-1.310515,11,102.313815
-0.315823,13,102.683514
-0.200145,14,103.063901
0.173017,13,103.416699
0.198812,14,103.832788
-1.823213,11,104.238967
-1.988039,10,104.509419
-1.263443,11,104.822179
-0.012077,14,105.215004
-0.566081,12,105.543904
-1.4591,11,105.841697
0.039994,14,106.256111
-0.423815,15,106.664186
0.082613,13,107.030644
-0.306902,13,107.398996
-1.41382,11,107.705238
-0.687335,12,108.0298
-0.475676,14,108.420339
-0.462509,12,108.766702
-0.427249,13,109.131233
-1.758579,11,109.439228
-1.388133,11,109.736335
-1.969698,10,110.039584
-1.156803,11,110.445223
-1.33572,11,110.800155
-0.90062,13,111.187611
-0.815684,12,111.538334
-1.438536,11,111.85821
0.44541,14,112.267891
-1.777804,11,112.572291
-1.570351,11,112.889028
-0.715113,12,113.195361
-1.095995,12,113.519334
-1.636924,12,113.846659
-1.664336,11,114.281524
-1.987511,10,114.581089
-0.936726,12,114.900415
-0.471722,13,115.263858
-0.251103,13,115.629207
-1.168339,11,115.946246
-1.312038,12,116.274512
-0.056817,14,116.655223
-1.291254,11,116.967474
-1.246269,11,117.255873
-1.936155,11,117.559516
-0.897352,12,117.878649
-1.694432,10,118.153965
-0.395376,14,118.536275
-0.305923,12,118.864811
-0.960176,13,119.302946
-0.851678,13,119.706313
-0.29802,13,120.081202
0.171875,14,120.45806
-1.14633,12,120.778343
-0.085204,13,121.135447
-2.216574,10,121.39208
-0.390581,13,121.756805
-1.848113,11,122.07174
-0.395408,15,122.474504
-2.481344,10,122.750768
-1.218951,12,123.091447
-0.14589,13,123.466585
-1.991697,11,123.761287
-0.605793,12,124.074709
-0.104208,13,124.51037
-1.715945,11,124.835784
-0.367722,13,125.21044
-1.784636,10,125.478131
-0.618694,12,125.828258
-0.860157,12,126.177653
-1.495336,11,126.474894
-0.201554,13,135.456537
-0.234196,14,135.860314
-0.862141,13,136.205691
-1.925709,11,136.504167
-0.885089,12,136.86478
-0.942159,13,137.333631
0.260919,15,137.808419
-0.782489,12,138.153595
-0.748053,13,138.521881
0.681499,16,138.971911
-0.287629,13,139.343013
-0.113077,15,139.776889
0.342859,14,140.154151
-0.698347,12,140.499305
-2.225891,10,140.77154
-0.543556,12,141.108092
-0.961154,12,141.454957
-0.162384,14,141.855435
-0.948356,13,142.224057
-1.146633,12,142.559578
-1.622241,12,142.904393
-2.051722,10,143.191227
-0.83088,12,143.522772
-1.672395,11,143.834514
-0.201129,13,144.302794
0.498306,15,144.727303
-2.274995,10,145.017586
-0.904489,12,145.363969
-0.043011,13,145.741466
-2.177927,11,146.047492
-0.271495,14,146.574331
-1.498423,11,146.926073
-0.210268,13,147.298084
-0.788719,13,147.66882
0.044337,14,148.056384
-0.222651,14,148.442576
-1.389897,12,148.772431
-1.433949,12,149.110049
0.270554,15,149.520018
-1.104317,12,149.875156
-0.657423,13,150.229251
-0.3531,14,150.633321
-0.771474,13,151.003527
-2.085493,10,151.285261
-0.649754,15,151.746223
-1.823711,11,152.071059
-1.027102,13,152.442923
0.489989,14,152.820525
-0.021758,15,153.236115
-1.487194,11,153.54285
-0.847922,12,153.919821
-0.696787,13,154.36574
-2.394098,10,154.653495
-1.992651,11,154.953846
-0.750443,11,155.245513
-1.764208,10,155.537443
-2.012067,11,155.916052
0.31241,15,156.352032
-1.330081,12,156.675009
-1.331937,12,156.994793
-0.771847,13,157.330915
-1.710392,11,157.612442
-1.091715,13,157.953732
0.911549,15,158.338991
-0.431997,12,158.658789
0.539569,15,159.059788
-0.402485,13,159.401706
-1.321388,11,159.685652
-0.841739,13,160.020005
-0.389588,13,160.362669
-1.918558,11,160.661495
-0.839991,12,160.982459
-0.758428,14,161.34869
-0.457063,12,161.646513
-0.251544,13,161.989849
-0.093413,15,162.385918
-0.771145,13,162.722364
-0.331604,13,163.050279
-0.851889,13,163.401796
-0.182113,14,163.901603
-1.932698,11,164.240192
-2.060925,11,164.63224
-1.260331,11,164.971823
-0.66622,13,165.354679
-1.458046,12,165.702876
-0.527161,13,166.070856
-1.830303,11,166.380008
-1.622705,11,166.713349
-0.269259,12,167.071873
-1.74824,12,167.403637
-1.172507,12,167.750047
-0.797532,12,168.098554
-1.071955,12,168.447672
-1.68452,11,168.757619
-0.947529,13,169.123361
-1.351381,12,169.480247
-0.583056,13,169.846779
0.304687,17,170.33333
-0.797987,13,170.700928
0.971276,17,171.171703
-1.164063,11,171.49707
-0.641734,13,171.869273
-1.547136,11,172.194186
-1.479253,12,172.552105
0.651917,14,172.958941
1.722329,18,173.512989
-0.586586,12,173.947622
-1.059472,11,174.291337
0.553846,14,174.680819
-1.308577,12,175.014758
-1.525729,12,175.360537
-1.826665,11,175.665876
-0.870596,11,175.969725
-0.404258,12,176.302296
-0.834055,13,176.650916
-0.941376,12,176.990564
-0.671214,13,177.34807
-0.340771,13,177.711808
-0.585287,13,178.070491
-0.210395,14,178.44421
-1.348968,11,178.749729
0.519311,14,179.142294
-0.816565,13,179.507639
-1.042451,11,179.812211
-1.285122,11,180.135824
-1.006133,13,180.507703
-0.110353,13,180.881034
-1.058835,13,181.250008
-1.684792,11,181.556926
-0.911414,13,181.934245
0.112817,14,182.336151
-1.245486,12,182.692879
-1.064804,13,183.191595
-0.274505,15,183.72592
-1.652234,11,184.062606
-0.153584,14,184.464186
-1.172522,12,184.805555
-0.941029,13,185.164477
-0.240405,13,185.51174
0.447683,15,185.932293
-1.300805,12,186.261271
-0.693295,13,186.627276
-2.069662,10,186.897533
-2.053303,10,187.166476
0.450077,13,187.527376
-0.103734,13,187.903909
0.208237,13,188.288648
-0.816395,13,188.658138
-0.921111,12,188.992075
-1.387486,12,189.328791
-1.301859,12,189.671336
-0.278052,13,190.03759
-1.389998,11,190.344474
-0.685096,13,190.71748
-0.041303,14,191.111542
-0.496601,14,191.498932
0.259602,15,191.909987
-0.386233,13,192.336787
-0.36728,13,192.744187
-0.882907,12,193.114025
-0.960941,13,193.567847
-0.326962,13,193.929062
-1.477585,11,202.889099
-0.575836,13,203.294992
-1.391369,12,203.632366
-1.274994,11,203.957881
-0.425946,14,204.355973
-1.026858,12,204.694626
0.656963,17,205.173802
-0.827025,13,205.546741
-2.163737,10,205.830803
-0.63348,14,206.23052
0.650805,16,206.683285
-0.663022,13,207.057224
-1.307959,13,207.431285
-0.668861,13,207.78761
0.07006,13,208.159595
-0.089183,14,208.550928
-0.564579,12,208.909656
-0.920418,12,209.251283
-1.222657,13,209.60771
-0.749238,13,209.971709
-0.503525,13,210.452402
-1.918456,11,210.799597
-1.485636,11,211.10485
0.057649,14,211.497885
-1.167229,12,211.848752
-0.443041,13,212.222402
0.38323,16,212.761952
-2.223224,10,213.071676
-0.641713,13,213.434113
-1.882788,11,213.748616
-1.189586,11,214.050747
-0.516683,14,214.449302
-1.180754,11,214.76557
-0.406319,15,215.199639
0.332318,14,215.578255
-2.2769,10,215.852735
-1.252928,12,216.202816
-1.125965,13,216.590498
-0.124793,16,217.044941
-1.097601,13,217.402536
-1.337991,12,217.732645
-1.106484,12,218.063294
-0.094771,15,218.469029
-1.804571,11,218.767836
-1.512002,11,219.075066
-1.683427,11,219.402867
0.298888,17,219.982185
-1.109549,12,220.329652
-0.395149,13,220.703291
-0.42732,15,221.116716
-0.805389,12,221.423049
0.052139,14,221.796758
-0.089591,13,222.193202
0.052541,14,222.692038
-1.437314,13,223.095516
-1.44547,11,223.37939
0.101388,14,223.747329
-0.707979,14,224.122153
-1.846813,11,224.415075
-1.957523,11,224.700244
0.315646,15,225.07315
-0.530215,15,225.462385
-0.579666,13,225.792425
-1.439519,12,226.106626
-1.394729,13,226.445299
-0.2462,15,226.835287
-0.396981,13,227.180755
-1.262511,11,227.465959
-0.045342,15,227.871413
-1.133008,12,228.194515
0.3442,14,228.683735
-1.085865,14,229.065483
-0.220144,13,229.395593
-1.94367,11,229.697323
-0.535457,13,230.030642
-2.112712,10,230.292476
0.290899,14,230.654956
-1.243028,11,230.968512
-0.092919,14,231.372904
-0.499373,13,231.780701
-0.101426,14,232.252364
-1.575923,12,232.626838
1.396328,18,233.124559
-0.330581,12,233.468054
-1.288723,12,233.820005
0.420875,16,234.273339
-1.104916,12,234.635
-0.732504,13,235.012874
0.234119,15,235.454595
-1.26902,12,235.799374
-0.943315,13,236.181826
0.850542,15,236.613837
-0.517631,14,237.00855
0.182319,16,237.569738
-1.602995,11,237.903197
-0.070662,12,238.247859
0.203435,14,238.645604
-0.802436,13,239.015371
0.823261,14,239.413511
-1.952698,11,239.733668
-0.344836,13,240.099634
0.245733,14,240.503338
-0.917941,12,240.8451
-1.069273,12,241.192425
-1.021275,13,241.604038
0.028693,15,242.074372
-1.305332,13,242.44645
-1.008965,14,242.839708
-1.076043,12,243.158553
-1.154976,13,243.517566
-0.255552,14,243.902168
-0.604565,15,244.34225
-0.786944,13,244.712891
-0.611408,14,245.112348
-0.856352,12,245.46254
-1.611479,11,245.773288
-0.305952,14,246.183641
-0.500526,15,246.665872
-0.77626,13,247.076283
-1.538784,12,247.422461
-0.487998,13,247.797764
-2.174554,11,248.109458
-1.405899,12,248.446074
-0.373139,13,248.819978
-0.519422,13,249.190976
-0.554933,13,249.549807
-0.656757,14,249.949272
-0.421375,15,250.374697
-0.362072,15,250.803954
-0.172785,14,251.246315
0.042204,16,251.766352
-1.49917,12,252.113332
-1.286618,12,252.451392
-0.772538,13,252.80962
-1.490911,11,253.101516
-1.621173,11,253.409814
-0.012442,14,253.809139
-0.847692,12,254.144607
-0.687114,13,254.501141
-1.06117,13,254.858157
-1.371983,12,255.179378
-0.497531,13,255.531881
-0.084123,14,256.036927
0.302933,16,256.518803
-0.665541,15,256.923022
-0.871346,14,257.317844
-0.953813,13,257.693221
-0.143022,14,258.079551
-0.916516,12,258.412059
-0.344728,13,258.778874
-0.676644,14,259.19182
-1.114082,13,259.566595
-1.457761,12,259.902395
-1.081324,12,260.252366
-0.843259,13,260.611239
-0.856224,12,260.987592
0.5635,14,261.451785
-0.861275,14,270.369742
-0.010508,15,270.883335
0.807472,18,271.393784
0.470686,16,271.854127
-0.866288,15,272.286469
-0.30775,14,272.677079
-0.908444,15,273.085174
-0.775818,13,273.450205
-0.974565,13,273.908891
-1.508975,11,274.24681
-0.151196,13,274.616146
-1.052883,13,274.984183
-0.348916,14,275.382949
-0.645705,13,275.741437
0.518198,14,276.13212
-0.56775,14,276.525257
-1.143257,12,276.861239
-0.54456,14,277.260813
-0.385927,14,277.652417
-1.1247,13,278.011467
-1.948259,11,278.322539
-1.250521,12,278.657591
-0.994604,13,279.024772
-1.451148,12,279.369107
-1.586904,12,279.702671
-0.063155,13,280.077384
-0.265846,15,280.611428
0.600826,16,281.067415
-0.439712,13,281.448284
-0.343572,15,281.888631
0.219489,14,282.285265
-1.165383,13,282.667898
-0.283316,14,283.128876
-0.860167,14,283.565824
-0.310707,14,283.966992
-0.426101,13,284.345889
-1.856691,12,284.702139
-0.411215,14,285.099307
0.055866,14,285.489634
-1.526642,11,285.813873
-1.248439,12,286.14685
-0.812391,14,286.544897
-1.894136,11,286.857266
-0.035872,15,287.268335
-0.741771,13,287.620027
-1.096576,13,287.962622
0.109339,14,288.326222
-1.259979,12,288.633798
-0.847994,14,289.010315
-1.284234,12,289.318317
-1.423374,12,289.627304
-0.365722,14,290.010586
-1.322492,13,290.435227
-1.789619,12,290.751411
-1.027347,12,291.063022
1.103654,17,291.510925
-0.836977,15,292.000878
0.758085,18,292.531324
-0.249424,14,292.895107
-1.267137,13,293.234538
-1.774236,12,293.54289
-0.388389,14,293.904254
-0.734719,13,294.258034
-1.270978,13,294.603388
0.817142,16,295.023915
-1.020094,13,295.36277
-0.256518,15,295.761211
-0.000571,15,296.143626
0.004408,13,296.478442
-0.554154,14,296.870514
-0.379532,14,297.277253
-0.357483,14,297.684325
-1.079636,12,298.021192
0.20163,14,298.404857
-0.716101,12,298.726848
-1.20129,14,299.127682
-0.697874,15,299.540428
-1.112689,12,300.034401
0.037959,15,300.474877
0.571721,15,300.985367
-1.354315,12,301.364441
-0.51335,14,301.772038
-1.302459,13,302.139838
-0.51485,13,302.522727
0.015244,14,302.929122
-0.994662,13,303.303114
-1.459601,13,303.687483
-2.071943,11,304.006852
-1.535409,11,304.285263
-1.647156,11,304.581557
-1.112382,12,304.908958
-2.165626,11,305.225382
-0.137616,14,305.626397
-1.199362,12,305.963079
-0.889823,13,306.321157
-1.496083,12,306.658297
-0.626253,14,307.057281
0.204977,15,307.474303
-0.795024,14,307.866891
-1.119372,13,308.227157
0.267265,16,308.684531
-1.42844,11,308.98604
-1.116646,14,309.403437
-1.995411,12,309.851587
0.529754,15,310.40588
0.389602,16,310.874992
-1.104473,12,311.19331
-0.298914,14,311.565009
-0.634582,12,311.897123
-1.247646,12,312.246029
-1.271925,14,312.654843
-0.446236,13,313.022651
-0.512548,15,313.427885
-1.024225,13,313.792869
-0.562857,13,314.166537
-0.307099,14,314.569422
-0.759848,13,314.937383
-0.2831,15,315.355659
-1.950219,11,315.657673
-0.595992,13,316.018681
-0.34852,14,316.411127
-0.110073,14,316.804672
-1.867853,11,317.104286
0.86664,18,317.618369
-0.36179,13,317.976851
-1.949697,12,318.318962
0.040607,14,318.718033
0.024166,16,319.189903
-1.374482,13,319.664586
-1.343082,12,320.026201
-0.659341,14,320.433413
-0.42908,14,320.848346
-0.80741,13,321.206407
1.225016,18,321.70271
-0.34233,15,322.128013
-0.442873,14,322.520626
-0.29691,14,322.90381
-0.6162,13,323.272566
-0.421998,14,323.671761
0.149965,15,324.087259
0.307137,18,324.591703
-1.438264,13,324.959344
-0.743436,12,325.302613
-0.398497,13,325.669829
-0.309517,14,326.061248
-2.196632,10,326.348759
0.101236,14,326.733085
-0.798113,13,327.086977
-0.390116,13,327.446789
-0.008716,15,327.871705
-1.17533,13,328.248234
-0.303423,13,328.656137
-0.05365,14,337.774586
-0.371014,16,338.210444
-0.47716,15,338.724252
-1.233364,12,339.082868
-1.215026,13,339.453422
-1.589489,13,339.814819
-0.747936,14,340.198779
-0.423482,15,340.623991
-0.256695,13,340.987826
0.022339,14,341.394069
-1.445439,13,341.758597
0.468359,17,342.229586
-1.213643,12,342.553559
0.142962,16,343.000631
-1.963528,13,343.357662
-1.333984,13,343.73203
-1.0784,13,344.087061
0.853053,15,344.518895
-0.145136,16,344.976568
0.701365,16,345.393092
-0.263015,15,345.800923
-1.508809,14,346.218928
0.303432,15,346.683227
-1.350433,12,347.037594
-0.100612,15,347.46537
-1.728209,13,347.836239
-2.209868,11,348.162413
-1.179663,13,348.609804
-0.508203,14,349.003177
-1.584972,12,349.336246
-0.742111,15,349.747787
-1.466568,11,350.058002
0.166797,14,350.42306
0.570938,16,350.868964
-0.198935,14,351.277376
0.150102,16,351.705976
-1.80191,12,352.040958
-1.169484,14,352.438444
0.270996,16,352.900472
-0.696771,14,353.255612
-0.889662,15,353.655829
-1.381805,13,353.995073
-0.867852,13,354.340714
0.577852,17,354.801485
-0.374074,16,355.270259
-0.556663,14,355.721603
0.035108,17,356.208166
0.037173,16,356.661101
0.230129,15,357.059235
-0.24822,15,357.477864
-1.25538,14,357.872885
-0.615406,15,358.337489
-0.372317,14,358.774889
-0.869504,14,359.152365
0.096997,15,359.551926
-0.430756,15,359.946997
0.640269,19,360.433625
-0.728429,13,360.798319
0.538076,15,361.20179
-0.659496,13,361.577847
-0.979303,12,361.905466
0.522202,14,362.291233
0.39723,14,362.696172
-0.603153,13,363.063624
-0.66435,15,363.501332
0.14622,15,363.913362
-2.142833,12,364.359357
-0.858347,13,364.752881
-0.341002,16,365.212158
-1.182024,12,365.551975
-0.068754,14,365.94979
-0.352671,14,366.348129
-1.362861,13,366.728434
-0.674004,13,367.102206
-1.001112,13,367.462647
0.180028,15,367.892182
-0.035579,15,368.413141
-1.037656,13,368.787807
-2.297056,11,369.090395
-0.140961,16,369.569196
-1.278032,13,369.940726
-1.337088,14,370.354777
-0.085211,16,370.815978
-2.38621,11,371.115906
-0.821103,14,371.519929
-1.933608,12,371.855871
0.961414,16,372.320615
-0.186949,15,372.756954
-0.651561,13,373.147777
-1.679941,12,373.609854
-1.826136,12,373.965925
-0.706221,13,374.338268
-0.499125,14,374.764864
-0.385478,14,375.166741
-0.628809,16,375.655513
0.88239,19,376.217326
-0.72302,14,376.626601
-1.094913,13,377.004781
-0.745246,14,377.413481
0.927359,18,377.918839
-1.074876,13,378.386195
-0.840595,13,378.80288
-0.426395,15,379.247292
-1.121672,12,379.602978
-1.33595,12,379.956042
-1.194627,13,380.343027
0.60765,18,380.873945
-0.320987,15,381.325557
0.196348,16,381.796776
-0.906601,15,382.230271
-1.717164,12,382.669683
-0.929816,12,383.035361
-0.456601,15,383.497218
-0.021507,15,383.926918
-1.41836,13,384.301547
-1.151527,13,384.676173
0.327515,15,385.112466
0.452395,18,385.621598
-0.549531,16,386.066487
-1.614765,13,386.48442
0.087377,16,386.939255
-1.034702,13,387.314426
-0.7346,13,387.691912
-1.734724,12,388.059705
-0.420012,14,388.568564
0.085059,16,389.048203
0.513272,15,389.490192
-0.799418,14,389.902741
-0.353411,14,390.300375
-0.779192,15,390.738658
-0.544967,15,391.162464
-0.948229,12,391.51074
-2.102235,12,391.945474
-0.562826,16,392.431855
0.076432,17,392.91252
-0.685726,15,393.346502
-0.183073,15,393.780654
0.256627,15,394.200138
-1.486814,11,394.532132
0.514887,17,395.032944
-1.898517,11,395.367655
-0.261268,14,395.781152
0.562466,20,396.359884
-1.312848,12,396.717539
0.360491,16,406.096244
0.555703,19,406.642386
-0.380679,15,407.071859
-0.178381,15,407.562525
-0.815344,15,408.067385
-0.730244,14,408.480556
-0.036707,17,408.982491
-0.879139,16,409.447257
-2.443919,10,409.81064
0.370749,15,410.305728
-1.120069,13,410.676955
-0.401425,13,411.048909
-1.244112,12,411.404723
-0.454983,15,411.82463
-0.65782,14,412.23122
1.00813,17,412.711561
-0.398687,15,413.148227
-0.090819,16,413.606754
-0.876082,15,414.047832
-1.407745,13,414.420734
-1.134009,13,414.806784
-0.27114,14,415.206802
0.733777,22,415.813234
0.500201,17,416.299284
1.123416,18,416.792581
-0.912422,14,417.208329
0.925574,18,417.819104
-1.518839,12,418.160988
-0.363701,15,418.562975
-1.149131,12,419.011762
-1.459565,13,419.376915
0.425476,15,419.781039
-0.487588,15,420.156794
-1.002597,13,420.500322
-0.132474,17,420.936668
0.630838,17,421.396604
0.262975,14,421.778278
-0.140805,16,422.203693
-0.33839,15,422.604399
0.056432,15,422.999759
-1.981776,12,423.342252
-0.216631,15,423.733761
-0.934159,14,424.096265
-1.015823,15,424.483213
-0.86671,14,424.84557
-0.400229,14,425.214766
-1.096495,15,425.589394
0.916089,19,426.088516
0.443719,16,426.503636
-0.852573,13,426.863204
-0.394733,16,427.444203
-1.83836,12,427.843867
-0.742083,14,428.255244
-1.201734,15,428.679023
0.336633,17,429.170028
2.013517,26,429.884163
0.505779,16,430.332103
0.31538,16,430.788569
-1.227908,13,431.128494
-1.32691,13,431.488368
-0.64113,13,431.855427
-0.263796,16,432.303417
-1.150899,14,432.719404
-0.882045,13,433.092932
0.699577,18,433.574708
-1.103265,13,433.939615
1.163922,19,434.457829
-0.234571,16,434.904466
0.721171,17,435.390225
0.137704,16,435.829476
0.4425,17,436.301113
-1.944469,11,436.632802
-0.427549,16,437.196892
-1.436826,13,437.601396
0.292349,17,438.071534
-0.420002,14,438.446534
-0.623381,15,438.868771
-1.467751,13,439.2271
-0.299139,16,439.664208
-1.434144,13,440.036885
-0.242859,15,440.481893
0.949135,20,441.031088
-0.350142,15,441.447562
-0.095802,14,441.820652
0.576454,20,442.373619
-0.414291,15,442.780645
-0.837286,14,443.156582
0.901861,18,443.645118
-0.934315,14,444.034063
-0.206138,17,444.495081
-0.905349,14,444.899798
-1.300686,12,445.225296
0.184722,15,445.637995
1.448844,23,446.361251
-0.847779,12,446.744361
-0.612795,14,447.197246
-0.978594,15,447.622138
0.517886,17,448.088913
0.249393,14,448.481438
-0.397374,15,448.880199
-0.808295,15,449.285719
-0.747433,16,449.730613
0.068508,16,450.160581
-1.855014,13,450.502795
-1.056116,13,450.853502
0.875002,18,451.346013
-1.549174,12,451.671893
-0.829371,15,452.082754
-0.121464,16,452.513379
0.60128,17,452.977841
-0.458038,14,453.343126
-0.699603,14,453.723777
-0.45367,16,454.153378
-1.747962,13,454.497299
-0.241197,15,454.934361
-0.73955,14,455.396872
-0.735295,14,455.804985
0.731777,16,456.22799
-0.676011,14,456.611515
-1.65088,13,457.095498
0.404029,16,457.545487
-0.788455,14,457.930761
-1.052161,15,458.323944
-0.176849,15,458.73575
0.751183,17,459.196408
-1.017116,13,459.558975
-0.692417,14,459.953741
0.559957,19,460.489315
-0.90189,14,460.880792
-1.672094,13,461.244923
0.64825,19,461.75468
-1.973475,13,462.082781
-0.744815,15,462.49834
-0.706611,15,462.901028
0.520969,17,463.415797
0.656041,15,463.91241
0.509406,19,473.353079
-0.023162,17,473.814962
-2.165758,11,474.133847
-0.572948,15,474.551644
0.131143,17,475.024146
1.101757,21,475.59036
-0.92649,14,475.968288
-1.088271,15,476.403258
0.822577,19,477.003497
-0.732655,14,477.396073
-1.732825,12,477.746339
0.449424,16,478.194447
-0.8606,15,478.620015
-1.277476,14,479.007351
-0.567218,15,479.414212
-0.279044,15,479.795609
0.039439,16,480.195432
0.368314,18,480.663288
-0.428666,15,481.083049
-0.072035,16,481.516544
-1.278259,13,481.872858
-1.056908,14,482.359704
-0.425672,16,482.816656
0.441736,18,483.319277
0.277279,17,483.76882
0.190693,16,484.213328
-0.286772,15,484.64267
-0.11417,14,485.037262
-0.705625,15,485.420563
-1.251877,14,485.793141
0.660489,18,486.394423
0.436463,19,486.896612
-0.432059,16,487.302776
-1.79778,14,487.662098
-1.183683,13,487.991844
-0.724869,16,488.39651
-0.059571,17,488.822535
1.165153,22,489.377667
-0.246203,16,489.802922
-0.81716,13,490.12537
-0.372293,15,490.523224
-0.246447,17,491.065407
-0.93044,14,491.45481
-0.320615,16,491.86096
0.799854,18,492.334833
0.121954,18,492.808434
-0.384165,16,493.214761
-0.262417,18,493.674221
-1.54732,13,493.997904
0.923718,18,494.480938
-1.190642,15,494.891607
-1.024469,13,495.255227
-1.276352,13,495.618312
-1.061955,15,496.129022
-0.63067,16,496.582776
-0.276577,16,497.019795
-0.94883,14,497.401461
-0.058241,17,497.87385
0.24813,18,498.381785
-0.372913,18,498.914093
0.397594,17,499.40884
0.630983,18,500.030556
0.236472,17,500.508408
0.024869,16,500.955545
-2.196749,12,501.302954
-1.075651,14,501.71577
-0.998575,15,502.137954
-1.289457,14,502.525889
-1.252311,14,502.910855
-0.615517,16,503.364301
-1.648602,12,503.698311
-0.791067,14,504.080556
-1.903007,12,504.412455
-0.133226,15,504.836004
-0.537996,16,505.273963
-1.223655,14,505.675395
-0.951768,15,506.186323
-0.163454,15,506.619812
-1.675798,14,507.009684
-1.390345,13,507.375384
0.407665,17,507.852117
-1.609912,13,508.214922
-1.322702,12,508.555012
-0.622716,16,509.089184
-1.384025,14,509.485384
-0.222973,15,509.911604
0.315727,17,510.377294
-0.500488,16,510.813924
-0.639593,16,511.257372
-1.890736,12,511.600225
-1.948282,12,511.926389
-0.936786,15,512.329852
-0.564904,16,512.765021
0.222313,17,513.242085
-0.07554,16,513.687583
-0.208481,15,514.112382
1.205556,21,514.687067
-0.60671,15,515.091733
0.0182,15,515.555348
-0.438523,17,516.095987
-1.581718,14,516.496966
-0.743433,15,516.908602
-1.157783,14,517.306154
1.127889,21,518.005821
0.171563,18,518.512604
0.7502,18,519.00715
0.255132,16,519.4597
-1.779958,12,519.792663
0.309658,18,520.303471
-0.495363,16,520.746815
-0.886328,14,521.114353
-0.316405,16,521.573307
-0.28147,16,522.025692
-1.706114,13,522.392236
0.42471,17,522.830457
-0.796639,15,523.227326
-0.210794,15,523.643091
-0.728417,14,524.025259
-0.554433,17,524.482532
-1.116176,14,524.862547
-0.237508,15,525.286502
-0.598138,15,525.77767
-0.656728,15,526.19411
0.28381,17,526.737317
-0.207118,15,527.210584
-0.495988,15,527.621988
-0.271231,16,528.041501
-0.564578,16,528.442433
0.413739,18,528.908452
-0.521259,15,529.311331
-1.286334,14,529.689257
-1.487275,12,530.007288
0.547981,17,539.245215
0.224465,17,539.71713
-1.257555,14,540.099164
-0.438872,16,540.536463
-1.148715,14,540.937011
-1.426483,14,541.322047
-1.129812,14,541.717531
-0.171962,15,542.128763
-0.106052,16,542.543389
0.489034,20,543.09843
-0.189104,17,543.577662
1.075144,20,544.107598
-0.923125,14,544.496389
-0.961354,15,545.03883
-0.112083,18,545.606703
-0.10129,17,546.092231
0.869201,21,546.671285
-0.516169,15,547.080052
-0.652473,15,547.500275
-0.418847,17,547.974294
-0.752965,15,548.38459
0.966949,22,548.988858
-0.4079,17,549.460007
-0.284693,16,549.899217
-0.005452,17,550.369428
-0.682992,15,550.774644
0.209529,17,551.238914
-0.525793,15,551.656458
-0.454103,16,552.071267
0.45617,18,552.541019
-1.577968,13,552.88212
-0.908667,13,553.22162
-0.347762,16,553.668539
0.111834,17,554.196629
-0.128588,18,554.732834
-0.104995,17,555.276279
-0.306992,16,555.683646
-0.297897,17,556.113438
-0.028383,18,556.557505
-0.374946,15,556.93289
0.150154,18,557.397698
0.134315,17,557.832726
-0.789844,16,558.25463
-1.474844,14,558.608198
-1.206455,15,558.991551
0.250457,17,559.426096
2.271713,26,560.072166
0.733723,19,560.558147
-0.142973,17,561.019134
-0.768567,14,561.408492
0.358111,18,561.913972
0.020643,18,562.424767
-0.309301,16,562.973538
-1.099997,14,563.386597
-0.931866,15,563.810922
-0.579847,15,564.235936
0.881569,19,564.859228
-0.95319,15,565.280504
0.129967,18,565.77948
-0.634623,14,566.172963
-0.157352,17,566.648629
-1.619971,13,567.005542
-0.014164,16,567.446301
0.464568,18,567.940946
-1.036568,14,568.316106
-0.049043,18,568.807136
0.280561,20,569.35531
1.287124,20,569.8844
-1.143969,15,570.302301
-0.484229,16,570.744203
0.450959,19,571.275786
-1.621111,14,571.686472
-0.386383,17,572.298273
-0.819057,14,572.715845
-0.234387,17,573.186558
-0.377351,16,573.639364
1.391777,22,574.312825
-0.137017,17,574.800201
-0.675666,15,575.2184
-1.336863,14,575.625272
-0.808769,14,576.017718
0.746695,18,576.530066
-2.112361,12,576.861724
-1.396825,13,577.22852
-0.571969,16,577.660792
-1.652153,14,578.047409
-0.318746,16,578.490134
-0.580828,14,578.858319
0.35977,20,579.399357
-0.160485,17,579.855509
-1.638225,13,580.206195
1.99544,27,580.956185
-0.760603,16,581.468358
0.719609,19,581.977452
-0.915156,15,582.375952
0.249378,16,582.811538
-0.339033,17,583.283859
-1.423671,14,583.676973
-0.208258,18,584.286936
-0.029938,17,584.778343
-0.587411,15,585.203079
-1.285357,15,585.591809
-0.176581,16,586.0356
0.355569,19,586.553292
-1.506794,14,586.93846
-0.891199,15,587.354452
0.319518,21,587.959755
0.124862,18,588.43611
-0.606217,16,588.885812
0.38383,18,589.392254
0.259565,18,589.901391
-1.594058,14,590.418454
0.279087,18,590.957486
-1.284013,14,591.342876
-0.146452,18,591.859939
0.048601,17,592.33673
0.145915,17,592.801992
-0.043051,17,593.282665
-1.398291,14,593.718508
-1.126795,14,594.116847
-0.071644,16,594.564039
0.550945,21,595.156748
-1.09132,15,595.583106
-0.148665,17,596.042043
0.366792,19,605.353886
0.656037,21,605.938692
0.960265,22,606.517149
0.707571,18,607.007183
-0.03169,16,607.444658
0.644623,19,607.959876
-0.052352,18,608.59078
0.266758,18,609.110062
0.040557,17,609.579128
0.980591,22,610.201393
-0.055353,17,610.675066
0.139528,18,611.175171
-0.65934,17,611.650233
-1.223744,13,612.001671
-1.884842,13,612.362257
1.017258,21,612.985804
0.037257,19,613.561697
-0.679247,16,613.99884
-0.918133,14,614.383488
-2.118454,12,614.709498
1.828987,32,615.592809
0.069394,19,616.125251
-0.565945,16,616.55954
-0.596597,15,616.968217
-0.460816,17,617.469775
-0.337604,16,618.011899
-0.290633,17,618.46881
0.508935,21,619.000849
-0.832098,14,619.36042
0.838441,21,619.90769
-1.876302,13,620.237247
-0.589165,17,620.664121
-0.336368,16,621.076997
-0.436336,15,621.459455
0.562728,20,621.978582
0.640954,21,622.556427
-0.244741,16,623.05628
-0.017583,18,623.498737
0.66356,19,623.971646
-0.408419,16,624.387635
0.027409,18,624.855593
-0.36149,16,625.269206
-0.48294,17,625.713464
0.548649,21,626.286657
0.493239,19,626.889099
-1.484319,13,627.278464
-0.834541,15,627.720357
-0.170022,18,628.221805
-0.010387,16,628.666076
0.583557,20,629.235185
-1.400138,14,629.628418
0.813373,19,630.145011
-0.33024,16,630.592766
0.379106,19,631.120364
1.411337,22,631.733785
-2.072326,13,632.088154
-0.560428,16,632.620317
-1.213975,15,633.055565
0.79368,22,633.674075
-1.075083,15,634.097875
-1.106439,14,634.491873
-1.547924,14,634.867592
-0.718521,15,635.290036
-1.257333,15,635.811291
-0.16326,16,636.282766
-0.627864,16,636.724226
-0.707259,14,637.124293
-0.720077,15,637.541047
-0.621814,17,638.018151
-0.754989,15,638.440041
0.335677,21,639.05438
0.627465,19,639.583823
-1.057002,15,640.002713
-1.245546,14,640.381401
-0.454376,17,640.855745
-0.36842,16,641.304308
-0.591408,16,641.754802
0.272635,19,642.426454
0.987915,20,642.984646
-0.951552,16,643.43084
-0.121218,17,643.900277
0.796723,21,644.482229
-0.831989,14,644.953014
0.886666,22,645.618207
0.07023,18,646.117228
-0.50481,16,646.566284
-0.120413,18,647.072285
0.173202,17,647.544006
-1.956051,12,647.876664
0.562123,19,648.413595
-1.805518,13,648.772058
-0.564548,17,649.244031
-1.293064,13,649.613285
-0.144229,17,650.084188
1.294661,23,650.709919
-0.033044,18,651.210514
-0.580157,16,651.685216
-0.748265,15,652.131431
-0.268516,16,652.589681
0.080528,17,653.079355
0.903219,19,653.60051
-1.573549,13,654.101433
0.818892,22,654.717262
0.557099,19,655.24889
-0.824436,16,655.686332
0.132081,18,656.179456
-0.133116,17,656.657319
-1.304517,14,657.041291
0.759644,19,657.555097
0.776842,19,658.06191
0.034665,17,658.513286
-1.326952,13,658.847794
-1.021689,15,659.246088
-1.124633,15,659.655589
-0.708705,16,660.08795
0.32347,18,660.590687
-0.659984,17,661.037913
-2.146008,12,661.438064
1.521746,22,662.058372
0.245743,19,662.576553
-1.318327,14,672.052609
-0.404941,17,672.523131
-0.321887,18,673.013259
0.150861,18,673.534956
1.929375,31,674.376036
-0.405065,16,674.82328
0.809366,20,675.390232
-1.039399,15,675.80317
-1.702291,14,676.193789
-0.635812,17,676.666002
-0.949613,15,677.072605
0.542961,21,677.666041
-1.199496,15,678.073789
-0.825022,16,678.529394
0.365548,19,679.047174
-1.226727,14,679.431014
0.281527,19,679.958471
0.624226,20,680.609245
1.122015,22,681.304805
-0.154389,18,681.778584
-1.367389,13,682.143316
-1.098032,16,682.584249
-0.350349,16,683.005608
0.755229,19,683.515486
-0.400444,17,683.969832
-0.594518,16,684.383806
-0.626297,16,684.797651
-0.523256,16,685.204268
0.158986,19,685.68352
-1.880362,13,686.00813
-0.340416,17,686.435935
-0.292527,18,686.887126
0.100531,19,687.375859
1.235866,21,687.901016
-0.395408,17,688.343904
-0.608897,16,688.751006
0.895026,21,689.426346
1.862413,29,690.169779
-0.489542,18,690.729512
0.513336,21,691.284463
-0.456742,17,691.716384
-0.387432,16,692.121551
-1.560154,14,692.483153
-0.753966,16,692.898405
0.182905,18,693.373622
1.818138,23,693.96761
0.339681,17,694.431585
-0.086244,18,694.928106
0.081676,17,695.389942
-1.299699,14,695.781067
0.105469,18,696.257285
-0.443837,16,696.68672
0.842326,21,697.248887
-0.209942,17,697.708407
-0.103493,18,698.27766
-0.156316,18,698.785444
-1.278815,15,699.202952
-1.323671,14,699.59669
1.289916,23,700.310019
-0.975072,15,700.724386
-1.568378,14,701.107121
-0.281667,17,701.565325
-1.458397,14,701.952359
0.779549,21,702.510905
1.373765,28,703.295963
0.354681,19,703.840967
-1.830893,13,704.205136
-0.859127,15,704.610083
-0.885887,16,705.052748
0.721857,20,705.6067
-2.300326,12,705.940584
-0.883262,16,706.379762
-0.207775,18,706.868238
-0.891749,17,707.432632
-0.749535,16,707.872165
-0.650437,17,708.335437
-0.890412,15,708.740524
0.243023,18,709.229147
-2.194704,12,709.583877
-40.743297,176,714.473361
1.325344,26,715.152776
-0.315498,18,715.635094
-0.322499,16,716.156092
-0.570963,15,716.579039
-1.801805,14,716.982398
-1.11033,15,717.410361
-0.814319,16,717.829234
0.196903,19,718.348357
-0.063222,16,718.811219
0.74672,18,719.306035
-0.184205,17,719.856663
-1.627785,14,720.253637
2.839808,28,721.006086
0.363134,19,721.550058
-0.649809,17,722.017128
-1.817467,14,722.406652
1.01014,21,723.001386
-0.862333,16,723.424741
-1.557698,14,723.822647
0.190508,17,724.287287
-1.082973,16,724.753154
-0.947667,16,725.250859
0.695676,21,725.829806
0.763823,21,726.396854
0.496202,21,726.959284
-1.303919,14,727.337021
0.141648,20,727.882804
1.762706,24,737.374299
-0.630885,18,737.869315
-1.856384,14,738.257349
-0.583919,17,738.772646
-0.061525,19,739.327268
-0.552687,16,739.74935
-1.57348,14,740.129465
-2.016245,14,740.510949
-0.071146,18,740.992644
-0.924972,16,741.411561
-0.822944,16,741.850163
0.14524,20,742.38362
-0.787221,16,742.885737
-0.023931,19,743.408616
0.287891,21,743.980294
-0.76677,16,744.395346
-1.451749,14,744.77839
-1.580065,14,745.14894
0.629642,21,745.709059
-0.448663,16,746.135786
0.492824,21,746.72228
0.126023,19,747.235806
0.019842,19,747.750082
0.554871,20,748.347732
-40.762961,176,753.108076
-1.805809,14,753.468828
0.93086,21,753.993752
0.00449,18,754.458454
-0.940544,16,754.878402
-0.699014,16,755.282333
-0.738505,16,755.686942
0.728374,23,756.272265
-0.039874,18,756.716635
-0.937381,16,757.107073
2.072069,33,757.949163
-1.296678,15,758.381902
-1.115179,16,758.789576
-0.508039,17,759.218613
0.564383,22,759.758759
1.057576,24,760.504328
-0.514688,16,760.949857
-0.218544,17,761.389082
-0.676181,17,761.828231
0.308397,20,762.345602
-0.115463,18,762.82411
-0.636707,15,763.223989
-0.21995,18,763.704771
0.350284,19,764.193609
0.283086,19,764.715849
0.532973,20,765.21483
-2.276257,12,765.53718
0.608772,22,766.124812
-1.100343,15,766.528276
-1.343124,14,766.91932
-0.775758,17,767.384681
-1.678636,13,767.741426
0.008817,19,768.348653
-0.460163,18,768.837155
0.437016,20,769.483478
-40.89958,176,774.183327
-1.423605,14,774.571956
-0.699922,17,775.015244
-0.312607,16,775.438477
-0.869604,16,775.866444
1.071771,24,776.504544
0.434069,20,777.044838
-42.154331,176,781.993465
-0.855421,17,782.470463
-0.762914,15,782.884978
0.394093,22,783.492007
-1.54434,15,783.905451
-0.632254,17,784.374198
-0.439292,18,784.860624
0.803342,21,785.438641
-0.677322,16,785.879263
-1.01795,15,786.286552
-0.228351,18,786.785833
0.199585,20,787.426493
-0.448611,17,788.005489
-0.058853,18,788.529339
0.836781,22,789.135325
1.458097,27,789.873732
-2.005672,13,790.234342
1.381287,24,790.882687
0.826614,22,791.48518
0.508774,20,792.011308
-0.566513,17,792.477998
1.410962,23,802.008299
-40.971276,176,806.98059
-0.793446,16,807.433018
0.043642,18,807.920794
0.484483,20,808.46647
-2.147765,13,808.822232
-35.890628,176,813.576139
0.465106,20,814.129041
-0.78477,17,814.718094
-0.513283,17,815.191043
-1.262514,15,815.587954
0.13364,20,816.21962
-1.147865,15,816.64038
0.437115,19,817.146965
-0.758973,16,817.573844
0.904493,21,818.101317
0.861071,22,818.675659
-0.256029,17,819.121715
-0.799128,17,819.551805
-0.111361,18,820.003485
0.699496,21,820.553626
1.01238,25,821.186663
-0.209283,18,821.654396
0.809599,22,822.206306
1.073346,27,822.867863
-1.159063,15,823.385697
-0.700375,17,823.831181
0.073905,19,824.305813
0.420175,21,824.823584
0.566548,19,825.281275
-44.624867,176,830.043676
0.845011,22,830.643246
0.378828,21,831.202075
-1.111668,16,831.619695
-0.154004,18,832.140764
-0.717473,17,832.679267
-1.497065,14,833.042951
0.379038,20,833.580044
1.623513,29,834.360543
-0.302781,18,834.843916
-0.932195,15,835.26132
1.003085,22,835.951213
0.204833,19,836.467781
0.148804,20,837.010592
-0.477858,17,837.457612
-1.336965,15,837.867748
-0.636439,17,838.319972
0.209075,19,838.838803
-0.872669,16,839.263724
0.580754,23,839.887034
-0.061722,19,840.410346
0.72085,23,841.039374
-1.123868,15,841.539285
0.38879,19,842.084803
-1.212878,14,842.458563
0.798505,23,843.080152
0.206515,20,843.641276
1.189087,26,844.354471
0.27876,19,844.868002
0.453611,21,845.5094
0.268869,20,846.042246
0.784392,21,846.59667
-0.332714,18,847.068448
-2.340537,12,847.39497
-0.178159,19,847.895462
-0.953351,15,848.311105
-1.087368,16,848.750009
-0.03231,18,849.258788
-0.598354,16,849.699424
-1.142503,16,850.148552
-0.570602,17,850.666433
-1.849069,14,851.146062
0.190723,20,851.710815
1.3571,27,852.422343
-1.005039,16,852.862976
-0.934266,16,853.306641
-0.603333,17,853.739893
1.071981,23,854.364862
0.34246,21,855.041163
-1.333259,15,855.464344
0.11416,19,855.973117
0.188663,20,856.522187
-0.142418,17,856.98189
-0.744532,16,857.419105
0.522153,20,857.969839
0.562657,20,867.278516
1.587727,25,867.972049
-0.559883,17,868.434346
-1.559711,14,868.917075
-0.121607,18,869.443782
-1.149434,15,869.863607
-1.265195,15,870.29329
0.569194,20,870.861388
-0.014456,19,871.379519
-0.63067,17,871.870913
0.897859,22,872.47
-0.27991,18,872.961733
0.540349,20,873.53009
0.647437,24,874.282866
-1.395928,15,874.69649
-1.136948,15,875.101468
0.15647,19,875.6148
0.267877,18,876.101665
1.923488,30,876.935996
-1.674271,14,877.328334
-0.931488,16,877.785364
0.469281,21,878.459106
-1.574233,14,878.840545
-0.2641,18,879.3404
-0.89114,16,879.762862
-0.851816,16,880.207094
0.256318,20,880.763587
-0.336524,18,881.266068
1.63817,25,881.951649
0.129476,19,882.479326
-0.381268,18,882.983574
0.032174,18,883.482802
-1.188825,15,883.977661
0.130039,20,884.495634
-0.371121,17,884.907754
-0.942553,16,885.313883
-0.620788,17,885.730306
0.758169,21,886.252372
-0.271668,18,886.680478
-1.091995,16,887.222289
-1.024295,16,887.630346
0.592644,20,888.120854
-0.242467,17,888.535043
-1.119322,16,888.932772
0.463154,22,889.481308
1.331631,23,890.076987
-0.174824,18,890.519405
-0.859685,16,890.921824
-0.386813,17,891.353803
-1.397337,15,891.740586
-42.302141,176,896.519561
0.559724,22,897.114288
-1.213451,15,897.525352
-0.295865,18,898.005673
-1.670213,14,898.381452
-0.553857,18,898.851962
-0.874954,15,899.243158
-0.595832,17,899.702821
1.047924,21,900.269485
-1.196427,15,900.6759
-0.895152,16,901.088391
-0.057073,18,901.568085
-40.658848,176,906.511401
0.128773,19,906.99537
1.478936,25,907.649743
-0.363882,18,908.10519
2.210825,29,908.878104
0.365435,19,909.373183
0.381998,20,909.916846
1.269026,23,910.532264
-42.90021,176,915.466369
-0.910946,15,915.880857
0.415802,20,916.409124
1.37197,26,917.118047
0.330965,20,917.661361
-0.9933,15,918.073203
-0.575282,16,918.501056
0.987715,20,919.034772
-0.490997,16,919.472492
0.735861,22,920.057717
1.535464,26,920.758677
-0.147941,19,921.276834
-1.32843,15,921.66846
1.749806,23,922.263995
-1.054248,16,922.764945
1.69079,26,932.306116
-1.247572,15,932.772269
-0.535666,17,933.252023
-0.646154,16,933.687865
-0.567946,17,934.106142
-2.302834,13,934.460458
-0.550357,17,934.93512
0.271063,19,935.450661
1.939181,29,936.262416
0.34347,20,936.798294
-1.156873,16,937.23038
-0.38175,17,937.703761
-1.022365,16,938.145523
-0.300778,18,938.630382
1.162589,26,939.326235
0.656625,20,939.86152
-0.997481,16,940.29299
-0.695312,17,940.738577
-0.711186,17,941.304713
-0.713064,16,941.764126
-0.860421,16,942.266104
1.538703,22,942.875079
0.637686,21,943.440339
0.5594,20,943.976725
-1.36295,15,944.363896
-0.027244,19,944.883795
0.965619,23,945.507963
0.209021,19,946.018303
-0.016556,18,946.506353
0.65284,21,947.080454
-0.553093,17,947.560324
0.878588,21,948.134724
-1.271796,14,948.528096
-39.797789,176,953.319104
-1.0016,15,953.705551
-0.550444,16,954.107111
-0.137046,18,954.559791
-1.603999,14,954.905946
0.163746,20,955.394179
-1.316162,15,955.771224
-0.371126,17,956.200467
1.534235,25,956.805496
0.439389,19,957.274523
0.891244,23,957.84081
0.399552,20,958.335194
0.324047,19,958.929157
1.046113,25,959.600378
0.159136,19,960.118524
1.163303,22,960.73491
0.221292,20,961.367859
1.417531,23,962.021456
1.233652,24,962.67605
-0.571469,18,963.167395
0.110811,18,963.650879
-0.528502,17,964.102016
-1.071935,15,964.503441
-41.103006,176,969.345673
-0.320002,18,969.828379
0.901243,21,970.427832
-43.333537,176,975.336705
-0.412634,17,975.804849
-1.45829,15,976.219734
-0.737526,16,976.666033
-0.061704,19,977.212374
1.429213,26,978.026248
-0.114784,18,978.513785
0.56361,22,979.098636
0.334911,21,979.661457
-0.245287,18,980.135521
-1.318936,15,980.609058
0.962726,24,981.314048
0.082322,19,981.831891
0.754977,23,982.458371
-1.416975,14,982.836544
-0.598652,15,983.256246
-1.141214,16,983.710448
0.445756,21,984.284222
0.208505,20,984.843323
0.050549,19,985.379137
-0.482645,18,985.882893
1.673061,24,986.56575
-1.455469,14,987.007882
-0.346984,17,987.483021
-0.084837,19,996.847589
-0.086619,19,997.357037
0.261668,21,997.955488
-0.807144,17,998.423317
-0.734373,16,998.858202
-0.615706,17,999.32708
-1.126108,15,999.763421
-1.057037,16,1000.272867
0.13687,19,1000.798419
-0.568616,17,1001.274329
-0.135333,19,1001.796199
-1.86138,14,1002.167924
-1.522831,14,1002.550276
-1.203634,16,1002.996933
-1.319428,15,1003.411731
-1.083504,16,1003.850389
0.560859,22,1004.463206
-0.705119,17,1005.014642
0.700375,22,1005.62188
-0.533139,18,1006.116655
-0.081608,19,1006.611339
-0.683982,17,1007.037802
-0.482963,17,1007.492018
2.047264,28,1008.245238
-1.782018,14,1008.629343
-0.301968,18,1009.114814
-0.367676,17,1009.60619
0.827244,22,1010.249913
1.465668,25,1010.925763
-0.449851,17,1011.376826
-0.600159,16,1011.808644
-0.053877,19,1012.318352
-0.809621,17,1012.811566
0.265245,21,1013.453859
0.189987,20,1014.07465
-0.147382,18,1014.5809
-1.582145,14,1014.964212
0.692479,22,1015.545988
-0.174838,19,1016.083193
-1.780737,14,1016.463768
-0.111403,18,1016.926416
-1.179222,16,1017.32752
1.285007,26,1017.977365
-0.73391,16,1018.383376
0.610017,21,1018.92441
-0.673119,17,1019.35053
0.919883,22,1020.025616
-0.609832,16,1020.429877
-0.789473,16,1020.831084
-1.954697,13,1021.162839
-0.481246,17,1021.602637
1.562866,31,1022.474161
0.332677,19,1022.981157
-0.693104,17,1023.419601
-0.335034,16,1023.846083
1.344497,26,1024.522924
0.303739,18,1024.984442
-0.06437,18,1025.429843
1.471164,23,1026.036061
0.552176,21,1026.60663
0.617289,20,1027.148643
-0.489955,17,1027.587906
-0.58022,16,1028.007548
-1.024962,16,1028.443025
-0.343555,18,1028.949638
0.018647,18,1029.497007
-0.724486,15,1029.921059
-1.489336,14,1030.300838
-0.790185,17,1030.761335
-0.885808,16,1031.2174
-1.49976,15,1031.727145
0.689215,21,1032.300585
-1.373957,15,1032.678568
-0.158283,19,1033.172297
-1.246889,15,1033.565985
-0.365168,18,1034.037162
-0.385251,16,1034.472189
-0.298108,17,1034.926345
1.498547,25,1035.58275
0.63698,21,1036.150256
0.23955,20,1036.687302
0.363611,19,1037.188915
-0.066054,17,1037.660914
-2.080864,13,1037.99278
-0.315116,18,1038.478394
0.038033,19,1039.005541
-1.127004,15,1039.483889
-1.732927,14,1039.876526
-0.895892,16,1040.329003
-1.469235,15,1040.845284
-0.996086,16,1041.291856
0.888313,22,1041.900245
-0.922628,16,1042.338761
-0.292508,19,1042.83692
2.952565,39,1043.893107
-0.9816,17,1044.362713
0.224529,18,1044.864009
-1.114007,15,1045.273118
0.186048,19,1045.788649
-0.374357,18,1046.286641
0.426664,21,1046.819727
-0.710233,17,1047.280785
0.282744,20,1047.812188
-0.097723,19,1048.317233
0.766775,22,1048.927449
-0.646139,17,1049.45529
0.447285,20,1050.067497
-1.713905,14,1050.441461
0.11707,19,1050.963269
0.265664,20,1051.503737
-0.628474,16,1051.923873
-1.12197,15,1052.312083
-0.801825,17,1052.759212
1.863868,26,1062.310688
0.14389,20,1062.859616
-0.882563,16,1063.309002
0.037117,19,1063.829274
-0.411104,17,1064.289912
-1.485803,14,1064.681548
0.141786,18,1065.176248
-0.072089,19,1065.710954
-1.388578,14,1066.080647
0.017531,18,1066.595021
1.259027,21,1067.169347
0.699843,22,1067.875649
-0.554193,17,1068.363515
-1.285682,15,1068.904157
0.046398,19,1069.441861
-1.398208,15,1069.868185
0.351199,19,1070.397513
0.648406,20,1070.960558
-0.594854,17,1071.44381
-1.317738,14,1071.832821
0.305603,20,1072.396711
0.78774,20,1072.975418
0.207042,18,1073.482575
0.966543,20,1074.035007
-0.360325,18,1074.543104
-0.542674,17,1075.011485
0.974956,23,1075.66431
-0.798076,16,1076.0979
0.265202,19,1076.65732
0.043461,18,1077.291746
-0.553507,17,1077.78688
0.574358,21,1078.432484
0.818686,22,1079.113339
-0.413323,17,1079.593794
-0.460812,18,1080.121209
-2.220131,13,1080.477836
1.394283,23,1081.135294
-0.234507,17,1081.633161
-0.23977,17,1082.122454
-0.529772,17,1082.60057
0.81282,23,1083.215608
-1.501777,14,1083.586408
-0.030367,19,1084.063143
-0.38259,18,1084.524029
-1.245856,15,1084.900893
-1.035448,16,1085.32287
-0.11924,18,1085.820863
-1.722442,14,1086.259032
0.071532,19,1086.757832
-0.62826,17,1087.197402
1.701689,26,1087.847099
0.696312,21,1088.513224
-44.831508,176,1093.032288
-1.654466,14,1093.409914
0.308074,19,1093.924289
-0.72384,17,1094.407851
0.983531,22,1095.096149
-1.655912,14,1095.505094
1.289886,22,1096.112419
0.315108,20,1096.664358
-1.304527,15,1097.094148
0.358283,21,1097.724145
-0.181181,17,1098.23633
-0.38037,18,1098.714291
0.403717,22,1099.329215
-0.725296,17,1099.796538
1.184648,23,1100.4375
-0.931447,16,1100.872941
-0.858268,15,1101.290631
-1.935481,13,1101.657858
-1.237054,15,1102.074978
-0.6417,17,1102.553324
-0.845601,16,1102.979083
-0.814837,16,1103.415827
-0.418595,17,1103.894269
-0.449882,17,1104.449352
-1.158442,15,1104.857127
0.755142,21,1105.427546
0.328161,19,1105.934193
1.121262,22,1106.536519
-1.27713,15,1106.945636
0.131209,19,1107.542907
0.877491,22,1108.159393
0.916419,22,1108.767869
-0.652542,17,1109.244842
0.146473,19,1109.771104
-0.999291,16,1110.215563
-0.647478,17,1110.699018
-2.056881,13,1111.052674
0.203479,19,1111.570447
0.276525,19,1112.106987
-0.611105,16,1112.536503
-0.617591,16,1113.037401
-0.864039,16,1113.544585
1.81336,31,1114.405107
-0.254199,18,1114.906259
-1.164927,15,1115.326371
-0.341633,18,1115.823699
-1.197067,15,1116.229482
0.931716,22,1116.877713
-0.11928,19,1117.46983
0.30192,20,1118.027881
0.526041,20,1118.580114
-0.795683,16,1119.016356
-1.622544,14,1128.219508
-1.628214,14,1128.615917
-0.440568,18,1129.121103
0.246174,20,1129.646801
-0.564299,17,1130.117849
-0.660288,17,1130.574483
0.019944,18,1131.164977
0.021762,19,1131.700359
0.253514,20,1132.23513
1.60956,25,1132.917276
0.427312,19,1133.433757
0.041209,19,1133.95493
-0.316683,17,1134.408792
1.3729,25,1135.072194
-0.259653,18,1135.559165
1.384679,26,1136.346758
0.74857,18,1136.861281
1.788815,26,1137.574438
-0.390905,17,1138.028592
0.209069,18,1138.500365
-0.770859,17,1138.951866
-1.192114,15,1139.336317
1.429355,25,1140.127749
-0.9404,16,1140.595895
-0.319724,17,1141.063956
0.26127,20,1141.6104
0.280589,19,1142.128524
0.882426,22,1142.729542
0.131272,19,1143.271115
0.693069,22,1143.86224
-1.44058,15,1144.281147
0.775755,22,1144.898062
0.524689,20,1145.438377
0.573135,20,1146.033323
0.693895,21,1146.652923
-0.73678,17,1147.105936
0.407388,20,1147.658849
1.319687,23,1148.298182
0.649105,20,1148.832238
2.847106,36,1149.887601
0.125698,18,1150.356947
-0.38306,17,1150.788057
-0.831221,16,1151.195071
-0.536826,16,1151.586066
-0.491489,17,1152.022525
-0.546026,16,1152.41995
0.73035,22,1152.992185
0.084789,19,1153.45775
-0.069282,18,1153.916428
-0.432887,18,1154.375668
-0.809312,17,1154.803644
-0.609883,17,1155.23823
1.343493,24,1155.958081
-1.58336,14,1156.33232
-0.214158,18,1156.77593
-0.805706,17,1157.206277
-0.182554,18,1157.6724
0.296571,19,1158.302149
0.985719,22,1158.913842
-0.912517,16,1159.353489
0.658616,21,1159.91272
-1.270368,15,1160.339895
-0.404373,17,1160.809749
0.599028,20,1161.351386
-1.004116,14,1161.745605
-0.5993,17,1162.223169
0.450839,18,1162.686405
-0.69548,17,1163.147451
-0.195091,18,1163.633905
-0.59102,17,1164.112363
0.449845,20,1164.661405
0.02239,19,1165.183192
0.247479,19,1165.799581
1.026217,22,1166.420859
-0.144716,18,1166.924201
0.266819,20,1167.554434
-0.710155,16,1168.020068
-0.000909,19,1168.550034
0.163404,19,1169.070853
0.241067,19,1169.589732
-0.779493,17,1170.073965
0.27126,20,1170.639384
-0.485892,17,1171.102957
-0.679976,16,1171.560198
-0.416479,17,1172.033045
0.787449,21,1172.611993
1.439459,24,1173.25832
-1.285928,15,1173.688006
0.088944,19,1174.218125
-0.409208,17,1174.693965
-0.458543,17,1175.253143
-0.167628,18,1175.772616
-0.080947,18,1176.304853
-0.061766,18,1176.923478
-0.631012,17,1177.409591
0.621297,22,1178.03745
-1.156334,15,1178.45805
-0.259585,18,1178.978804
0.01732,18,1179.483375
-0.733969,16,1179.919519
0.032032,19,1180.463539
1.167253,25,1181.14392
0.643114,21,1181.703647
0.06192,18,1182.207797
0.44823,19,1182.722368
-0.134904,18,1183.232754
0.871672,21,1183.808643
-0.467949,17,1184.271275
0.339273,19,1193.858404
-1.104244,16,1194.41334
0.176313,18,1194.951005
0.060581,20,1195.509734
-0.231747,19,1196.027354
0.008503,19,1196.547481
-1.318735,15,1196.965291
-2.10845,13,1197.327098
-0.333838,18,1197.808401
0.854724,22,1198.402576
-1.136453,16,1198.845186
-1.000394,16,1199.303673
0.053227,19,1199.790987
-0.428423,17,1200.243191
-0.482682,17,1200.707166
-0.507243,18,1201.179383
0.451044,21,1201.762647
-0.435747,17,1202.238357
-0.621887,16,1202.69092
0.16382,20,1203.237816
0.656387,21,1203.949322
1.832323,28,1204.754976
-0.626705,17,1205.225307
0.604688,20,1205.784732
-0.022923,18,1206.27851
-0.895822,16,1206.724678
0.421282,20,1207.288796
1.580841,27,1208.052006
0.275095,18,1208.548124
0.764095,22,1209.144695
-0.618982,17,1209.626104
0.807747,22,1210.261068
-1.566514,14,1210.649453
-0.879754,16,1211.118433
-0.957519,16,1211.582154
-0.088714,18,1212.089504
0.38692,21,1212.78723
-0.699116,17,1213.269715
0.176968,20,1213.915447
0.401076,20,1214.459453
-0.933508,16,1214.860473
0.127789,19,1215.338287
-1.19645,15,1215.739812
-1.685676,14,1216.095091
-0.204205,19,1216.571083
-0.714533,16,1216.970577
0.40693,20,1217.450546
-0.774304,16,1217.848572
-1.038235,15,1218.242188
0.563577,22,1218.79061
0.38804,20,1219.301768
-0.265379,18,1219.769537
-1.27071,15,1220.147024
1.276733,24,1220.750647
0.56868,22,1221.347268
0.152911,19,1221.921715
0.369219,20,1222.435524
-1.1167,15,1222.846799
-1.443362,15,1223.292932
-0.755483,16,1223.817931
-0.43705,17,1224.295579
0.62773,21,1224.887147
-1.188195,15,1225.308326
0.49732,21,1225.907782
-0.845966,16,1226.36316
-0.468049,16,1226.812598
-1.118788,15,1227.228977
1.051397,22,1227.860358
-0.676993,17,1228.334067
-0.142149,18,1228.807447
0.008494,19,1229.335624
0.545377,21,1229.923145
-0.513221,17,1230.400134
-0.424454,18,1231.00952
-0.169876,18,1231.519993
-0.413134,18,1232.019785
0.053389,19,1232.545533
0.166844,20,1233.183251
0.783969,22,1233.795305
-0.649398,17,1234.257544
0.894533,23,1234.882261
-0.369668,17,1235.352662
1.101938,23,1235.995299
-0.301104,18,1236.482077
0.288037,20,1237.041662
0.389365,21,1237.615155
-1.273371,15,1238.0451
-0.541126,17,1238.515957
-0.655383,17,1238.97534
-0.22052,18,1239.477322
-0.331773,18,1240.035732
-0.281196,18,1240.582607
-0.05274,18,1241.07904
-1.116116,16,1241.520093
-0.260217,18,1242.026256
1.427406,24,1242.743567
-1.041179,16,1243.190699
1.197252,25,1243.870872
0.361574,19,1244.391289
-0.287784,17,1244.866876
-0.601421,17,1245.338988
0.869338,23,1245.971356
1.320702,24,1246.633206
0.467915,21,1247.221251
-0.044523,19,1247.749644
0.076034,20,1248.30132
-1.312532,15,1248.70588
-0.367039,17,1249.180124
-1.30909,15,1249.694561
-1.487385,15,1250.127067
-0.921167,15,1250.540663
-0.521213,17,1250.998168
1.622897,28,1260.766131
-1.104705,16,1261.199019
-0.251097,19,1261.725875
-0.168208,18,1262.295201
0.038473,19,1262.813889
0.250378,20,1263.371101
0.691127,22,1263.979409
1.409268,25,1264.665733
-0.178,19,1265.18292
0.426126,21,1265.744876
-0.423961,17,1266.207221
-0.157655,19,1266.722276
-0.628048,17,1267.271224
0.696456,22,1267.870674
-1.152602,15,1268.27059
1.207222,26,1268.976186
0.672021,22,1269.598874
-2.235816,13,1269.9359
1.376991,25,1270.635416
0.535115,20,1271.17889
0.109496,21,1271.86002
0.116238,20,1272.404191
0.973507,22,1273.000702
-0.995023,16,1273.44695
-0.037534,19,1273.971666
0.233518,20,1274.534591
-0.569301,17,1274.983879
0.28496,19,1275.50739
-0.569155,16,1276.059119
-0.540855,17,1276.548899
-0.675748,17,1277.027656
1.0786,23,1277.602555
2.207809,30,1278.355598
-1.197712,16,1278.757541
1.221874,24,1279.35862
0.130365,20,1279.865786
0.576342,21,1280.416429
-0.407614,18,1280.870241
0.256971,20,1281.491812
-0.11441,18,1281.960437
-2.116886,13,1282.287577
-0.142343,18,1282.747957
0.348925,21,1283.28543
0.854884,22,1283.852774
-1.250777,15,1284.229025
0.67981,22,1284.921384
1.388184,26,1285.586747
-1.861655,14,1285.941772
0.448002,21,1286.48317
0.498449,21,1287.059176
-0.711626,16,1287.494381
0.230511,19,1288.004337
-1.727933,14,1288.393395
-0.216956,18,1288.898637
-1.097114,16,1289.327172
0.297853,20,1289.886961
-0.293774,19,1290.421636
0.057443,19,1291.022255
-1.087444,16,1291.490809
-0.039438,20,1292.031031
0.444503,21,1292.604157
0.609064,20,1293.15901
-0.831665,16,1293.619975
-0.998636,16,1294.156119
-1.153251,15,1294.58512
1.444306,27,1295.315334
-1.083207,15,1295.716095
0.447732,20,1296.252236
-1.019762,16,1296.690997
0.782356,22,1297.295893
-1.299501,15,1297.704285
1.004852,23,1298.30275
0.806691,21,1298.875558
0.752615,23,1299.498653
-0.649318,17,1299.948247
-0.754744,16,1300.397245
-0.778871,17,1300.94525
-2.212,13,1301.311235
-0.509673,18,1301.805605
-0.337933,17,1302.274458
1.576503,24,1303.018375
-1.337368,15,1303.469487
-1.102173,15,1303.884073
-0.436667,18,1304.378371
1.032636,24,1304.998899
-0.637133,17,1305.456534
-0.400532,18,1305.949518
0.016298,19,1306.477476
1.041721,23,1307.115357
0.116824,19,1307.62161
0.580161,19,1308.134944
0.059556,20,1308.683425
-0.785474,17,1309.145958
0.05492,20,1309.704064
-0.891627,16,1310.187903
0.290285,21,1310.817047
-0.714992,17,1311.256004
-0.268615,18,1311.732974
-0.397754,18,1312.298138
1.680695,26,1313.007481
0.63639,20,1313.547339
1.390461,26,1314.25824
0.793522,23,1314.869878
0.188484,20,1315.426372
0.426215,21,1316.000781
-0.712193,16,1316.434683
2.078602,28,1326.228396
0.624645,22,1326.824174
-0.567507,17,1327.283939
-1.064264,16,1327.709314
0.659778,21,1328.278881
-2.236941,13,1328.629581
-0.760449,16,1329.062344
-1.061702,15,1329.612385
0.507303,19,1330.17111
1.396349,26,1330.903633
-0.921879,17,1331.366194
-0.996536,16,1331.799329
-0.815864,16,1332.238183
1.31953,25,1332.952147
-0.001799,18,1333.434467
-0.498334,17,1333.899005
-1.335746,15,1334.305197
-0.184342,19,1334.810041
-1.548136,14,1335.194003
0.337129,20,1335.750926
0.374676,21,1336.330938
-0.044109,20,1336.878958
-0.429801,18,1337.371859
-1.3089,15,1337.785456
0.246197,21,1338.456496
0.760579,22,1339.084817
0.828913,22,1339.808414
0.17519,19,1340.332761
-0.509514,17,1340.774003
-0.727484,17,1341.194541
0.740178,21,1341.722942
0.701141,22,1342.280281
-0.884911,16,1342.696155
0.290997,19,1343.179658
-0.93379,16,1343.580509
-0.173986,18,1344.039496
0.448117,21,1344.567873
-0.15922,20,1345.065572
1.128867,24,1345.667056
-1.725437,14,1346.013239
0.446565,20,1346.500898
0.283366,19,1347.031898
-1.045322,16,1347.513097
1.207679,26,1348.171073
0.724156,23,1348.766402
-0.647836,17,1349.284257
0.667337,22,1349.843336
-1.135288,15,1350.261027
-0.015132,18,1350.75503
-1.240697,15,1351.153441
-1.858314,14,1351.53765
1.016095,25,1352.22185
0.260094,20,1352.754883
-0.229636,18,1353.270781
-0.660545,17,1353.735263
1.638817,28,1354.494156
-0.872819,16,1354.939943
-1.246169,15,1355.346504
-1.68257,14,1355.763795
-0.041246,19,1356.382803
0.871715,21,1356.948917
-1.684623,14,1357.320898
-0.129523,18,1357.796456
-0.195407,19,1358.295853
1.631364,28,1359.126408
0.164415,19,1359.648368
-1.778693,14,1360.045609
-0.758133,17,1360.530424
-0.97308,16,1360.970231
0.075828,19,1361.482997
-1.201237,15,1361.881976
-0.268654,18,1362.371423
-0.39003,18,1362.870394
0.802488,20,1363.422418
-1.236386,15,1363.837179
-0.799089,17,1364.30079
0.049853,19,1364.92065
1.869411,30,1365.779907
-1.462837,14,1366.168833
-2.128551,13,1366.517067
-0.547218,18,1367.01439
-1.968438,14,1367.411166
-0.28339,18,1367.909628
-0.108558,19,1368.521288
0.504968,22,1369.134075
-0.998399,16,1369.565938
-1.137105,16,1369.998046
-0.742001,17,1370.478564
-0.958123,16,1370.909036
1.686385,26,1371.64508
-0.363003,18,1372.141086
0.124748,19,1372.671353
-1.487092,15,1373.070466
0.86063,22,1373.683887
0.337597,19,1374.264479
-0.622739,17,1374.779752
-0.653285,17,1375.245347
0.182141,20,1375.794622
-0.114405,19,1376.335167
-0.534057,17,1376.791486
0.316653,20,1377.337855
-0.57328,17,1377.865181
1.809424,28,1378.670857
0.686588,23,1379.301072
0.386701,20,1379.839583
0.881649,22,1380.443859
-0.531791,17,1380.907122
0.011093,20,1381.439658
-0.853492,16,1381.87494
-0.32312,17,1391.316452
1.546402,28,1392.200569
0.631417,21,1392.772298
-0.3112,18,1393.245071
0.025391,20,1393.785548
0.484358,22,1394.403285
-0.298804,19,1394.916762
1.29324,25,1395.594099
-1.824364,14,1395.976552
1.027837,26,1396.686289
-0.974336,16,1397.147848
0.589503,21,1397.77886
-0.520238,18,1398.246885
-0.556257,17,1398.725122
0.417043,21,1399.325013
-1.036387,16,1399.756782
3.278747,62,1401.594755
-1.020149,16,1402.018767
1.381622,27,1402.763417
2.513518,32,1403.611709
-0.016248,20,1404.135231
-0.081289,19,1404.627023
0.382278,20,1405.140399
2.181137,34,1405.992334
0.134193,20,1406.483594
0.904423,23,1407.160607
0.588131,22,1407.74422
1.474035,27,1408.422117
0.339599,21,1408.948181
1.597323,25,1409.680784
0.751136,21,1410.205242
0.950196,25,1410.835282
-0.485755,18,1411.294684
0.201643,20,1411.800912
-1.118434,16,1412.207688
-1.362267,15,1412.579252
-0.646746,17,1413.007615
-1.234729,15,1413.38442
0.598921,23,1414.020672
-1.152975,15,1414.435784
-1.837316,14,1414.810744
-0.04543,19,1415.331803
-0.409287,18,1415.847977
1.158231,23,1416.543277
-0.87527,17,1417.07357
0.072507,19,1417.642579
-0.602801,18,1418.228805
0.748607,23,1418.895722
-0.035334,19,1419.415998
2.161516,35,1420.378645
0.02438,19,1420.908424
-1.053407,16,1421.383165
-0.732207,17,1421.842485
1.607179,32,1422.72721
-0.961493,16,1423.154053
-1.416656,15,1423.581752
-0.041511,19,1424.108169
-0.891809,16,1424.54075
0.195899,19,1425.055178
-0.713965,17,1425.525079
0.839476,24,1426.260345
0.129546,20,1426.939243
-0.370929,18,1427.450114
0.196715,21,1428.032917
-0.289803,18,1428.541794
-0.439567,18,1429.011858
-0.779417,17,1429.479234
-0.571966,17,1429.92978
0.05221,21,1430.50665
-1.107121,16,1430.946839
-0.059117,20,1431.501851
-0.403053,18,1431.984044
-0.032087,19,1432.48193
-0.900578,16,1432.921688
0.201221,21,1433.485897
0.307004,20,1434.041374
0.468104,21,1434.606462
-0.789299,17,1435.070914
-0.320717,19,1435.695965
1.236448,25,1436.492143
0.115076,20,1437.03095
0.369903,21,1437.591807
-1.91099,14,1437.998861
-1.249898,16,1438.425773
-1.768761,14,1438.80512
-0.288795,18,1439.302011
-0.564951,18,1439.798416
-0.679279,16,1440.22403
-0.168769,18,1440.718669
-0.473698,18,1441.22171
-1.715411,14,1441.622935
0.016508,19,1442.157765
-0.489188,18,1442.635286
-0.499864,18,1443.116238
-0.706893,17,1443.574311
-1.366094,15,1443.982765
-1.358145,15,1444.384709
-0.283363,18,1445.008572
1.037803,26,1445.827765
-0.094885,19,1446.372642
0.728962,23,1446.99465
-1.354695,15,1447.398821
-0.523039,18,1447.901078
0.33593,22,1457.468172
-0.645466,17,1457.920415
2.389749,34,1458.832114
-2.114327,13,1459.191667
-0.274967,18,1459.676561
1.984083,31,1460.495044
0.167327,21,1461.080553
-0.216516,19,1461.607108
0.294212,22,1462.197386
-0.52043,17,1462.765218
-0.432852,18,1463.261495
-0.227141,18,1463.749073
-1.00577,16,1464.188729
2.111617,29,1465.063251
0.753892,25,1465.758973
0.203494,20,1466.2939
-0.392695,18,1466.783427
-1.178405,16,1467.227957
-0.316622,17,1467.662397
-0.132473,19,1468.140435
-0.768833,17,1468.563708
0.870787,25,1469.205337
0.686757,22,1469.770498
1.829212,30,1470.519256
-0.071658,19,1471.033615
-0.623188,18,1471.61968
0.045155,20,1472.173617
-0.368763,18,1472.637739
-0.090645,18,1473.093553
-0.213602,19,1473.586228
0.885047,23,1474.168381
-0.765501,16,1474.608809
1.653585,29,1475.408
0.219849,20,1475.921882
0.636246,22,1476.462234
0.144452,21,1477.036071
-0.28782,19,1477.554735
0.46932,22,1478.145883
-1.151943,16,1478.58356
-0.543354,17,1479.055549
1.330617,25,1479.745601
-0.104538,19,1480.347009
1.137845,24,1481.084178
0.250443,21,1481.634212
-0.584119,18,1482.104092
-0.352521,18,1482.581902
1.013925,27,1483.280421
-0.805119,17,1483.711945
-0.061604,19,1484.19984
0.636987,25,1484.915272
-0.603464,17,1485.446415
0.973988,23,1486.114723
-0.28242,17,1486.591243
1.193245,27,1487.33345
0.951967,25,1487.990977
0.106605,20,1488.567354
-1.013028,16,1489.000473
-1.187568,16,1489.435195
-0.139726,19,1490.061745
-0.457599,18,1490.558061
-1.155764,15,1490.953784
-0.725464,17,1491.398392
0.618898,22,1491.983309
1.707277,32,1492.826641
-0.661554,17,1493.287867
-0.438575,18,1493.756153
-0.953252,16,1494.203892
-1.390595,15,1494.623883
0.117339,20,1495.259727
1.26577,29,1496.047091
-0.305946,19,1496.545085
-1.149757,16,1496.993636
0.246222,21,1497.576365
-0.910437,16,1497.993514
-1.1508,16,1498.408145
0.057287,19,1498.978997
9.588833,176,1503.656834
-0.000716,19,1504.149427
1.043121,25,1504.87946
0.28027,21,1505.448913
0.16425,20,1505.95168
-0.104412,18,1506.423325
-0.068819,20,1506.950541
-0.70484,17,1507.392691
-1.093467,16,1507.838416
-0.865732,17,1508.403333
1.057277,25,1509.069873
0.172848,20,1509.591046
0.58131,24,1510.218418
0.361016,21,1510.777437
-0.338109,19,1511.28846
-0.105622,18,1511.762579
-0.430998,17,1512.206625
0.084492,20,1521.72705
-0.154017,20,1522.271966
1.185107,28,1523.029919
0.385506,21,1523.603803
0.464396,22,1524.200507
-0.424787,18,1524.763308
-1.243569,16,1525.201282
-1.013098,16,1525.64881
1.081067,27,1526.485668
-0.224269,19,1526.983389
-0.262582,19,1527.490412
0.50641,22,1528.089104
-0.801307,17,1528.558963
-0.756245,17,1529.011949
-1.854767,14,1529.3908
-1.084376,16,1529.818177
0.64005,21,1530.379345
2.10185,39,1531.415158
0.173448,21,1531.976261
-0.093659,20,1532.51868
-1.515166,15,1532.915711
-1.63153,14,1533.280844
2.536517,52,1534.791634
1.312295,27,1535.605236
0.695754,25,1536.296767
-1.572939,15,1536.705531
2.579497,47,1537.966348
-0.14348,19,1538.432492
0.746327,25,1539.111875
0.125994,21,1539.688939
0.441376,23,1540.312423
-0.311113,19,1540.819319
-1.062225,16,1541.251179
-0.42939,18,1541.747611
0.94162,25,1542.414637
-0.174517,19,1542.927382
-0.892116,17,1543.391629
0.195158,21,1544.051285
1.111238,25,1544.832315
-0.42181,18,1545.338748
-0.870104,17,1545.797932
-1.013526,16,1546.229742
-1.269281,15,1546.626806
0.254234,20,1547.164871
-2.087693,13,1547.517187
-0.429926,18,1548.001261
0.258323,21,1548.579506
-0.965614,16,1548.993166
0.552719,22,1549.597705
-1.930695,14,1549.976851
-0.233982,19,1550.460315
-0.169645,19,1550.932978
-0.136856,20,1551.428607
1.5601,30,1552.15755
-0.221487,19,1552.624269
0.433026,21,1553.260348
-0.673548,17,1553.720598
-0.189525,18,1554.323303
0.561137,23,1554.904311
-0.473255,17,1555.326379
0.672609,23,1555.889834
0.354278,23,1556.4608
-0.168703,20,1556.96687
0.265277,21,1557.495921
0.54913,22,1558.044514
0.026067,20,1558.532999
-1.178482,15,1558.910597
-0.459758,18,1559.36207
-0.014949,21,1559.903552
-0.482968,18,1560.379886
-0.798593,17,1560.836715
0.015154,20,1561.383269
0.917163,24,1562.144209
0.617155,24,1562.821097
0.355446,21,1563.394765
-2.135899,13,1563.827086
2.991335,55,1565.275187
-0.934233,17,1565.733322
5.381815,92,1568.234246
-1.307925,16,1568.675352
-0.759216,17,1569.143685
0.863123,24,1569.789676
3.01711,46,1571.05759
-0.238194,19,1571.676385
0.817627,27,1572.378991
-0.468454,18,1572.857368
-1.337924,15,1573.303248
-0.342491,18,1573.856619
0.695311,25,1574.523931
0.999692,22,1575.123044
-2.305701,13,1575.491329
-0.281335,18,1575.97152
-1.91934,14,1576.316775
-0.453944,18,1576.785249
-1.218682,16,1577.187514
0.430125,22,1586.707966
3.236598,50,1588.024904
0.101373,20,1588.560684
0.829631,24,1589.311946
0.570895,23,1589.94781
-0.242599,19,1590.480548
-1.061217,16,1590.89943
-0.93696,17,1591.356146
0.666893,25,1592.035303
1.68205,31,1592.976852
0.483759,22,1593.590183
-0.341528,18,1594.080691
-0.663257,18,1594.555938
1.454537,26,1595.250636
-0.753149,17,1595.71606
-0.5114,18,1596.208348
0.214436,22,1596.786775
0.370067,22,1597.371677
-1.552468,15,1597.767739
-0.221449,18,1598.31578
-0.144251,19,1598.885037
0.004704,21,1599.459092
-1.141589,16,1599.892678
0.351577,21,1600.453446
-0.136826,19,1600.972612
-0.662598,17,1601.428274
-0.890798,17,1601.894083
0.745884,24,1602.642127
1.87556,35,1603.592483
1.978391,34,1604.523076
-1.466101,15,1604.941662
-1.141964,16,1605.380205
0.62938,24,1606.009874
-0.442221,19,1606.535852
1.799612,29,1607.325535
0.608639,23,1608.086192
-0.652345,17,1608.558918
-0.558452,18,1609.04334
-0.284638,19,1609.557756
2.640162,45,1610.766307
0.885097,25,1611.429619
0.031197,21,1612.061359
-0.029062,20,1612.619896
-0.057435,19,1613.141484
-0.978773,17,1613.624503
-0.373548,18,1614.118183
-0.689391,18,1614.619017
-0.574475,18,1615.1115
1.033825,23,1615.723086
1.36541,32,1616.59599
-1.070398,15,1617.115488
-0.481228,17,1617.564943
-0.823189,17,1618.034966
0.403859,21,1618.620574
2.766544,39,1619.645553
0.958117,25,1620.255945
-1.292048,15,1620.639322
0.38225,22,1621.197824
-0.597191,17,1621.685578
0.651234,23,1622.29303
-1.037008,16,1622.692888
-0.695472,17,1623.108117
1.129529,26,1623.741562
-0.742927,17,1624.16285
1.284764,29,1624.893905
-0.503651,18,1625.338187
-0.160377,19,1625.947751
1.097746,27,1626.65814
-0.484041,18,1627.11025
1.062553,24,1627.720102
-1.261409,15,1628.122782
-0.100112,20,1628.656226
0.370319,22,1629.244415
-1.471871,15,1629.663053
1.371764,28,1630.405803
0.348439,21,1630.97989
-1.132425,16,1631.521388
0.52546,23,1632.155362
0.858633,25,1632.83652
0.08193,21,1633.388573
-0.834884,16,1633.830951
-0.462712,18,1634.315031
2.530833,45,1635.65484
0.635139,22,1636.251493
-0.631884,18,1636.71479
-0.440259,18,1637.211822
1.285598,29,1637.982315
0.988206,26,1638.68781
-0.849854,17,1639.148812
0.875569,26,1639.836397
-1.057183,16,1640.273676
0.027962,20,1640.83668
0.432088,22,1641.513653
-0.18615,19,1642.019216
-0.670198,18,1651.59248
0.022883,21,1652.161903
-0.109669,19,1652.768408
-0.513603,18,1653.274222
0.063953,20,1653.795347
2.188475,41,1654.87463
4.546898,68,1656.71833
0.628506,24,1657.380556
-0.015373,19,1657.917686
-0.609536,17,1658.385993
1.826566,41,1659.475123
-0.293966,19,1659.998093
-0.372395,18,1660.573215
0.257249,22,1661.196682
1.512306,31,1662.157794
-0.700902,17,1662.62168
-0.865348,17,1663.081508
-1.199811,16,1663.503113
-0.989246,16,1663.935919
1.894781,36,1664.898024
0.448394,23,1665.52287
-1.187035,16,1665.957793
-0.890616,17,1666.432335
0.399488,24,1667.07708
0.423098,23,1667.706345
-0.08004,20,1668.243227
0.806077,25,1668.909433
0.573103,22,1669.49931
1.124589,28,1670.321175
-0.715412,17,1670.808926
0.70375,26,1671.591961
-1.449786,15,1671.995705
1.694996,31,1672.808549
1.730503,39,1673.85332
-0.722254,17,1674.314133
-0.25185,19,1674.838153
-1.856029,14,1675.222791
0.59472,24,1675.855303
-0.694653,17,1676.324151
0.12886,21,1676.894736
-0.331311,19,1677.40078
-0.719008,18,1677.883458
3.937905,46,1679.104405
0.400383,22,1679.74325
-0.285961,19,1680.401419
-0.10255,19,1680.932927
2.252691,71,1682.783348
-0.485044,18,1683.286958
-1.102237,16,1683.72471
1.081057,27,1684.470378
-0.55008,18,1684.969922
-1.290751,15,1685.379148
-1.148023,16,1685.828513
-0.846901,16,1686.287884
0.704058,25,1686.952623
-1.6662,15,1687.336054
-0.8268,17,1687.758961
-1.374856,15,1688.135879
-0.901559,17,1688.559876
-0.026297,21,1689.161547
-0.828838,17,1689.733629
0.674245,25,1690.371822
1.245018,30,1691.117961
-0.626339,17,1691.556689
1.967662,43,1692.610364
0.552059,24,1693.199905
0.415984,22,1693.735834
-1.061675,16,1694.129822
-0.336471,19,1694.598783
-0.545658,17,1695.029906
-0.377507,19,1695.513338
0.142321,22,1696.095586
0.253569,22,1696.703907
0.401342,22,1697.287741
0.270636,20,1697.84073
-1.851306,14,1698.356074
-1.241941,15,1698.771994
2.736073,40,1699.983641
-0.728847,17,1700.433584
-1.564135,15,1700.821758
0.205762,22,1701.390695
-0.304957,18,1701.851457
0.555058,23,1702.467098
-0.793983,17,1702.930777
1.746528,34,1703.838691
-0.154242,19,1704.339034
-1.213331,16,1704.772581
-0.110249,19,1705.282104
-1.518833,15,1705.700258
4.548016,58,1716.519173
-0.321153,20,1717.056366
0.546685,23,1717.67553
-0.421742,18,1718.154643
1.470018,30,1719.082286
-0.773215,17,1719.542939
2.083528,36,1720.457333
-0.932747,17,1720.928581
-0.225373,19,1721.442019
0.185701,22,1722.028539
1.696787,43,1723.183778
4.857808,89,1725.662328
6.708146,144,1729.538826
0.811191,25,1730.224444
0.6035,21,1730.771115
0.040392,21,1731.331344
-0.023024,20,1731.86716
-0.436435,19,1732.378906
-1.899928,14,1732.756281
-0.447457,19,1733.283359
1.380769,32,1734.234046
-1.473118,15,1734.642303
-0.53018,18,1735.136684
0.803679,24,1735.755303
-0.78908,17,1736.212346
1.864483,33,1737.121769
-0.684128,17,1737.570946
1.580753,44,1738.824361
0.825011,27,1739.540038
0.049339,20,1740.077483
-1.547792,15,1740.479526
0.568728,24,1741.1161
0.476848,22,1741.69914
0.084914,21,1742.242988
0.899686,26,1743.027986
0.361017,22,1743.638377
-0.661164,18,1744.13491
0.626939,24,1744.795009
0.868123,26,1745.497752
1.975993,37,1746.501502
-1.15315,16,1746.937211
1.04382,27,1747.66373
-0.432838,18,1748.227892
4.066449,79,1750.356735
-0.388805,18,1750.82595
0.255018,21,1751.386155
-1.169106,16,1751.80444
1.253499,30,1752.74358
-0.901196,17,1753.223737
0.447551,22,1753.826712
-0.296447,19,1754.35695
-0.629364,17,1754.796538
-0.05136,20,1755.294644
1.041963,29,1756.015561
-1.48528,15,1756.376799
-1.203105,16,1756.784257
3.022718,60,1758.391699
-1.727866,14,1758.741346
-0.344304,18,1759.202808
-1.088735,16,1759.584184
0.623624,24,1760.194907
-0.371022,19,1760.654175
-1.325657,16,1761.087845
-1.121935,16,1761.57483
-0.454908,19,1762.04928
0.959821,25,1762.666522
-1.904155,14,1763.016501
-0.795758,17,1763.478606
-1.194344,16,1763.914972
-0.035134,20,1764.45308
0.397349,23,1765.07396
2.484946,48,1766.347184
-0.790333,17,1766.797226
-0.38668,19,1767.391014
-1.519543,15,1767.812099
-0.257355,19,1768.323419
-0.792595,16,1768.751146
-0.831244,17,1769.199867
0.248745,21,1769.769164
1.597434,36,1770.862886
-0.317893,19,1771.392019
0.218674,22,1771.991301
0.197145,21,1781.667347
-0.930001,16,1782.093706
-0.58675,18,1782.567439
-0.05445,20,1783.075582
16.584293,176,1787.706722
-0.213111,19,1788.242641
-0.555456,18,1788.821627
0.584281,25,1789.482622
1.03487,26,1790.16673
-0.300493,18,1790.641543
-0.879666,17,1791.079536
-0.318838,19,1791.580822
-0.408136,18,1792.039169
-0.454214,18,1792.515839
1.085448,29,1793.292646
-0.228411,20,1793.817013
0.623384,22,1794.407683
2.718112,61,1796.019086
-0.363854,18,1796.606884
18.142695,176,1801.278971
-0.767399,17,1801.737566
0.480697,24,1802.379441
-0.88421,17,1802.819319
-0.88828,17,1803.261949
-0.159818,19,1803.779212
-1.89567,14,1804.14994
1.834302,41,1805.257606
-0.241799,19,1805.776873
-0.19567,20,1806.361978
0.153541,21,1806.946871
-0.364881,19,1807.561301
-0.142821,19,1808.06319
-1.21846,16,1808.477743
15.576742,176,1812.988022
-1.088254,16,1813.418896
-0.512896,18,1813.894509
0.232169,22,1814.470026
0.483,25,1815.133628
0.667349,22,1815.79527
1.515717,33,1816.841559
-0.45198,18,1817.330985
2.050226,53,1818.729628
1.074672,29,1819.495566
2.015809,37,1820.48507
-0.323122,19,1820.960686
-1.458366,15,1821.333396
-0.235989,19,1821.822398
0.282851,21,1822.38141
-0.669123,17,1822.801848
0.728604,26,1823.441083
0.197217,22,1823.966899
-1.513798,15,1824.337626
0.799873,26,1824.987044
-1.474851,15,1825.529079
-0.851357,17,1825.987576
5.499925,137,1829.321917
0.047773,20,1829.814964
-1.141736,16,1830.208617
-0.494398,18,1830.654476
-0.600099,18,1831.099531
1.346227,31,1831.916339
0.288232,22,1832.484038
-0.073346,20,1833.007944
18.69609,176,1847.212076
1.918192,38,1848.227276
0.231721,21,1848.795383
0.150547,21,1849.375357
-0.457334,19,1849.902723
-0.125639,20,1850.427956
-0.676057,17,1850.893535
-0.960305,17,1851.362887
1.767235,41,1852.573467
-0.177017,20,1853.131969
-0.172314,20,1853.660471
17.810752,176,1858.381931
0.314554,22,1858.960176
-1.248725,16,1859.365188
-0.453871,19,1859.853272
-0.319166,19,1860.339674
0.35894,23,1860.968884
1.587397,37,1862.004627
1.18005,31,1862.837677
-0.538504,18,1863.322703
-1.040773,17,1863.77681
-0.197708,20,1864.402097
-1.509537,15,1864.832614
-0.978906,17,1865.293491
-1.398426,15,1865.684777
0.142522,21,1866.232109
17.283478,176,1870.911538
0.31703,23,1871.518874
16.170042,176,1876.211901
0.189978,22,1876.827266
-1.493859,15,1877.250246
-1.175473,16,1877.696196
-0.149461,19,1878.201901
-0.2346,19,1878.703272
-1.20437,16,1879.16591
0.394695,23,1879.836683
17.493023,176,1884.597559
-0.557169,18,1885.099812
0.678634,26,1885.811757
20.155775,176,1890.543889
-0.516092,18,1890.992811
-0.09684,20,1891.480727
-0.317966,19,1891.95611
18.20598,176,1896.279291
-0.585594,18,1896.714001
-1.144204,16,1897.259454
-0.457892,18,1897.713015
-0.593011,18,1898.152118
15.551683,176,1912.112792
0.115833,22,1912.682591
-0.02167,20,1913.304614
-0.835138,17,1913.783069
15.376972,176,1918.473155
0.359814,22,1919.06075
-1.140701,16,1919.495427
-0.599447,18,1919.959745
17.98912,176,1924.701563
15.352681,176,1929.25553
-1.173492,16,1929.674901
-1.932863,14,1930.024433
16.701419,176,1934.70245
-1.344065,16,1935.125158
-1.493267,15,1935.513685
1.972911,54,1936.964729
0.207654,21,1937.510539
14.215162,176,1942.160074
-1.566145,15,1942.636952
-1.160923,16,1943.06103
14.379908,176,1947.659703
-0.369086,19,1948.176291
-0.320103,19,1948.669952
-1.13475,16,1949.093242
-0.825245,17,1949.550824
0.189844,21,1950.093775
15.50146,176,1955.038732
-1.400511,15,1955.44626
-1.230689,16,1955.861237
-0.292459,19,1956.328352
-0.869209,16,1956.739806
0.00403,21,1957.242577
-0.063287,19,1957.699468
-0.209667,20,1958.181077
-0.442433,18,1958.62604
-1.610639,15,1958.994698
-0.197643,20,1959.466533
-1.662259,15,1959.827502
-1.039196,16,1960.219956
0.1,22,1960.883266
19.574475,176,1974.693006
0.656125,24,1975.305367
17.46118,176,1980.007111
-0.147838,19,1980.522777
-0.80658,17,1980.985966
19.510693,176,1985.596849
15.829123,176,1990.130843
-1.262528,16,1990.533906
15.159532,176,1995.000314
-1.669303,15,1995.396529
14.885345,176,1999.99495
0.436658,24,2000.606623
-1.469326,15,2001.079206
-1.100555,16,2001.497125
-1.619109,15,2001.895149
18.046038,176,2006.449015
-0.660169,18,2006.906111
-0.029632,20,2007.411253
-0.764638,18,2007.879517
16.659756,176,2012.512499
0.008358,21,2013.043547
0.377738,23,2013.640465
-1.051795,16,2014.055548
-0.256197,19,2014.54134
-0.035029,21,2015.213506
-0.360893,19,2015.715784
0.902425,30,2016.494098
0.455443,24,2017.104526
17.099317,176,2021.681885
-1.605896,15,2022.083811
-0.915475,17,2022.518127
0.648916,26,2023.171956
-0.768167,18,2023.635775
-0.218498,20,2024.273592
-0.21364,20,2024.755504
